[INFO] Scanning for projects...
[INFO] 
[INFO] -------------------------< com.Car:Carservice >-------------------------
[INFO] Building Carservice 0.0.1-SNAPSHOT
[INFO]   from pom.xml
[INFO] --------------------------------[ jar ]---------------------------------
[INFO] 
[INFO] >>> spring-boot:3.5.3:run (default-cli) > test-compile @ Carservice >>>
[INFO] 
[INFO] --- resources:3.3.1:resources (default-resources) @ Carservice ---
[INFO] Copying 1 resource from src\main\resources to target\classes
[INFO] Copying 0 resource from src\main\resources to target\classes
[INFO] 
[INFO] --- compiler:3.13.0:compile (default-compile) @ Carservice ---
[INFO] Recompiling the module because of changed source code.
[INFO] Compiling 18 source files with javac [debug parameters release 23] to target\classes
[INFO] /D:/2Kurs/MaksKiano/Carservice/src/main/java/com/Car/Carservice/Security/JwtRequestFilter.java: D:\2Kurs\MaksKiano\Carservice\src\main\java\com\Car\Carservice\Security\JwtRequestFilter.java uses or overrides a deprecated API.
[INFO] /D:/2Kurs/MaksKiano/Carservice/src/main/java/com/Car/Carservice/Security/JwtRequestFilter.java: Recompile with -Xlint:deprecation for details.
[INFO] 
[INFO] --- resources:3.3.1:testResources (default-testResources) @ Carservice ---
[INFO] skip non existing resourceDirectory D:\2Kurs\MaksKiano\Carservice\src\test\resources
[INFO] 
[INFO] --- compiler:3.13.0:testCompile (default-testCompile) @ Carservice ---
[INFO] Recompiling the module because of changed dependency.
[INFO] Compiling 1 source file with javac [debug parameters release 23] to target\test-classes
[INFO] 
[INFO] <<< spring-boot:3.5.3:run (default-cli) < test-compile @ Carservice <<<
[INFO] 
[INFO] 
[INFO] --- spring-boot:3.5.3:run (default-cli) @ Carservice ---
[INFO] Attaching agents: []

  .   ____          _            __ _ _
 /\\ / ___'_ __ _ _(_)_ __  __ _ \ \ \ \
( ( )\___ | '_ | '_| | '_ \/ _` | \ \ \ \
 \\/  ___)| |_)| | | | | || (_| |  ) ) ) )
  '  |____| .__|_| |_|_| |_\__, | / / / /
 =========|_|==============|___/=/_/_/_/

 :: Spring Boot ::                (v3.5.3)

2025-08-06T23:37:12.459+03:00  INFO 14592 --- [Carservice] [           main] c.Car.Carservice.CarserviceApplication   : Starting CarserviceApplication using Java 23 with PID 14592 (D:\2Kurs\MaksKiano\Carservice\target\classes started by semka in D:\2Kurs\MaksKiano\Carservice)
2025-08-06T23:37:12.461+03:00  INFO 14592 --- [Carservice] [           main] c.Car.Carservice.CarserviceApplication   : No active profile set, falling back to 1 default profile: "default"
2025-08-06T23:37:13.061+03:00  INFO 14592 --- [Carservice] [           main] .s.d.r.c.RepositoryConfigurationDelegate : Bootstrapping Spring Data JPA repositories in DEFAULT mode.
2025-08-06T23:37:13.126+03:00  INFO 14592 --- [Carservice] [           main] .s.d.r.c.RepositoryConfigurationDelegate : Finished Spring Data repository scanning in 55 ms. Found 3 JPA repository interfaces.
2025-08-06T23:37:13.597+03:00  INFO 14592 --- [Carservice] [           main] o.s.b.w.embedded.tomcat.TomcatWebServer  : Tomcat initialized with port 8081 (http)
2025-08-06T23:37:13.611+03:00  INFO 14592 --- [Carservice] [           main] o.apache.catalina.core.StandardService   : Starting service [Tomcat]
2025-08-06T23:37:13.611+03:00  INFO 14592 --- [Carservice] [           main] o.apache.catalina.core.StandardEngine    : Starting Servlet engine: [Apache Tomcat/10.1.42]
2025-08-06T23:37:13.666+03:00  INFO 14592 --- [Carservice] [           main] o.a.c.c.C.[Tomcat].[localhost].[/]       : Initializing Spring embedded WebApplicationContext
2025-08-06T23:37:13.667+03:00  INFO 14592 --- [Carservice] [           main] w.s.c.ServletWebServerApplicationContext : Root WebApplicationContext: initialization completed in 1162 ms
2025-08-06T23:37:13.735+03:00  INFO 14592 --- [Carservice] [           main] com.zaxxer.hikari.HikariDataSource       : HikariPool-1 - Starting...
2025-08-06T23:37:13.943+03:00  INFO 14592 --- [Carservice] [           main] com.zaxxer.hikari.pool.HikariPool        : HikariPool-1 - Added connection org.postgresql.jdbc.PgConnection@7a083b96
2025-08-06T23:37:13.944+03:00  INFO 14592 --- [Carservice] [           main] com.zaxxer.hikari.HikariDataSource       : HikariPool-1 - Start completed.
2025-08-06T23:37:13.982+03:00  INFO 14592 --- [Carservice] [           main] o.hibernate.jpa.internal.util.LogHelper  : HHH000204: Processing PersistenceUnitInfo [name: default]
2025-08-06T23:37:14.041+03:00  INFO 14592 --- [Carservice] [           main] org.hibernate.Version                    : HHH000412: Hibernate ORM core version 6.6.18.Final
2025-08-06T23:37:14.091+03:00  INFO 14592 --- [Carservice] [           main] o.h.c.internal.RegionFactoryInitiator    : HHH000026: Second-level cache disabled
2025-08-06T23:37:14.345+03:00  INFO 14592 --- [Carservice] [           main] o.s.o.j.p.SpringPersistenceUnitInfo      : No LoadTimeWeaver setup: ignoring JPA class transformer
2025-08-06T23:37:14.431+03:00  INFO 14592 --- [Carservice] [           main] org.hibernate.orm.connections.pooling    : HHH10001005: Database info:
	Database JDBC URL [Connecting through datasource 'HikariDataSource (HikariPool-1)']
	Database driver: undefined/unknown
	Database version: 17.0
	Autocommit mode: undefined/unknown
	Isolation level: undefined/unknown
	Minimum pool size: undefined/unknown
	Maximum pool size: undefined/unknown
2025-08-06T23:37:15.235+03:00  INFO 14592 --- [Carservice] [           main] o.h.e.t.j.p.i.JtaPlatformInitiator       : HHH000489: No JTA platform available (set 'hibernate.transaction.jta.platform' to enable JTA platform integration)
2025-08-06T23:37:15.238+03:00  INFO 14592 --- [Carservice] [           main] j.LocalContainerEntityManagerFactoryBean : Initialized JPA EntityManagerFactory for persistence unit 'default'
2025-08-06T23:37:15.666+03:00  WARN 14592 --- [Carservice] [           main] JpaBaseConfiguration$JpaWebConfiguration : spring.jpa.open-in-view is enabled by default. Therefore, database queries may be performed during view rendering. Explicitly configure spring.jpa.open-in-view to disable this warning
2025-08-06T23:37:15.828+03:00  INFO 14592 --- [Carservice] [           main] r$InitializeUserDetailsManagerConfigurer : Global AuthenticationManager configured with UserDetailsService bean with name userDetailsServiceImpl
2025-08-06T23:37:16.078+03:00  INFO 14592 --- [Carservice] [           main] o.a.k.clients.admin.AdminClientConfig    : AdminClientConfig values: 
	auto.include.jmx.reporter = true
	bootstrap.servers = [localhost:9092]
	client.dns.lookup = use_all_dns_ips
	client.id = Carservice-admin-0
	connections.max.idle.ms = 300000
	default.api.timeout.ms = 60000
	metadata.max.age.ms = 300000
	metric.reporters = []
	metrics.num.samples = 2
	metrics.recording.level = INFO
	metrics.sample.window.ms = 30000
	receive.buffer.bytes = 65536
	reconnect.backoff.max.ms = 1000
	reconnect.backoff.ms = 50
	request.timeout.ms = 30000
	retries = 2147483647
	retry.backoff.ms = 100
	sasl.client.callback.handler.class = null
	sasl.jaas.config = null
	sasl.kerberos.kinit.cmd = /usr/bin/kinit
	sasl.kerberos.min.time.before.relogin = 60000
	sasl.kerberos.service.name = null
	sasl.kerberos.ticket.renew.jitter = 0.05
	sasl.kerberos.ticket.renew.window.factor = 0.8
	sasl.login.callback.handler.class = null
	sasl.login.class = null
	sasl.login.connect.timeout.ms = null
	sasl.login.read.timeout.ms = null
	sasl.login.refresh.buffer.seconds = 300
	sasl.login.refresh.min.period.seconds = 60
	sasl.login.refresh.window.factor = 0.8
	sasl.login.refresh.window.jitter = 0.05
	sasl.login.retry.backoff.max.ms = 10000
	sasl.login.retry.backoff.ms = 100
	sasl.mechanism = GSSAPI
	sasl.oauthbearer.clock.skew.seconds = 30
	sasl.oauthbearer.expected.audience = null
	sasl.oauthbearer.expected.issuer = null
	sasl.oauthbearer.jwks.endpoint.refresh.ms = 3600000
	sasl.oauthbearer.jwks.endpoint.retry.backoff.max.ms = 10000
	sasl.oauthbearer.jwks.endpoint.retry.backoff.ms = 100
	sasl.oauthbearer.jwks.endpoint.url = null
	sasl.oauthbearer.scope.claim.name = scope
	sasl.oauthbearer.sub.claim.name = sub
	sasl.oauthbearer.token.endpoint.url = null
	security.protocol = PLAINTEXT
	security.providers = null
	send.buffer.bytes = 131072
	socket.connection.setup.timeout.max.ms = 30000
	socket.connection.setup.timeout.ms = 10000
	ssl.cipher.suites = null
	ssl.enabled.protocols = [TLSv1.2, TLSv1.3]
	ssl.endpoint.identification.algorithm = https
	ssl.engine.factory.class = null
	ssl.key.password = null
	ssl.keymanager.algorithm = SunX509
	ssl.keystore.certificate.chain = null
	ssl.keystore.key = null
	ssl.keystore.location = null
	ssl.keystore.password = null
	ssl.keystore.type = JKS
	ssl.protocol = TLSv1.3
	ssl.provider = null
	ssl.secure.random.implementation = null
	ssl.trustmanager.algorithm = PKIX
	ssl.truststore.certificates = null
	ssl.truststore.location = null
	ssl.truststore.password = null
	ssl.truststore.type = JKS

2025-08-06T23:37:16.197+03:00  INFO 14592 --- [Carservice] [           main] o.a.kafka.common.utils.AppInfoParser     : Kafka version: 3.4.1
2025-08-06T23:37:16.197+03:00  INFO 14592 --- [Carservice] [           main] o.a.kafka.common.utils.AppInfoParser     : Kafka commitId: 8a516edc2755df89
2025-08-06T23:37:16.197+03:00  INFO 14592 --- [Carservice] [           main] o.a.kafka.common.utils.AppInfoParser     : Kafka startTimeMs: 1754512636196
2025-08-06T23:37:16.475+03:00  INFO 14592 --- [Carservice] [service-admin-0] o.a.kafka.common.utils.AppInfoParser     : App info kafka.admin.client for Carservice-admin-0 unregistered
2025-08-06T23:37:16.478+03:00  INFO 14592 --- [Carservice] [service-admin-0] o.apache.kafka.common.metrics.Metrics    : Metrics scheduler closed
2025-08-06T23:37:16.478+03:00  INFO 14592 --- [Carservice] [service-admin-0] o.apache.kafka.common.metrics.Metrics    : Closing reporter org.apache.kafka.common.metrics.JmxReporter
2025-08-06T23:37:16.478+03:00  INFO 14592 --- [Carservice] [service-admin-0] o.apache.kafka.common.metrics.Metrics    : Metrics reporters closed
2025-08-06T23:37:16.489+03:00  INFO 14592 --- [Carservice] [           main] o.s.b.w.embedded.tomcat.TomcatWebServer  : Tomcat started on port 8081 (http) with context path '/'
2025-08-06T23:37:16.495+03:00  INFO 14592 --- [Carservice] [           main] c.Car.Carservice.CarserviceApplication   : Started CarserviceApplication in 4.5 seconds (process running for 4.846)
2025-08-06T23:38:28.640+03:00  INFO 14592 --- [Carservice] [nio-8081-exec-2] o.a.c.c.C.[Tomcat].[localhost].[/]       : Initializing Spring DispatcherServlet 'dispatcherServlet'
2025-08-06T23:38:28.644+03:00  INFO 14592 --- [Carservice] [nio-8081-exec-2] o.s.web.servlet.DispatcherServlet        : Initializing Servlet 'dispatcherServlet'
2025-08-06T23:38:28.678+03:00  INFO 14592 --- [Carservice] [nio-8081-exec-2] o.s.web.servlet.DispatcherServlet        : Completed initialization in 33 ms
2025-08-06T23:39:34.414+03:00  INFO 14592 --- [Carservice] [nio-8081-exec-4] o.a.k.clients.producer.ProducerConfig    : ProducerConfig values: 
	acks = -1
	auto.include.jmx.reporter = true
	batch.size = 16384
	bootstrap.servers = [localhost:9092]
	buffer.memory = 33554432
	client.dns.lookup = use_all_dns_ips
	client.id = Carservice-producer-1
	compression.type = none
	connections.max.idle.ms = 540000
	delivery.timeout.ms = 120000
	enable.idempotence = true
	interceptor.classes = []
	key.serializer = class org.apache.kafka.common.serialization.StringSerializer
	linger.ms = 0
	max.block.ms = 60000
	max.in.flight.requests.per.connection = 5
	max.request.size = 1048576
	metadata.max.age.ms = 300000
	metadata.max.idle.ms = 300000
	metric.reporters = []
	metrics.num.samples = 2
	metrics.recording.level = INFO
	metrics.sample.window.ms = 30000
	partitioner.adaptive.partitioning.enable = true
	partitioner.availability.timeout.ms = 0
	partitioner.class = null
	partitioner.ignore.keys = false
	receive.buffer.bytes = 32768
	reconnect.backoff.max.ms = 1000
	reconnect.backoff.ms = 50
	request.timeout.ms = 30000
	retries = 2147483647
	retry.backoff.ms = 100
	sasl.client.callback.handler.class = null
	sasl.jaas.config = null
	sasl.kerberos.kinit.cmd = /usr/bin/kinit
	sasl.kerberos.min.time.before.relogin = 60000
	sasl.kerberos.service.name = null
	sasl.kerberos.ticket.renew.jitter = 0.05
	sasl.kerberos.ticket.renew.window.factor = 0.8
	sasl.login.callback.handler.class = null
	sasl.login.class = null
	sasl.login.connect.timeout.ms = null
	sasl.login.read.timeout.ms = null
	sasl.login.refresh.buffer.seconds = 300
	sasl.login.refresh.min.period.seconds = 60
	sasl.login.refresh.window.factor = 0.8
	sasl.login.refresh.window.jitter = 0.05
	sasl.login.retry.backoff.max.ms = 10000
	sasl.login.retry.backoff.ms = 100
	sasl.mechanism = GSSAPI
	sasl.oauthbearer.clock.skew.seconds = 30
	sasl.oauthbearer.expected.audience = null
	sasl.oauthbearer.expected.issuer = null
	sasl.oauthbearer.jwks.endpoint.refresh.ms = 3600000
	sasl.oauthbearer.jwks.endpoint.retry.backoff.max.ms = 10000
	sasl.oauthbearer.jwks.endpoint.retry.backoff.ms = 100
	sasl.oauthbearer.jwks.endpoint.url = null
	sasl.oauthbearer.scope.claim.name = scope
	sasl.oauthbearer.sub.claim.name = sub
	sasl.oauthbearer.token.endpoint.url = null
	security.protocol = PLAINTEXT
	security.providers = null
	send.buffer.bytes = 131072
	socket.connection.setup.timeout.max.ms = 30000
	socket.connection.setup.timeout.ms = 10000
	ssl.cipher.suites = null
	ssl.enabled.protocols = [TLSv1.2, TLSv1.3]
	ssl.endpoint.identification.algorithm = https
	ssl.engine.factory.class = null
	ssl.key.password = null
	ssl.keymanager.algorithm = SunX509
	ssl.keystore.certificate.chain = null
	ssl.keystore.key = null
	ssl.keystore.location = null
	ssl.keystore.password = null
	ssl.keystore.type = JKS
	ssl.protocol = TLSv1.3
	ssl.provider = null
	ssl.secure.random.implementation = null
	ssl.trustmanager.algorithm = PKIX
	ssl.truststore.certificates = null
	ssl.truststore.location = null
	ssl.truststore.password = null
	ssl.truststore.type = JKS
	transaction.timeout.ms = 60000
	transactional.id = null
	value.serializer = class org.springframework.kafka.support.serializer.JsonSerializer

2025-08-06T23:39:34.434+03:00  INFO 14592 --- [Carservice] [nio-8081-exec-4] o.a.k.clients.producer.KafkaProducer     : [Producer clientId=Carservice-producer-1] Instantiated an idempotent producer.
2025-08-06T23:39:34.459+03:00  INFO 14592 --- [Carservice] [nio-8081-exec-4] o.a.kafka.common.utils.AppInfoParser     : Kafka version: 3.4.1
2025-08-06T23:39:34.459+03:00  INFO 14592 --- [Carservice] [nio-8081-exec-4] o.a.kafka.common.utils.AppInfoParser     : Kafka commitId: 8a516edc2755df89
2025-08-06T23:39:34.459+03:00  INFO 14592 --- [Carservice] [nio-8081-exec-4] o.a.kafka.common.utils.AppInfoParser     : Kafka startTimeMs: 1754512774459
2025-08-06T23:39:34.472+03:00  INFO 14592 --- [Carservice] [vice-producer-1] org.apache.kafka.clients.Metadata        : [Producer clientId=Carservice-producer-1] Resetting the last seen epoch of partition Cars-0 to 0 since the associated topicId changed from null to 1ss48VHoQIa3MHFZm9O2Cg
2025-08-06T23:39:34.474+03:00  INFO 14592 --- [Carservice] [vice-producer-1] org.apache.kafka.clients.Metadata        : [Producer clientId=Carservice-producer-1] Cluster ID: EB_B3F22RRCf8pNCU739rA
2025-08-06T23:39:34.474+03:00  INFO 14592 --- [Carservice] [vice-producer-1] o.a.k.c.p.internals.TransactionManager   : [Producer clientId=Carservice-producer-1] ProducerId set to 7001 with epoch 0
[INFO] ------------------------------------------------------------------------
[INFO] BUILD FAILURE
[INFO] ------------------------------------------------------------------------
[INFO] Total time:  05:24 min
[INFO] Finished at: 2025-08-06T23:42:30+03:00
[INFO] ------------------------------------------------------------------------
[ERROR] Failed to execute goal org.springframework.boot:spring-boot-maven-plugin:3.5.3:run (default-cli) on project Carservice: Process terminated with exit code: 1 -> [Help 1]
[ERROR] 
[ERROR] To see the full stack trace of the errors, re-run Maven with the -e switch.
[ERROR] Re-run Maven using the -X switch to enable full debug logging.
[ERROR] 
[ERROR] For more information about the errors and possible solutions, please read the following articles:
[ERROR] [Help 1] http://cwiki.apache.org/confluence/display/MAVEN/MojoExecutionException
[INFO] Scanning for projects...
[INFO] 
[INFO] -------------------------< com.Car:Carservice >-------------------------
[INFO] Building Carservice 0.0.1-SNAPSHOT
[INFO]   from pom.xml
[INFO] --------------------------------[ jar ]---------------------------------
[INFO] 
[INFO] >>> spring-boot:3.5.3:run (default-cli) > test-compile @ Carservice >>>
[INFO] 
[INFO] --- resources:3.3.1:resources (default-resources) @ Carservice ---
[INFO] Copying 1 resource from src\main\resources to target\classes
[INFO] Copying 0 resource from src\main\resources to target\classes
[INFO] 
[INFO] --- compiler:3.13.0:compile (default-compile) @ Carservice ---
[INFO] Recompiling the module because of changed source code.
[INFO] Compiling 18 source files with javac [debug parameters release 23] to target\classes
[INFO] /D:/2Kurs/MaksKiano/Carservice/src/main/java/com/Car/Carservice/Security/JwtRequestFilter.java: D:\2Kurs\MaksKiano\Carservice\src\main\java\com\Car\Carservice\Security\JwtRequestFilter.java uses or overrides a deprecated API.
[INFO] /D:/2Kurs/MaksKiano/Carservice/src/main/java/com/Car/Carservice/Security/JwtRequestFilter.java: Recompile with -Xlint:deprecation for details.
[INFO] 
[INFO] --- resources:3.3.1:testResources (default-testResources) @ Carservice ---
[INFO] skip non existing resourceDirectory D:\2Kurs\MaksKiano\Carservice\src\test\resources
[INFO] 
[INFO] --- compiler:3.13.0:testCompile (default-testCompile) @ Carservice ---
[INFO] Recompiling the module because of changed dependency.
[INFO] Compiling 1 source file with javac [debug parameters release 23] to target\test-classes
[INFO] 
[INFO] <<< spring-boot:3.5.3:run (default-cli) < test-compile @ Carservice <<<
[INFO] 
[INFO] 
[INFO] --- spring-boot:3.5.3:run (default-cli) @ Carservice ---
[INFO] Attaching agents: []

  .   ____          _            __ _ _
 /\\ / ___'_ __ _ _(_)_ __  __ _ \ \ \ \
( ( )\___ | '_ | '_| | '_ \/ _` | \ \ \ \
 \\/  ___)| |_)| | | | | || (_| |  ) ) ) )
  '  |____| .__|_| |_|_| |_\__, | / / / /
 =========|_|==============|___/=/_/_/_/

 :: Spring Boot ::                (v3.5.3)

2025-08-11T21:43:22.209+03:00  INFO 19100 --- [Carservice] [           main] c.Car.Carservice.CarserviceApplication   : Starting CarserviceApplication using Java 23 with PID 19100 (D:\2Kurs\MaksKiano\Carservice\target\classes started by semka in D:\2Kurs\MaksKiano\Carservice)
2025-08-11T21:43:22.214+03:00  INFO 19100 --- [Carservice] [           main] c.Car.Carservice.CarserviceApplication   : No active profile set, falling back to 1 default profile: "default"
2025-08-11T21:43:23.454+03:00  INFO 19100 --- [Carservice] [           main] .s.d.r.c.RepositoryConfigurationDelegate : Bootstrapping Spring Data JPA repositories in DEFAULT mode.
2025-08-11T21:43:23.569+03:00  INFO 19100 --- [Carservice] [           main] .s.d.r.c.RepositoryConfigurationDelegate : Finished Spring Data repository scanning in 97 ms. Found 3 JPA repository interfaces.
2025-08-11T21:43:24.561+03:00  INFO 19100 --- [Carservice] [           main] o.s.b.w.embedded.tomcat.TomcatWebServer  : Tomcat initialized with port 8081 (http)
2025-08-11T21:43:24.586+03:00  INFO 19100 --- [Carservice] [           main] o.apache.catalina.core.StandardService   : Starting service [Tomcat]
2025-08-11T21:43:24.587+03:00  INFO 19100 --- [Carservice] [           main] o.apache.catalina.core.StandardEngine    : Starting Servlet engine: [Apache Tomcat/10.1.42]
2025-08-11T21:43:24.708+03:00  INFO 19100 --- [Carservice] [           main] o.a.c.c.C.[Tomcat].[localhost].[/]       : Initializing Spring embedded WebApplicationContext
2025-08-11T21:43:24.710+03:00  INFO 19100 --- [Carservice] [           main] w.s.c.ServletWebServerApplicationContext : Root WebApplicationContext: initialization completed in 2396 ms
2025-08-11T21:43:24.861+03:00  INFO 19100 --- [Carservice] [           main] com.zaxxer.hikari.HikariDataSource       : HikariPool-1 - Starting...
2025-08-11T21:43:25.154+03:00  INFO 19100 --- [Carservice] [           main] com.zaxxer.hikari.pool.HikariPool        : HikariPool-1 - Added connection org.postgresql.jdbc.PgConnection@1e1237ab
2025-08-11T21:43:25.157+03:00  INFO 19100 --- [Carservice] [           main] com.zaxxer.hikari.HikariDataSource       : HikariPool-1 - Start completed.
2025-08-11T21:43:25.239+03:00  INFO 19100 --- [Carservice] [           main] o.hibernate.jpa.internal.util.LogHelper  : HHH000204: Processing PersistenceUnitInfo [name: default]
2025-08-11T21:43:25.389+03:00  INFO 19100 --- [Carservice] [           main] org.hibernate.Version                    : HHH000412: Hibernate ORM core version 6.6.18.Final
2025-08-11T21:43:25.498+03:00  INFO 19100 --- [Carservice] [           main] o.h.c.internal.RegionFactoryInitiator    : HHH000026: Second-level cache disabled
2025-08-11T21:43:26.020+03:00  INFO 19100 --- [Carservice] [           main] o.s.o.j.p.SpringPersistenceUnitInfo      : No LoadTimeWeaver setup: ignoring JPA class transformer
2025-08-11T21:43:26.176+03:00  INFO 19100 --- [Carservice] [           main] org.hibernate.orm.connections.pooling    : HHH10001005: Database info:
	Database JDBC URL [Connecting through datasource 'HikariDataSource (HikariPool-1)']
	Database driver: undefined/unknown
	Database version: 17.0
	Autocommit mode: undefined/unknown
	Isolation level: undefined/unknown
	Minimum pool size: undefined/unknown
	Maximum pool size: undefined/unknown
2025-08-11T21:43:27.854+03:00  INFO 19100 --- [Carservice] [           main] o.h.e.t.j.p.i.JtaPlatformInitiator       : HHH000489: No JTA platform available (set 'hibernate.transaction.jta.platform' to enable JTA platform integration)
2025-08-11T21:43:27.860+03:00  INFO 19100 --- [Carservice] [           main] j.LocalContainerEntityManagerFactoryBean : Initialized JPA EntityManagerFactory for persistence unit 'default'
2025-08-11T21:43:28.726+03:00  WARN 19100 --- [Carservice] [           main] JpaBaseConfiguration$JpaWebConfiguration : spring.jpa.open-in-view is enabled by default. Therefore, database queries may be performed during view rendering. Explicitly configure spring.jpa.open-in-view to disable this warning
2025-08-11T21:43:29.059+03:00  INFO 19100 --- [Carservice] [           main] r$InitializeUserDetailsManagerConfigurer : Global AuthenticationManager configured with UserDetailsService bean with name userDetailsServiceImpl
2025-08-11T21:43:29.942+03:00  INFO 19100 --- [Carservice] [           main] o.a.k.clients.admin.AdminClientConfig    : AdminClientConfig values: 
	auto.include.jmx.reporter = true
	bootstrap.servers = [localhost:9092]
	client.dns.lookup = use_all_dns_ips
	client.id = Carservice-admin-0
	connections.max.idle.ms = 300000
	default.api.timeout.ms = 60000
	metadata.max.age.ms = 300000
	metric.reporters = []
	metrics.num.samples = 2
	metrics.recording.level = INFO
	metrics.sample.window.ms = 30000
	receive.buffer.bytes = 65536
	reconnect.backoff.max.ms = 1000
	reconnect.backoff.ms = 50
	request.timeout.ms = 30000
	retries = 2147483647
	retry.backoff.ms = 100
	sasl.client.callback.handler.class = null
	sasl.jaas.config = null
	sasl.kerberos.kinit.cmd = /usr/bin/kinit
	sasl.kerberos.min.time.before.relogin = 60000
	sasl.kerberos.service.name = null
	sasl.kerberos.ticket.renew.jitter = 0.05
	sasl.kerberos.ticket.renew.window.factor = 0.8
	sasl.login.callback.handler.class = null
	sasl.login.class = null
	sasl.login.connect.timeout.ms = null
	sasl.login.read.timeout.ms = null
	sasl.login.refresh.buffer.seconds = 300
	sasl.login.refresh.min.period.seconds = 60
	sasl.login.refresh.window.factor = 0.8
	sasl.login.refresh.window.jitter = 0.05
	sasl.login.retry.backoff.max.ms = 10000
	sasl.login.retry.backoff.ms = 100
	sasl.mechanism = GSSAPI
	sasl.oauthbearer.clock.skew.seconds = 30
	sasl.oauthbearer.expected.audience = null
	sasl.oauthbearer.expected.issuer = null
	sasl.oauthbearer.jwks.endpoint.refresh.ms = 3600000
	sasl.oauthbearer.jwks.endpoint.retry.backoff.max.ms = 10000
	sasl.oauthbearer.jwks.endpoint.retry.backoff.ms = 100
	sasl.oauthbearer.jwks.endpoint.url = null
	sasl.oauthbearer.scope.claim.name = scope
	sasl.oauthbearer.sub.claim.name = sub
	sasl.oauthbearer.token.endpoint.url = null
	security.protocol = PLAINTEXT
	security.providers = null
	send.buffer.bytes = 131072
	socket.connection.setup.timeout.max.ms = 30000
	socket.connection.setup.timeout.ms = 10000
	ssl.cipher.suites = null
	ssl.enabled.protocols = [TLSv1.2, TLSv1.3]
	ssl.endpoint.identification.algorithm = https
	ssl.engine.factory.class = null
	ssl.key.password = null
	ssl.keymanager.algorithm = SunX509
	ssl.keystore.certificate.chain = null
	ssl.keystore.key = null
	ssl.keystore.location = null
	ssl.keystore.password = null
	ssl.keystore.type = JKS
	ssl.protocol = TLSv1.3
	ssl.provider = null
	ssl.secure.random.implementation = null
	ssl.trustmanager.algorithm = PKIX
	ssl.truststore.certificates = null
	ssl.truststore.location = null
	ssl.truststore.password = null
	ssl.truststore.type = JKS

2025-08-11T21:43:30.270+03:00  INFO 19100 --- [Carservice] [           main] o.a.kafka.common.utils.AppInfoParser     : Kafka version: 3.4.1
2025-08-11T21:43:30.270+03:00  INFO 19100 --- [Carservice] [           main] o.a.kafka.common.utils.AppInfoParser     : Kafka commitId: 8a516edc2755df89
2025-08-11T21:43:30.270+03:00  INFO 19100 --- [Carservice] [           main] o.a.kafka.common.utils.AppInfoParser     : Kafka startTimeMs: 1754937810267
2025-08-11T21:43:30.948+03:00  INFO 19100 --- [Carservice] [service-admin-0] o.a.kafka.common.utils.AppInfoParser     : App info kafka.admin.client for Carservice-admin-0 unregistered
2025-08-11T21:43:30.958+03:00  INFO 19100 --- [Carservice] [service-admin-0] o.apache.kafka.common.metrics.Metrics    : Metrics scheduler closed
2025-08-11T21:43:30.958+03:00  INFO 19100 --- [Carservice] [service-admin-0] o.apache.kafka.common.metrics.Metrics    : Closing reporter org.apache.kafka.common.metrics.JmxReporter
2025-08-11T21:43:30.959+03:00  INFO 19100 --- [Carservice] [service-admin-0] o.apache.kafka.common.metrics.Metrics    : Metrics reporters closed
2025-08-11T21:43:30.986+03:00  INFO 19100 --- [Carservice] [           main] o.s.b.w.embedded.tomcat.TomcatWebServer  : Tomcat started on port 8081 (http) with context path '/'
2025-08-11T21:43:31.000+03:00  INFO 19100 --- [Carservice] [           main] c.Car.Carservice.CarserviceApplication   : Started CarserviceApplication in 9.583 seconds (process running for 10.266)
2025-08-11T21:49:25.837+03:00  INFO 19100 --- [Carservice] [nio-8081-exec-2] o.a.c.c.C.[Tomcat].[localhost].[/]       : Initializing Spring DispatcherServlet 'dispatcherServlet'
2025-08-11T21:49:25.846+03:00  INFO 19100 --- [Carservice] [nio-8081-exec-2] o.s.web.servlet.DispatcherServlet        : Initializing Servlet 'dispatcherServlet'
2025-08-11T21:49:25.917+03:00  INFO 19100 --- [Carservice] [nio-8081-exec-2] o.s.web.servlet.DispatcherServlet        : Completed initialization in 67 ms
2025-08-11T21:50:34.896+03:00  INFO 19100 --- [Carservice] [nio-8081-exec-5] o.a.k.clients.producer.ProducerConfig    : ProducerConfig values: 
	acks = -1
	auto.include.jmx.reporter = true
	batch.size = 16384
	bootstrap.servers = [localhost:9092]
	buffer.memory = 33554432
	client.dns.lookup = use_all_dns_ips
	client.id = Carservice-producer-1
	compression.type = none
	connections.max.idle.ms = 540000
	delivery.timeout.ms = 120000
	enable.idempotence = true
	interceptor.classes = []
	key.serializer = class org.apache.kafka.common.serialization.StringSerializer
	linger.ms = 0
	max.block.ms = 60000
	max.in.flight.requests.per.connection = 5
	max.request.size = 1048576
	metadata.max.age.ms = 300000
	metadata.max.idle.ms = 300000
	metric.reporters = []
	metrics.num.samples = 2
	metrics.recording.level = INFO
	metrics.sample.window.ms = 30000
	partitioner.adaptive.partitioning.enable = true
	partitioner.availability.timeout.ms = 0
	partitioner.class = null
	partitioner.ignore.keys = false
	receive.buffer.bytes = 32768
	reconnect.backoff.max.ms = 1000
	reconnect.backoff.ms = 50
	request.timeout.ms = 30000
	retries = 2147483647
	retry.backoff.ms = 100
	sasl.client.callback.handler.class = null
	sasl.jaas.config = null
	sasl.kerberos.kinit.cmd = /usr/bin/kinit
	sasl.kerberos.min.time.before.relogin = 60000
	sasl.kerberos.service.name = null
	sasl.kerberos.ticket.renew.jitter = 0.05
	sasl.kerberos.ticket.renew.window.factor = 0.8
	sasl.login.callback.handler.class = null
	sasl.login.class = null
	sasl.login.connect.timeout.ms = null
	sasl.login.read.timeout.ms = null
	sasl.login.refresh.buffer.seconds = 300
	sasl.login.refresh.min.period.seconds = 60
	sasl.login.refresh.window.factor = 0.8
	sasl.login.refresh.window.jitter = 0.05
	sasl.login.retry.backoff.max.ms = 10000
	sasl.login.retry.backoff.ms = 100
	sasl.mechanism = GSSAPI
	sasl.oauthbearer.clock.skew.seconds = 30
	sasl.oauthbearer.expected.audience = null
	sasl.oauthbearer.expected.issuer = null
	sasl.oauthbearer.jwks.endpoint.refresh.ms = 3600000
	sasl.oauthbearer.jwks.endpoint.retry.backoff.max.ms = 10000
	sasl.oauthbearer.jwks.endpoint.retry.backoff.ms = 100
	sasl.oauthbearer.jwks.endpoint.url = null
	sasl.oauthbearer.scope.claim.name = scope
	sasl.oauthbearer.sub.claim.name = sub
	sasl.oauthbearer.token.endpoint.url = null
	security.protocol = PLAINTEXT
	security.providers = null
	send.buffer.bytes = 131072
	socket.connection.setup.timeout.max.ms = 30000
	socket.connection.setup.timeout.ms = 10000
	ssl.cipher.suites = null
	ssl.enabled.protocols = [TLSv1.2, TLSv1.3]
	ssl.endpoint.identification.algorithm = https
	ssl.engine.factory.class = null
	ssl.key.password = null
	ssl.keymanager.algorithm = SunX509
	ssl.keystore.certificate.chain = null
	ssl.keystore.key = null
	ssl.keystore.location = null
	ssl.keystore.password = null
	ssl.keystore.type = JKS
	ssl.protocol = TLSv1.3
	ssl.provider = null
	ssl.secure.random.implementation = null
	ssl.trustmanager.algorithm = PKIX
	ssl.truststore.certificates = null
	ssl.truststore.location = null
	ssl.truststore.password = null
	ssl.truststore.type = JKS
	transaction.timeout.ms = 60000
	transactional.id = null
	value.serializer = class org.springframework.kafka.support.serializer.JsonSerializer

2025-08-11T21:50:34.924+03:00  INFO 19100 --- [Carservice] [nio-8081-exec-5] o.a.k.clients.producer.KafkaProducer     : [Producer clientId=Carservice-producer-1] Instantiated an idempotent producer.
2025-08-11T21:50:34.959+03:00  INFO 19100 --- [Carservice] [nio-8081-exec-5] o.a.kafka.common.utils.AppInfoParser     : Kafka version: 3.4.1
2025-08-11T21:50:34.960+03:00  INFO 19100 --- [Carservice] [nio-8081-exec-5] o.a.kafka.common.utils.AppInfoParser     : Kafka commitId: 8a516edc2755df89
2025-08-11T21:50:34.960+03:00  INFO 19100 --- [Carservice] [nio-8081-exec-5] o.a.kafka.common.utils.AppInfoParser     : Kafka startTimeMs: 1754938234959
2025-08-11T21:50:34.968+03:00  INFO 19100 --- [Carservice] [vice-producer-1] org.apache.kafka.clients.NetworkClient   : [Producer clientId=Carservice-producer-1] Node -1 disconnected.
2025-08-11T21:50:34.969+03:00  WARN 19100 --- [Carservice] [vice-producer-1] org.apache.kafka.clients.NetworkClient   : [Producer clientId=Carservice-producer-1] Connection to node -1 (localhost/127.0.0.1:9092) could not be established. Broker may not be available.
2025-08-11T21:50:34.970+03:00  WARN 19100 --- [Carservice] [vice-producer-1] org.apache.kafka.clients.NetworkClient   : [Producer clientId=Carservice-producer-1] Bootstrap broker localhost:9092 (id: -1 rack: null) disconnected
2025-08-11T21:50:35.078+03:00  INFO 19100 --- [Carservice] [vice-producer-1] org.apache.kafka.clients.NetworkClient   : [Producer clientId=Carservice-producer-1] Node -1 disconnected.
2025-08-11T21:50:35.079+03:00  WARN 19100 --- [Carservice] [vice-producer-1] org.apache.kafka.clients.NetworkClient   : [Producer clientId=Carservice-producer-1] Connection to node -1 (localhost/127.0.0.1:9092) could not be established. Broker may not be available.
2025-08-11T21:50:35.079+03:00  WARN 19100 --- [Carservice] [vice-producer-1] org.apache.kafka.clients.NetworkClient   : [Producer clientId=Carservice-producer-1] Bootstrap broker localhost:9092 (id: -1 rack: null) disconnected
2025-08-11T21:50:35.186+03:00  INFO 19100 --- [Carservice] [vice-producer-1] org.apache.kafka.clients.NetworkClient   : [Producer clientId=Carservice-producer-1] Node -1 disconnected.
2025-08-11T21:50:35.187+03:00  WARN 19100 --- [Carservice] [vice-producer-1] org.apache.kafka.clients.NetworkClient   : [Producer clientId=Carservice-producer-1] Connection to node -1 (localhost/127.0.0.1:9092) could not be established. Broker may not be available.
2025-08-11T21:50:35.187+03:00  WARN 19100 --- [Carservice] [vice-producer-1] org.apache.kafka.clients.NetworkClient   : [Producer clientId=Carservice-producer-1] Bootstrap broker localhost:9092 (id: -1 rack: null) disconnected
2025-08-11T21:50:35.483+03:00  INFO 19100 --- [Carservice] [vice-producer-1] org.apache.kafka.clients.NetworkClient   : [Producer clientId=Carservice-producer-1] Node -1 disconnected.
2025-08-11T21:50:35.484+03:00  WARN 19100 --- [Carservice] [vice-producer-1] org.apache.kafka.clients.NetworkClient   : [Producer clientId=Carservice-producer-1] Connection to node -1 (localhost/127.0.0.1:9092) could not be established. Broker may not be available.
2025-08-11T21:50:35.484+03:00  WARN 19100 --- [Carservice] [vice-producer-1] org.apache.kafka.clients.NetworkClient   : [Producer clientId=Carservice-producer-1] Bootstrap broker localhost:9092 (id: -1 rack: null) disconnected
2025-08-11T21:50:35.962+03:00  INFO 19100 --- [Carservice] [vice-producer-1] org.apache.kafka.clients.NetworkClient   : [Producer clientId=Carservice-producer-1] Node -1 disconnected.
2025-08-11T21:50:35.963+03:00  WARN 19100 --- [Carservice] [vice-producer-1] org.apache.kafka.clients.NetworkClient   : [Producer clientId=Carservice-producer-1] Connection to node -1 (localhost/127.0.0.1:9092) could not be established. Broker may not be available.
2025-08-11T21:50:35.963+03:00  WARN 19100 --- [Carservice] [vice-producer-1] org.apache.kafka.clients.NetworkClient   : [Producer clientId=Carservice-producer-1] Bootstrap broker localhost:9092 (id: -1 rack: null) disconnected
2025-08-11T21:50:36.876+03:00  INFO 19100 --- [Carservice] [vice-producer-1] org.apache.kafka.clients.NetworkClient   : [Producer clientId=Carservice-producer-1] Node -1 disconnected.
2025-08-11T21:50:36.877+03:00  WARN 19100 --- [Carservice] [vice-producer-1] org.apache.kafka.clients.NetworkClient   : [Producer clientId=Carservice-producer-1] Connection to node -1 (localhost/127.0.0.1:9092) could not be established. Broker may not be available.
2025-08-11T21:50:36.877+03:00  WARN 19100 --- [Carservice] [vice-producer-1] org.apache.kafka.clients.NetworkClient   : [Producer clientId=Carservice-producer-1] Bootstrap broker localhost:9092 (id: -1 rack: null) disconnected
2025-08-11T21:50:37.800+03:00  INFO 19100 --- [Carservice] [vice-producer-1] org.apache.kafka.clients.NetworkClient   : [Producer clientId=Carservice-producer-1] Node -1 disconnected.
2025-08-11T21:50:37.801+03:00  WARN 19100 --- [Carservice] [vice-producer-1] org.apache.kafka.clients.NetworkClient   : [Producer clientId=Carservice-producer-1] Connection to node -1 (localhost/127.0.0.1:9092) could not be established. Broker may not be available.
2025-08-11T21:50:37.801+03:00  WARN 19100 --- [Carservice] [vice-producer-1] org.apache.kafka.clients.NetworkClient   : [Producer clientId=Carservice-producer-1] Bootstrap broker localhost:9092 (id: -1 rack: null) disconnected
2025-08-11T21:50:38.960+03:00  INFO 19100 --- [Carservice] [vice-producer-1] org.apache.kafka.clients.NetworkClient   : [Producer clientId=Carservice-producer-1] Node -1 disconnected.
2025-08-11T21:50:38.961+03:00  WARN 19100 --- [Carservice] [vice-producer-1] org.apache.kafka.clients.NetworkClient   : [Producer clientId=Carservice-producer-1] Connection to node -1 (localhost/127.0.0.1:9092) could not be established. Broker may not be available.
2025-08-11T21:50:38.961+03:00  WARN 19100 --- [Carservice] [vice-producer-1] org.apache.kafka.clients.NetworkClient   : [Producer clientId=Carservice-producer-1] Bootstrap broker localhost:9092 (id: -1 rack: null) disconnected
2025-08-11T21:50:40.057+03:00  INFO 19100 --- [Carservice] [vice-producer-1] org.apache.kafka.clients.NetworkClient   : [Producer clientId=Carservice-producer-1] Node -1 disconnected.
2025-08-11T21:50:40.057+03:00  WARN 19100 --- [Carservice] [vice-producer-1] org.apache.kafka.clients.NetworkClient   : [Producer clientId=Carservice-producer-1] Connection to node -1 (localhost/127.0.0.1:9092) could not be established. Broker may not be available.
2025-08-11T21:50:40.057+03:00  WARN 19100 --- [Carservice] [vice-producer-1] org.apache.kafka.clients.NetworkClient   : [Producer clientId=Carservice-producer-1] Bootstrap broker localhost:9092 (id: -1 rack: null) disconnected
2025-08-11T21:50:41.089+03:00  INFO 19100 --- [Carservice] [vice-producer-1] org.apache.kafka.clients.NetworkClient   : [Producer clientId=Carservice-producer-1] Node -1 disconnected.
2025-08-11T21:50:41.089+03:00  WARN 19100 --- [Carservice] [vice-producer-1] org.apache.kafka.clients.NetworkClient   : [Producer clientId=Carservice-producer-1] Connection to node -1 (localhost/127.0.0.1:9092) could not be established. Broker may not be available.
2025-08-11T21:50:41.089+03:00  WARN 19100 --- [Carservice] [vice-producer-1] org.apache.kafka.clients.NetworkClient   : [Producer clientId=Carservice-producer-1] Bootstrap broker localhost:9092 (id: -1 rack: null) disconnected
2025-08-11T21:50:42.249+03:00  INFO 19100 --- [Carservice] [vice-producer-1] org.apache.kafka.clients.NetworkClient   : [Producer clientId=Carservice-producer-1] Node -1 disconnected.
2025-08-11T21:50:42.249+03:00  WARN 19100 --- [Carservice] [vice-producer-1] org.apache.kafka.clients.NetworkClient   : [Producer clientId=Carservice-producer-1] Connection to node -1 (localhost/127.0.0.1:9092) could not be established. Broker may not be available.
2025-08-11T21:50:42.249+03:00  WARN 19100 --- [Carservice] [vice-producer-1] org.apache.kafka.clients.NetworkClient   : [Producer clientId=Carservice-producer-1] Bootstrap broker localhost:9092 (id: -1 rack: null) disconnected
2025-08-11T21:50:43.284+03:00  INFO 19100 --- [Carservice] [vice-producer-1] org.apache.kafka.clients.NetworkClient   : [Producer clientId=Carservice-producer-1] Node -1 disconnected.
2025-08-11T21:50:43.285+03:00  WARN 19100 --- [Carservice] [vice-producer-1] org.apache.kafka.clients.NetworkClient   : [Producer clientId=Carservice-producer-1] Connection to node -1 (localhost/127.0.0.1:9092) could not be established. Broker may not be available.
2025-08-11T21:50:43.285+03:00  WARN 19100 --- [Carservice] [vice-producer-1] org.apache.kafka.clients.NetworkClient   : [Producer clientId=Carservice-producer-1] Bootstrap broker localhost:9092 (id: -1 rack: null) disconnected
2025-08-11T21:50:44.506+03:00  INFO 19100 --- [Carservice] [vice-producer-1] org.apache.kafka.clients.NetworkClient   : [Producer clientId=Carservice-producer-1] Node -1 disconnected.
2025-08-11T21:50:44.507+03:00  WARN 19100 --- [Carservice] [vice-producer-1] org.apache.kafka.clients.NetworkClient   : [Producer clientId=Carservice-producer-1] Connection to node -1 (localhost/127.0.0.1:9092) could not be established. Broker may not be available.
2025-08-11T21:50:44.507+03:00  WARN 19100 --- [Carservice] [vice-producer-1] org.apache.kafka.clients.NetworkClient   : [Producer clientId=Carservice-producer-1] Bootstrap broker localhost:9092 (id: -1 rack: null) disconnected
2025-08-11T21:50:45.719+03:00  INFO 19100 --- [Carservice] [vice-producer-1] org.apache.kafka.clients.NetworkClient   : [Producer clientId=Carservice-producer-1] Node -1 disconnected.
2025-08-11T21:50:45.720+03:00  WARN 19100 --- [Carservice] [vice-producer-1] org.apache.kafka.clients.NetworkClient   : [Producer clientId=Carservice-producer-1] Connection to node -1 (localhost/127.0.0.1:9092) could not be established. Broker may not be available.
2025-08-11T21:50:45.720+03:00  WARN 19100 --- [Carservice] [vice-producer-1] org.apache.kafka.clients.NetworkClient   : [Producer clientId=Carservice-producer-1] Bootstrap broker localhost:9092 (id: -1 rack: null) disconnected
2025-08-11T21:50:46.876+03:00  INFO 19100 --- [Carservice] [vice-producer-1] org.apache.kafka.clients.NetworkClient   : [Producer clientId=Carservice-producer-1] Node -1 disconnected.
2025-08-11T21:50:46.876+03:00  WARN 19100 --- [Carservice] [vice-producer-1] org.apache.kafka.clients.NetworkClient   : [Producer clientId=Carservice-producer-1] Connection to node -1 (localhost/127.0.0.1:9092) could not be established. Broker may not be available.
2025-08-11T21:50:46.877+03:00  WARN 19100 --- [Carservice] [vice-producer-1] org.apache.kafka.clients.NetworkClient   : [Producer clientId=Carservice-producer-1] Bootstrap broker localhost:9092 (id: -1 rack: null) disconnected
2025-08-11T21:50:48.100+03:00  INFO 19100 --- [Carservice] [vice-producer-1] org.apache.kafka.clients.NetworkClient   : [Producer clientId=Carservice-producer-1] Node -1 disconnected.
2025-08-11T21:50:48.101+03:00  WARN 19100 --- [Carservice] [vice-producer-1] org.apache.kafka.clients.NetworkClient   : [Producer clientId=Carservice-producer-1] Connection to node -1 (localhost/127.0.0.1:9092) could not be established. Broker may not be available.
2025-08-11T21:50:48.101+03:00  WARN 19100 --- [Carservice] [vice-producer-1] org.apache.kafka.clients.NetworkClient   : [Producer clientId=Carservice-producer-1] Bootstrap broker localhost:9092 (id: -1 rack: null) disconnected
2025-08-11T21:50:49.006+03:00  INFO 19100 --- [Carservice] [vice-producer-1] org.apache.kafka.clients.NetworkClient   : [Producer clientId=Carservice-producer-1] Node -1 disconnected.
2025-08-11T21:50:49.007+03:00  WARN 19100 --- [Carservice] [vice-producer-1] org.apache.kafka.clients.NetworkClient   : [Producer clientId=Carservice-producer-1] Connection to node -1 (localhost/127.0.0.1:9092) could not be established. Broker may not be available.
2025-08-11T21:50:49.007+03:00  WARN 19100 --- [Carservice] [vice-producer-1] org.apache.kafka.clients.NetworkClient   : [Producer clientId=Carservice-producer-1] Bootstrap broker localhost:9092 (id: -1 rack: null) disconnected
2025-08-11T21:50:50.034+03:00  INFO 19100 --- [Carservice] [vice-producer-1] org.apache.kafka.clients.NetworkClient   : [Producer clientId=Carservice-producer-1] Node -1 disconnected.
2025-08-11T21:50:50.034+03:00  WARN 19100 --- [Carservice] [vice-producer-1] org.apache.kafka.clients.NetworkClient   : [Producer clientId=Carservice-producer-1] Connection to node -1 (localhost/127.0.0.1:9092) could not be established. Broker may not be available.
2025-08-11T21:50:50.035+03:00  WARN 19100 --- [Carservice] [vice-producer-1] org.apache.kafka.clients.NetworkClient   : [Producer clientId=Carservice-producer-1] Bootstrap broker localhost:9092 (id: -1 rack: null) disconnected
2025-08-11T21:50:51.251+03:00  INFO 19100 --- [Carservice] [vice-producer-1] org.apache.kafka.clients.NetworkClient   : [Producer clientId=Carservice-producer-1] Node -1 disconnected.
2025-08-11T21:50:51.251+03:00  WARN 19100 --- [Carservice] [vice-producer-1] org.apache.kafka.clients.NetworkClient   : [Producer clientId=Carservice-producer-1] Connection to node -1 (localhost/127.0.0.1:9092) could not be established. Broker may not be available.
2025-08-11T21:50:51.251+03:00  WARN 19100 --- [Carservice] [vice-producer-1] org.apache.kafka.clients.NetworkClient   : [Producer clientId=Carservice-producer-1] Bootstrap broker localhost:9092 (id: -1 rack: null) disconnected
2025-08-11T21:50:52.280+03:00  INFO 19100 --- [Carservice] [vice-producer-1] org.apache.kafka.clients.NetworkClient   : [Producer clientId=Carservice-producer-1] Node -1 disconnected.
2025-08-11T21:50:52.280+03:00  WARN 19100 --- [Carservice] [vice-producer-1] org.apache.kafka.clients.NetworkClient   : [Producer clientId=Carservice-producer-1] Connection to node -1 (localhost/127.0.0.1:9092) could not be established. Broker may not be available.
2025-08-11T21:50:52.280+03:00  WARN 19100 --- [Carservice] [vice-producer-1] org.apache.kafka.clients.NetworkClient   : [Producer clientId=Carservice-producer-1] Bootstrap broker localhost:9092 (id: -1 rack: null) disconnected
2025-08-11T21:50:53.255+03:00  INFO 19100 --- [Carservice] [vice-producer-1] org.apache.kafka.clients.NetworkClient   : [Producer clientId=Carservice-producer-1] Node -1 disconnected.
2025-08-11T21:50:53.256+03:00  WARN 19100 --- [Carservice] [vice-producer-1] org.apache.kafka.clients.NetworkClient   : [Producer clientId=Carservice-producer-1] Connection to node -1 (localhost/127.0.0.1:9092) could not be established. Broker may not be available.
2025-08-11T21:50:53.256+03:00  WARN 19100 --- [Carservice] [vice-producer-1] org.apache.kafka.clients.NetworkClient   : [Producer clientId=Carservice-producer-1] Bootstrap broker localhost:9092 (id: -1 rack: null) disconnected
2025-08-11T21:50:54.350+03:00  WARN 19100 --- [Carservice] [vice-producer-1] org.apache.kafka.clients.NetworkClient   : [Producer clientId=Carservice-producer-1] Error while fetching metadata with correlation id 1 : {Cars=LEADER_NOT_AVAILABLE}
2025-08-11T21:50:54.353+03:00  INFO 19100 --- [Carservice] [vice-producer-1] org.apache.kafka.clients.Metadata        : [Producer clientId=Carservice-producer-1] Cluster ID: EB_B3F22RRCf8pNCU739rA
2025-08-11T21:50:54.466+03:00  INFO 19100 --- [Carservice] [vice-producer-1] o.a.k.c.p.internals.TransactionManager   : [Producer clientId=Carservice-producer-1] ProducerId set to 9000 with epoch 0
2025-08-11T21:50:54.469+03:00  INFO 19100 --- [Carservice] [vice-producer-1] org.apache.kafka.clients.Metadata        : [Producer clientId=Carservice-producer-1] Resetting the last seen epoch of partition Cars-0 to 0 since the associated topicId changed from null to 1ss48VHoQIa3MHFZm9O2Cg
2025-08-11T21:51:23.342+03:00  INFO 19100 --- [Carservice] [vice-producer-1] org.apache.kafka.clients.NetworkClient   : [Producer clientId=Carservice-producer-1] Node -1 disconnected.
2025-08-11T21:51:23.345+03:00  INFO 19100 --- [Carservice] [vice-producer-1] org.apache.kafka.clients.NetworkClient   : [Producer clientId=Carservice-producer-1] Node 0 disconnected.
2025-08-11T21:51:23.345+03:00  INFO 19100 --- [Carservice] [vice-producer-1] org.apache.kafka.clients.NetworkClient   : [Producer clientId=Carservice-producer-1] Cancelled in-flight METADATA request with correlation id 7 due to node 0 being disconnected (elapsed time since creation: 1ms, elapsed time since send: 1ms, request timeout: 30000ms)
2025-08-11T21:51:23.458+03:00  INFO 19100 --- [Carservice] [vice-producer-1] org.apache.kafka.clients.NetworkClient   : [Producer clientId=Carservice-producer-1] Node 0 disconnected.
2025-08-11T21:51:23.458+03:00  WARN 19100 --- [Carservice] [vice-producer-1] org.apache.kafka.clients.NetworkClient   : [Producer clientId=Carservice-producer-1] Connection to node 0 (localhost/127.0.0.1:9092) could not be established. Broker may not be available.
2025-08-11T21:51:23.582+03:00  INFO 19100 --- [Carservice] [vice-producer-1] org.apache.kafka.clients.NetworkClient   : [Producer clientId=Carservice-producer-1] Node 0 disconnected.
2025-08-11T21:51:23.582+03:00  WARN 19100 --- [Carservice] [vice-producer-1] org.apache.kafka.clients.NetworkClient   : [Producer clientId=Carservice-producer-1] Connection to node 0 (localhost/127.0.0.1:9092) could not be established. Broker may not be available.
2025-08-11T21:51:23.815+03:00  INFO 19100 --- [Carservice] [vice-producer-1] org.apache.kafka.clients.NetworkClient   : [Producer clientId=Carservice-producer-1] Node 0 disconnected.
2025-08-11T21:51:23.816+03:00  WARN 19100 --- [Carservice] [vice-producer-1] org.apache.kafka.clients.NetworkClient   : [Producer clientId=Carservice-producer-1] Connection to node 0 (localhost/127.0.0.1:9092) could not be established. Broker may not be available.
2025-08-11T21:51:24.172+03:00  INFO 19100 --- [Carservice] [vice-producer-1] org.apache.kafka.clients.NetworkClient   : [Producer clientId=Carservice-producer-1] Node 0 disconnected.
2025-08-11T21:51:24.173+03:00  WARN 19100 --- [Carservice] [vice-producer-1] org.apache.kafka.clients.NetworkClient   : [Producer clientId=Carservice-producer-1] Connection to node 0 (localhost/127.0.0.1:9092) could not be established. Broker may not be available.
2025-08-11T21:51:25.032+03:00  INFO 19100 --- [Carservice] [vice-producer-1] org.apache.kafka.clients.NetworkClient   : [Producer clientId=Carservice-producer-1] Node 0 disconnected.
2025-08-11T21:51:25.032+03:00  WARN 19100 --- [Carservice] [vice-producer-1] org.apache.kafka.clients.NetworkClient   : [Producer clientId=Carservice-producer-1] Connection to node 0 (localhost/127.0.0.1:9092) could not be established. Broker may not be available.
2025-08-11T21:51:25.950+03:00  INFO 19100 --- [Carservice] [vice-producer-1] org.apache.kafka.clients.NetworkClient   : [Producer clientId=Carservice-producer-1] Node 0 disconnected.
2025-08-11T21:51:25.951+03:00  WARN 19100 --- [Carservice] [vice-producer-1] org.apache.kafka.clients.NetworkClient   : [Producer clientId=Carservice-producer-1] Connection to node 0 (localhost/127.0.0.1:9092) could not be established. Broker may not be available.
2025-08-11T21:51:26.992+03:00  INFO 19100 --- [Carservice] [vice-producer-1] org.apache.kafka.clients.NetworkClient   : [Producer clientId=Carservice-producer-1] Node 0 disconnected.
2025-08-11T21:51:26.992+03:00  WARN 19100 --- [Carservice] [vice-producer-1] org.apache.kafka.clients.NetworkClient   : [Producer clientId=Carservice-producer-1] Connection to node 0 (localhost/127.0.0.1:9092) could not be established. Broker may not be available.
2025-08-11T21:51:27.851+03:00  INFO 19100 --- [Carservice] [vice-producer-1] org.apache.kafka.clients.NetworkClient   : [Producer clientId=Carservice-producer-1] Node 0 disconnected.
2025-08-11T21:51:27.852+03:00  WARN 19100 --- [Carservice] [vice-producer-1] org.apache.kafka.clients.NetworkClient   : [Producer clientId=Carservice-producer-1] Connection to node 0 (localhost/127.0.0.1:9092) could not be established. Broker may not be available.
2025-08-11T21:51:28.954+03:00  INFO 19100 --- [Carservice] [vice-producer-1] org.apache.kafka.clients.NetworkClient   : [Producer clientId=Carservice-producer-1] Node 0 disconnected.
2025-08-11T21:51:28.954+03:00  WARN 19100 --- [Carservice] [vice-producer-1] org.apache.kafka.clients.NetworkClient   : [Producer clientId=Carservice-producer-1] Connection to node 0 (localhost/127.0.0.1:9092) could not be established. Broker may not be available.
2025-08-11T21:51:30.120+03:00  INFO 19100 --- [Carservice] [vice-producer-1] org.apache.kafka.clients.NetworkClient   : [Producer clientId=Carservice-producer-1] Node 0 disconnected.
2025-08-11T21:51:30.121+03:00  WARN 19100 --- [Carservice] [vice-producer-1] org.apache.kafka.clients.NetworkClient   : [Producer clientId=Carservice-producer-1] Connection to node 0 (localhost/127.0.0.1:9092) could not be established. Broker may not be available.
2025-08-11T21:51:31.161+03:00  INFO 19100 --- [Carservice] [vice-producer-1] org.apache.kafka.clients.NetworkClient   : [Producer clientId=Carservice-producer-1] Node 0 disconnected.
2025-08-11T21:51:31.161+03:00  WARN 19100 --- [Carservice] [vice-producer-1] org.apache.kafka.clients.NetworkClient   : [Producer clientId=Carservice-producer-1] Connection to node 0 (localhost/127.0.0.1:9092) could not be established. Broker may not be available.
2025-08-11T21:51:32.019+03:00  INFO 19100 --- [Carservice] [vice-producer-1] org.apache.kafka.clients.NetworkClient   : [Producer clientId=Carservice-producer-1] Node 0 disconnected.
2025-08-11T21:51:32.019+03:00  WARN 19100 --- [Carservice] [vice-producer-1] org.apache.kafka.clients.NetworkClient   : [Producer clientId=Carservice-producer-1] Connection to node 0 (localhost/127.0.0.1:9092) could not be established. Broker may not be available.
2025-08-11T21:51:33.182+03:00  INFO 19100 --- [Carservice] [vice-producer-1] org.apache.kafka.clients.NetworkClient   : [Producer clientId=Carservice-producer-1] Node 0 disconnected.
2025-08-11T21:51:33.183+03:00  WARN 19100 --- [Carservice] [vice-producer-1] org.apache.kafka.clients.NetworkClient   : [Producer clientId=Carservice-producer-1] Connection to node 0 (localhost/127.0.0.1:9092) could not be established. Broker may not be available.
2025-08-11T21:51:34.286+03:00  INFO 19100 --- [Carservice] [vice-producer-1] org.apache.kafka.clients.NetworkClient   : [Producer clientId=Carservice-producer-1] Node 0 disconnected.
2025-08-11T21:51:34.286+03:00  WARN 19100 --- [Carservice] [vice-producer-1] org.apache.kafka.clients.NetworkClient   : [Producer clientId=Carservice-producer-1] Connection to node 0 (localhost/127.0.0.1:9092) could not be established. Broker may not be available.
2025-08-11T21:51:35.512+03:00  INFO 19100 --- [Carservice] [vice-producer-1] org.apache.kafka.clients.NetworkClient   : [Producer clientId=Carservice-producer-1] Node 0 disconnected.
2025-08-11T21:51:35.512+03:00  WARN 19100 --- [Carservice] [vice-producer-1] org.apache.kafka.clients.NetworkClient   : [Producer clientId=Carservice-producer-1] Connection to node 0 (localhost/127.0.0.1:9092) could not be established. Broker may not be available.
2025-08-11T21:51:36.487+03:00  INFO 19100 --- [Carservice] [vice-producer-1] org.apache.kafka.clients.NetworkClient   : [Producer clientId=Carservice-producer-1] Node 0 disconnected.
2025-08-11T21:51:36.488+03:00  WARN 19100 --- [Carservice] [vice-producer-1] org.apache.kafka.clients.NetworkClient   : [Producer clientId=Carservice-producer-1] Connection to node 0 (localhost/127.0.0.1:9092) could not be established. Broker may not be available.
2025-08-11T21:51:37.571+03:00  INFO 19100 --- [Carservice] [vice-producer-1] org.apache.kafka.clients.NetworkClient   : [Producer clientId=Carservice-producer-1] Node 0 disconnected.
2025-08-11T21:51:37.571+03:00  WARN 19100 --- [Carservice] [vice-producer-1] org.apache.kafka.clients.NetworkClient   : [Producer clientId=Carservice-producer-1] Connection to node 0 (localhost/127.0.0.1:9092) could not be established. Broker may not be available.
2025-08-11T21:51:38.794+03:00  INFO 19100 --- [Carservice] [vice-producer-1] org.apache.kafka.clients.NetworkClient   : [Producer clientId=Carservice-producer-1] Node 0 disconnected.
2025-08-11T21:51:38.794+03:00  WARN 19100 --- [Carservice] [vice-producer-1] org.apache.kafka.clients.NetworkClient   : [Producer clientId=Carservice-producer-1] Connection to node 0 (localhost/127.0.0.1:9092) could not be established. Broker may not be available.
2025-08-11T21:51:39.709+03:00  INFO 19100 --- [Carservice] [vice-producer-1] org.apache.kafka.clients.NetworkClient   : [Producer clientId=Carservice-producer-1] Node 0 disconnected.
2025-08-11T21:51:39.710+03:00  WARN 19100 --- [Carservice] [vice-producer-1] org.apache.kafka.clients.NetworkClient   : [Producer clientId=Carservice-producer-1] Connection to node 0 (localhost/127.0.0.1:9092) could not be established. Broker may not be available.
2025-08-11T21:51:40.811+03:00  INFO 19100 --- [Carservice] [vice-producer-1] org.apache.kafka.clients.NetworkClient   : [Producer clientId=Carservice-producer-1] Node 0 disconnected.
2025-08-11T21:51:40.812+03:00  WARN 19100 --- [Carservice] [vice-producer-1] org.apache.kafka.clients.NetworkClient   : [Producer clientId=Carservice-producer-1] Connection to node 0 (localhost/127.0.0.1:9092) could not be established. Broker may not be available.
2025-08-11T21:51:41.978+03:00  INFO 19100 --- [Carservice] [vice-producer-1] org.apache.kafka.clients.NetworkClient   : [Producer clientId=Carservice-producer-1] Node 0 disconnected.
2025-08-11T21:51:41.978+03:00  WARN 19100 --- [Carservice] [vice-producer-1] org.apache.kafka.clients.NetworkClient   : [Producer clientId=Carservice-producer-1] Connection to node 0 (localhost/127.0.0.1:9092) could not be established. Broker may not be available.
2025-08-11T21:51:43.143+03:00  INFO 19100 --- [Carservice] [vice-producer-1] org.apache.kafka.clients.NetworkClient   : [Producer clientId=Carservice-producer-1] Node 0 disconnected.
2025-08-11T21:51:43.143+03:00  WARN 19100 --- [Carservice] [vice-producer-1] org.apache.kafka.clients.NetworkClient   : [Producer clientId=Carservice-producer-1] Connection to node 0 (localhost/127.0.0.1:9092) could not be established. Broker may not be available.
2025-08-11T21:51:44.251+03:00  INFO 19100 --- [Carservice] [vice-producer-1] org.apache.kafka.clients.NetworkClient   : [Producer clientId=Carservice-producer-1] Node 0 disconnected.
2025-08-11T21:51:44.251+03:00  WARN 19100 --- [Carservice] [vice-producer-1] org.apache.kafka.clients.NetworkClient   : [Producer clientId=Carservice-producer-1] Connection to node 0 (localhost/127.0.0.1:9092) could not be established. Broker may not be available.
2025-08-11T21:51:45.473+03:00  INFO 19100 --- [Carservice] [vice-producer-1] org.apache.kafka.clients.NetworkClient   : [Producer clientId=Carservice-producer-1] Node 0 disconnected.
2025-08-11T21:51:45.474+03:00  WARN 19100 --- [Carservice] [vice-producer-1] org.apache.kafka.clients.NetworkClient   : [Producer clientId=Carservice-producer-1] Connection to node 0 (localhost/127.0.0.1:9092) could not be established. Broker may not be available.
2025-08-11T21:51:46.641+03:00  INFO 19100 --- [Carservice] [vice-producer-1] org.apache.kafka.clients.NetworkClient   : [Producer clientId=Carservice-producer-1] Node 0 disconnected.
2025-08-11T21:51:46.642+03:00  WARN 19100 --- [Carservice] [vice-producer-1] org.apache.kafka.clients.NetworkClient   : [Producer clientId=Carservice-producer-1] Connection to node 0 (localhost/127.0.0.1:9092) could not be established. Broker may not be available.
2025-08-11T21:51:47.682+03:00  INFO 19100 --- [Carservice] [vice-producer-1] org.apache.kafka.clients.NetworkClient   : [Producer clientId=Carservice-producer-1] Node 0 disconnected.
2025-08-11T21:51:47.683+03:00  WARN 19100 --- [Carservice] [vice-producer-1] org.apache.kafka.clients.NetworkClient   : [Producer clientId=Carservice-producer-1] Connection to node 0 (localhost/127.0.0.1:9092) could not be established. Broker may not be available.
2025-08-11T21:51:48.877+03:00  INFO 19100 --- [Carservice] [vice-producer-1] org.apache.kafka.clients.NetworkClient   : [Producer clientId=Carservice-producer-1] Node 0 disconnected.
2025-08-11T21:51:48.877+03:00  WARN 19100 --- [Carservice] [vice-producer-1] org.apache.kafka.clients.NetworkClient   : [Producer clientId=Carservice-producer-1] Connection to node 0 (localhost/127.0.0.1:9092) could not be established. Broker may not be available.
2025-08-11T21:51:49.793+03:00  INFO 19100 --- [Carservice] [vice-producer-1] org.apache.kafka.clients.NetworkClient   : [Producer clientId=Carservice-producer-1] Node 0 disconnected.
2025-08-11T21:51:49.793+03:00  WARN 19100 --- [Carservice] [vice-producer-1] org.apache.kafka.clients.NetworkClient   : [Producer clientId=Carservice-producer-1] Connection to node 0 (localhost/127.0.0.1:9092) could not be established. Broker may not be available.
2025-08-11T21:51:50.714+03:00  INFO 19100 --- [Carservice] [vice-producer-1] org.apache.kafka.clients.NetworkClient   : [Producer clientId=Carservice-producer-1] Node 0 disconnected.
2025-08-11T21:51:50.714+03:00  WARN 19100 --- [Carservice] [vice-producer-1] org.apache.kafka.clients.NetworkClient   : [Producer clientId=Carservice-producer-1] Connection to node 0 (localhost/127.0.0.1:9092) could not be established. Broker may not be available.
2025-08-11T21:51:51.567+03:00  INFO 19100 --- [Carservice] [vice-producer-1] org.apache.kafka.clients.NetworkClient   : [Producer clientId=Carservice-producer-1] Node 0 disconnected.
2025-08-11T21:51:51.568+03:00  WARN 19100 --- [Carservice] [vice-producer-1] org.apache.kafka.clients.NetworkClient   : [Producer clientId=Carservice-producer-1] Connection to node 0 (localhost/127.0.0.1:9092) could not be established. Broker may not be available.
2025-08-11T21:51:52.795+03:00  INFO 19100 --- [Carservice] [vice-producer-1] org.apache.kafka.clients.NetworkClient   : [Producer clientId=Carservice-producer-1] Node 0 disconnected.
2025-08-11T21:51:52.796+03:00  WARN 19100 --- [Carservice] [vice-producer-1] org.apache.kafka.clients.NetworkClient   : [Producer clientId=Carservice-producer-1] Connection to node 0 (localhost/127.0.0.1:9092) could not be established. Broker may not be available.
2025-08-11T21:51:53.919+03:00  INFO 19100 --- [Carservice] [vice-producer-1] org.apache.kafka.clients.NetworkClient   : [Producer clientId=Carservice-producer-1] Node 0 disconnected.
2025-08-11T21:51:53.920+03:00  WARN 19100 --- [Carservice] [vice-producer-1] org.apache.kafka.clients.NetworkClient   : [Producer clientId=Carservice-producer-1] Connection to node 0 (localhost/127.0.0.1:9092) could not be established. Broker may not be available.
2025-08-11T21:51:54.892+03:00  INFO 19100 --- [Carservice] [vice-producer-1] org.apache.kafka.clients.NetworkClient   : [Producer clientId=Carservice-producer-1] Node 0 disconnected.
2025-08-11T21:51:54.893+03:00  WARN 19100 --- [Carservice] [vice-producer-1] org.apache.kafka.clients.NetworkClient   : [Producer clientId=Carservice-producer-1] Connection to node 0 (localhost/127.0.0.1:9092) could not be established. Broker may not be available.
2025-08-11T21:51:56.059+03:00  INFO 19100 --- [Carservice] [vice-producer-1] org.apache.kafka.clients.NetworkClient   : [Producer clientId=Carservice-producer-1] Node 0 disconnected.
2025-08-11T21:51:56.059+03:00  WARN 19100 --- [Carservice] [vice-producer-1] org.apache.kafka.clients.NetworkClient   : [Producer clientId=Carservice-producer-1] Connection to node 0 (localhost/127.0.0.1:9092) could not be established. Broker may not be available.
2025-08-11T21:51:56.943+03:00  INFO 19100 --- [Carservice] [vice-producer-1] org.apache.kafka.clients.NetworkClient   : [Producer clientId=Carservice-producer-1] Node 0 disconnected.
2025-08-11T21:51:56.943+03:00  WARN 19100 --- [Carservice] [vice-producer-1] org.apache.kafka.clients.NetworkClient   : [Producer clientId=Carservice-producer-1] Connection to node 0 (localhost/127.0.0.1:9092) could not be established. Broker may not be available.
2025-08-11T21:51:58.048+03:00  INFO 19100 --- [Carservice] [vice-producer-1] org.apache.kafka.clients.NetworkClient   : [Producer clientId=Carservice-producer-1] Node 0 disconnected.
2025-08-11T21:51:58.048+03:00  WARN 19100 --- [Carservice] [vice-producer-1] org.apache.kafka.clients.NetworkClient   : [Producer clientId=Carservice-producer-1] Connection to node 0 (localhost/127.0.0.1:9092) could not be established. Broker may not be available.
2025-08-11T21:51:58.965+03:00  INFO 19100 --- [Carservice] [vice-producer-1] org.apache.kafka.clients.NetworkClient   : [Producer clientId=Carservice-producer-1] Node 0 disconnected.
2025-08-11T21:51:58.965+03:00  WARN 19100 --- [Carservice] [vice-producer-1] org.apache.kafka.clients.NetworkClient   : [Producer clientId=Carservice-producer-1] Connection to node 0 (localhost/127.0.0.1:9092) could not be established. Broker may not be available.
2025-08-11T21:52:00.193+03:00  INFO 19100 --- [Carservice] [vice-producer-1] org.apache.kafka.clients.NetworkClient   : [Producer clientId=Carservice-producer-1] Node 0 disconnected.
2025-08-11T21:52:00.193+03:00  WARN 19100 --- [Carservice] [vice-producer-1] org.apache.kafka.clients.NetworkClient   : [Producer clientId=Carservice-producer-1] Connection to node 0 (localhost/127.0.0.1:9092) could not be established. Broker may not be available.
2025-08-11T21:52:01.295+03:00  INFO 19100 --- [Carservice] [vice-producer-1] org.apache.kafka.clients.NetworkClient   : [Producer clientId=Carservice-producer-1] Node 0 disconnected.
2025-08-11T21:52:01.295+03:00  WARN 19100 --- [Carservice] [vice-producer-1] org.apache.kafka.clients.NetworkClient   : [Producer clientId=Carservice-producer-1] Connection to node 0 (localhost/127.0.0.1:9092) could not be established. Broker may not be available.
2025-08-11T21:52:02.274+03:00  INFO 19100 --- [Carservice] [vice-producer-1] org.apache.kafka.clients.NetworkClient   : [Producer clientId=Carservice-producer-1] Node 0 disconnected.
2025-08-11T21:52:02.275+03:00  WARN 19100 --- [Carservice] [vice-producer-1] org.apache.kafka.clients.NetworkClient   : [Producer clientId=Carservice-producer-1] Connection to node 0 (localhost/127.0.0.1:9092) could not be established. Broker may not be available.
2025-08-11T21:52:03.130+03:00  INFO 19100 --- [Carservice] [vice-producer-1] org.apache.kafka.clients.NetworkClient   : [Producer clientId=Carservice-producer-1] Node 0 disconnected.
2025-08-11T21:52:03.130+03:00  WARN 19100 --- [Carservice] [vice-producer-1] org.apache.kafka.clients.NetworkClient   : [Producer clientId=Carservice-producer-1] Connection to node 0 (localhost/127.0.0.1:9092) could not be established. Broker may not be available.
2025-08-11T21:52:04.171+03:00  INFO 19100 --- [Carservice] [vice-producer-1] org.apache.kafka.clients.NetworkClient   : [Producer clientId=Carservice-producer-1] Node 0 disconnected.
2025-08-11T21:52:04.172+03:00  WARN 19100 --- [Carservice] [vice-producer-1] org.apache.kafka.clients.NetworkClient   : [Producer clientId=Carservice-producer-1] Connection to node 0 (localhost/127.0.0.1:9092) could not be established. Broker may not be available.
2025-08-11T21:52:05.085+03:00  INFO 19100 --- [Carservice] [vice-producer-1] org.apache.kafka.clients.NetworkClient   : [Producer clientId=Carservice-producer-1] Node 0 disconnected.
2025-08-11T21:52:05.085+03:00  WARN 19100 --- [Carservice] [vice-producer-1] org.apache.kafka.clients.NetworkClient   : [Producer clientId=Carservice-producer-1] Connection to node 0 (localhost/127.0.0.1:9092) could not be established. Broker may not be available.
2025-08-11T21:52:06.186+03:00  INFO 19100 --- [Carservice] [vice-producer-1] org.apache.kafka.clients.NetworkClient   : [Producer clientId=Carservice-producer-1] Node 0 disconnected.
2025-08-11T21:52:06.186+03:00  WARN 19100 --- [Carservice] [vice-producer-1] org.apache.kafka.clients.NetworkClient   : [Producer clientId=Carservice-producer-1] Connection to node 0 (localhost/127.0.0.1:9092) could not be established. Broker may not be available.
2025-08-11T21:52:07.351+03:00  INFO 19100 --- [Carservice] [vice-producer-1] org.apache.kafka.clients.NetworkClient   : [Producer clientId=Carservice-producer-1] Node 0 disconnected.
2025-08-11T21:52:07.352+03:00  WARN 19100 --- [Carservice] [vice-producer-1] org.apache.kafka.clients.NetworkClient   : [Producer clientId=Carservice-producer-1] Connection to node 0 (localhost/127.0.0.1:9092) could not be established. Broker may not be available.
2025-08-11T21:52:08.394+03:00  INFO 19100 --- [Carservice] [vice-producer-1] org.apache.kafka.clients.NetworkClient   : [Producer clientId=Carservice-producer-1] Node 0 disconnected.
2025-08-11T21:52:08.394+03:00  WARN 19100 --- [Carservice] [vice-producer-1] org.apache.kafka.clients.NetworkClient   : [Producer clientId=Carservice-producer-1] Connection to node 0 (localhost/127.0.0.1:9092) could not be established. Broker may not be available.
2025-08-11T21:52:09.432+03:00  INFO 19100 --- [Carservice] [vice-producer-1] org.apache.kafka.clients.NetworkClient   : [Producer clientId=Carservice-producer-1] Node 0 disconnected.
2025-08-11T21:52:09.433+03:00  WARN 19100 --- [Carservice] [vice-producer-1] org.apache.kafka.clients.NetworkClient   : [Producer clientId=Carservice-producer-1] Connection to node 0 (localhost/127.0.0.1:9092) could not be established. Broker may not be available.
2025-08-11T21:52:10.284+03:00  INFO 19100 --- [Carservice] [vice-producer-1] org.apache.kafka.clients.NetworkClient   : [Producer clientId=Carservice-producer-1] Node 0 disconnected.
2025-08-11T21:52:10.284+03:00  WARN 19100 --- [Carservice] [vice-producer-1] org.apache.kafka.clients.NetworkClient   : [Producer clientId=Carservice-producer-1] Connection to node 0 (localhost/127.0.0.1:9092) could not be established. Broker may not be available.
2025-08-11T21:52:11.451+03:00  INFO 19100 --- [Carservice] [vice-producer-1] org.apache.kafka.clients.NetworkClient   : [Producer clientId=Carservice-producer-1] Node 0 disconnected.
2025-08-11T21:52:11.452+03:00  WARN 19100 --- [Carservice] [vice-producer-1] org.apache.kafka.clients.NetworkClient   : [Producer clientId=Carservice-producer-1] Connection to node 0 (localhost/127.0.0.1:9092) could not be established. Broker may not be available.
2025-08-11T21:52:12.372+03:00  INFO 19100 --- [Carservice] [vice-producer-1] org.apache.kafka.clients.NetworkClient   : [Producer clientId=Carservice-producer-1] Node 0 disconnected.
2025-08-11T21:52:12.372+03:00  WARN 19100 --- [Carservice] [vice-producer-1] org.apache.kafka.clients.NetworkClient   : [Producer clientId=Carservice-producer-1] Connection to node 0 (localhost/127.0.0.1:9092) could not be established. Broker may not be available.
2025-08-11T21:52:13.536+03:00  INFO 19100 --- [Carservice] [vice-producer-1] org.apache.kafka.clients.NetworkClient   : [Producer clientId=Carservice-producer-1] Node 0 disconnected.
2025-08-11T21:52:13.536+03:00  WARN 19100 --- [Carservice] [vice-producer-1] org.apache.kafka.clients.NetworkClient   : [Producer clientId=Carservice-producer-1] Connection to node 0 (localhost/127.0.0.1:9092) could not be established. Broker may not be available.
2025-08-11T21:52:14.393+03:00  INFO 19100 --- [Carservice] [vice-producer-1] org.apache.kafka.clients.NetworkClient   : [Producer clientId=Carservice-producer-1] Node 0 disconnected.
2025-08-11T21:52:14.394+03:00  WARN 19100 --- [Carservice] [vice-producer-1] org.apache.kafka.clients.NetworkClient   : [Producer clientId=Carservice-producer-1] Connection to node 0 (localhost/127.0.0.1:9092) could not be established. Broker may not be available.
2025-08-11T21:52:15.433+03:00  INFO 19100 --- [Carservice] [vice-producer-1] org.apache.kafka.clients.NetworkClient   : [Producer clientId=Carservice-producer-1] Node 0 disconnected.
2025-08-11T21:52:15.434+03:00  WARN 19100 --- [Carservice] [vice-producer-1] org.apache.kafka.clients.NetworkClient   : [Producer clientId=Carservice-producer-1] Connection to node 0 (localhost/127.0.0.1:9092) could not be established. Broker may not be available.
2025-08-11T21:52:16.290+03:00  INFO 19100 --- [Carservice] [vice-producer-1] org.apache.kafka.clients.NetworkClient   : [Producer clientId=Carservice-producer-1] Node 0 disconnected.
2025-08-11T21:52:16.290+03:00  WARN 19100 --- [Carservice] [vice-producer-1] org.apache.kafka.clients.NetworkClient   : [Producer clientId=Carservice-producer-1] Connection to node 0 (localhost/127.0.0.1:9092) could not be established. Broker may not be available.
2025-08-11T21:52:17.335+03:00  INFO 19100 --- [Carservice] [vice-producer-1] org.apache.kafka.clients.NetworkClient   : [Producer clientId=Carservice-producer-1] Node 0 disconnected.
2025-08-11T21:52:17.336+03:00  WARN 19100 --- [Carservice] [vice-producer-1] org.apache.kafka.clients.NetworkClient   : [Producer clientId=Carservice-producer-1] Connection to node 0 (localhost/127.0.0.1:9092) could not be established. Broker may not be available.
2025-08-11T21:52:18.319+03:00  INFO 19100 --- [Carservice] [vice-producer-1] org.apache.kafka.clients.NetworkClient   : [Producer clientId=Carservice-producer-1] Node 0 disconnected.
2025-08-11T21:52:18.320+03:00  WARN 19100 --- [Carservice] [vice-producer-1] org.apache.kafka.clients.NetworkClient   : [Producer clientId=Carservice-producer-1] Connection to node 0 (localhost/127.0.0.1:9092) could not be established. Broker may not be available.
2025-08-11T21:52:19.430+03:00  INFO 19100 --- [Carservice] [vice-producer-1] org.apache.kafka.clients.NetworkClient   : [Producer clientId=Carservice-producer-1] Node 0 disconnected.
2025-08-11T21:52:19.430+03:00  WARN 19100 --- [Carservice] [vice-producer-1] org.apache.kafka.clients.NetworkClient   : [Producer clientId=Carservice-producer-1] Connection to node 0 (localhost/127.0.0.1:9092) could not be established. Broker may not be available.
2025-08-11T21:52:20.592+03:00  INFO 19100 --- [Carservice] [vice-producer-1] org.apache.kafka.clients.NetworkClient   : [Producer clientId=Carservice-producer-1] Node 0 disconnected.
2025-08-11T21:52:20.592+03:00  WARN 19100 --- [Carservice] [vice-producer-1] org.apache.kafka.clients.NetworkClient   : [Producer clientId=Carservice-producer-1] Connection to node 0 (localhost/127.0.0.1:9092) could not be established. Broker may not be available.
2025-08-11T21:52:21.574+03:00  INFO 19100 --- [Carservice] [vice-producer-1] org.apache.kafka.clients.NetworkClient   : [Producer clientId=Carservice-producer-1] Node 0 disconnected.
2025-08-11T21:52:21.574+03:00  WARN 19100 --- [Carservice] [vice-producer-1] org.apache.kafka.clients.NetworkClient   : [Producer clientId=Carservice-producer-1] Connection to node 0 (localhost/127.0.0.1:9092) could not be established. Broker may not be available.
2025-08-11T21:52:22.556+03:00  INFO 19100 --- [Carservice] [vice-producer-1] org.apache.kafka.clients.NetworkClient   : [Producer clientId=Carservice-producer-1] Node 0 disconnected.
2025-08-11T21:52:22.556+03:00  WARN 19100 --- [Carservice] [vice-producer-1] org.apache.kafka.clients.NetworkClient   : [Producer clientId=Carservice-producer-1] Connection to node 0 (localhost/127.0.0.1:9092) could not be established. Broker may not be available.
2025-08-11T21:52:23.598+03:00  INFO 19100 --- [Carservice] [vice-producer-1] org.apache.kafka.clients.NetworkClient   : [Producer clientId=Carservice-producer-1] Node 0 disconnected.
2025-08-11T21:52:23.598+03:00  WARN 19100 --- [Carservice] [vice-producer-1] org.apache.kafka.clients.NetworkClient   : [Producer clientId=Carservice-producer-1] Connection to node 0 (localhost/127.0.0.1:9092) could not be established. Broker may not be available.
2025-08-11T21:52:24.457+03:00  INFO 19100 --- [Carservice] [vice-producer-1] org.apache.kafka.clients.NetworkClient   : [Producer clientId=Carservice-producer-1] Node 0 disconnected.
2025-08-11T21:52:24.457+03:00  WARN 19100 --- [Carservice] [vice-producer-1] org.apache.kafka.clients.NetworkClient   : [Producer clientId=Carservice-producer-1] Connection to node 0 (localhost/127.0.0.1:9092) could not be established. Broker may not be available.
2025-08-11T21:52:25.683+03:00  INFO 19100 --- [Carservice] [vice-producer-1] org.apache.kafka.clients.NetworkClient   : [Producer clientId=Carservice-producer-1] Node 0 disconnected.
2025-08-11T21:52:25.683+03:00  WARN 19100 --- [Carservice] [vice-producer-1] org.apache.kafka.clients.NetworkClient   : [Producer clientId=Carservice-producer-1] Connection to node 0 (localhost/127.0.0.1:9092) could not be established. Broker may not be available.
2025-08-11T21:52:26.655+03:00  INFO 19100 --- [Carservice] [vice-producer-1] org.apache.kafka.clients.NetworkClient   : [Producer clientId=Carservice-producer-1] Node 0 disconnected.
2025-08-11T21:52:26.656+03:00  WARN 19100 --- [Carservice] [vice-producer-1] org.apache.kafka.clients.NetworkClient   : [Producer clientId=Carservice-producer-1] Connection to node 0 (localhost/127.0.0.1:9092) could not be established. Broker may not be available.
2025-08-11T21:52:27.755+03:00  INFO 19100 --- [Carservice] [vice-producer-1] org.apache.kafka.clients.NetworkClient   : [Producer clientId=Carservice-producer-1] Node 0 disconnected.
2025-08-11T21:52:27.756+03:00  WARN 19100 --- [Carservice] [vice-producer-1] org.apache.kafka.clients.NetworkClient   : [Producer clientId=Carservice-producer-1] Connection to node 0 (localhost/127.0.0.1:9092) could not be established. Broker may not be available.
2025-08-11T21:52:28.798+03:00  INFO 19100 --- [Carservice] [vice-producer-1] org.apache.kafka.clients.NetworkClient   : [Producer clientId=Carservice-producer-1] Node 0 disconnected.
2025-08-11T21:52:28.798+03:00  WARN 19100 --- [Carservice] [vice-producer-1] org.apache.kafka.clients.NetworkClient   : [Producer clientId=Carservice-producer-1] Connection to node 0 (localhost/127.0.0.1:9092) could not be established. Broker may not be available.
2025-08-11T21:52:29.842+03:00  INFO 19100 --- [Carservice] [vice-producer-1] org.apache.kafka.clients.NetworkClient   : [Producer clientId=Carservice-producer-1] Node 0 disconnected.
2025-08-11T21:52:29.842+03:00  WARN 19100 --- [Carservice] [vice-producer-1] org.apache.kafka.clients.NetworkClient   : [Producer clientId=Carservice-producer-1] Connection to node 0 (localhost/127.0.0.1:9092) could not be established. Broker may not be available.
2025-08-11T21:52:30.817+03:00  INFO 19100 --- [Carservice] [vice-producer-1] org.apache.kafka.clients.NetworkClient   : [Producer clientId=Carservice-producer-1] Node 0 disconnected.
2025-08-11T21:52:30.818+03:00  WARN 19100 --- [Carservice] [vice-producer-1] org.apache.kafka.clients.NetworkClient   : [Producer clientId=Carservice-producer-1] Connection to node 0 (localhost/127.0.0.1:9092) could not be established. Broker may not be available.
2025-08-11T21:52:31.732+03:00  INFO 19100 --- [Carservice] [vice-producer-1] org.apache.kafka.clients.NetworkClient   : [Producer clientId=Carservice-producer-1] Node 0 disconnected.
2025-08-11T21:52:31.732+03:00  WARN 19100 --- [Carservice] [vice-producer-1] org.apache.kafka.clients.NetworkClient   : [Producer clientId=Carservice-producer-1] Connection to node 0 (localhost/127.0.0.1:9092) could not be established. Broker may not be available.
2025-08-11T21:52:32.832+03:00  INFO 19100 --- [Carservice] [vice-producer-1] org.apache.kafka.clients.NetworkClient   : [Producer clientId=Carservice-producer-1] Node 0 disconnected.
2025-08-11T21:52:32.832+03:00  WARN 19100 --- [Carservice] [vice-producer-1] org.apache.kafka.clients.NetworkClient   : [Producer clientId=Carservice-producer-1] Connection to node 0 (localhost/127.0.0.1:9092) could not be established. Broker may not be available.
2025-08-11T21:52:33.870+03:00  INFO 19100 --- [Carservice] [vice-producer-1] org.apache.kafka.clients.NetworkClient   : [Producer clientId=Carservice-producer-1] Node 0 disconnected.
2025-08-11T21:52:33.870+03:00  WARN 19100 --- [Carservice] [vice-producer-1] org.apache.kafka.clients.NetworkClient   : [Producer clientId=Carservice-producer-1] Connection to node 0 (localhost/127.0.0.1:9092) could not be established. Broker may not be available.
2025-08-11T21:52:34.725+03:00  INFO 19100 --- [Carservice] [vice-producer-1] org.apache.kafka.clients.NetworkClient   : [Producer clientId=Carservice-producer-1] Node 0 disconnected.
2025-08-11T21:52:34.725+03:00  WARN 19100 --- [Carservice] [vice-producer-1] org.apache.kafka.clients.NetworkClient   : [Producer clientId=Carservice-producer-1] Connection to node 0 (localhost/127.0.0.1:9092) could not be established. Broker may not be available.
2025-08-11T21:52:35.700+03:00  INFO 19100 --- [Carservice] [vice-producer-1] org.apache.kafka.clients.NetworkClient   : [Producer clientId=Carservice-producer-1] Node 0 disconnected.
2025-08-11T21:52:35.700+03:00  WARN 19100 --- [Carservice] [vice-producer-1] org.apache.kafka.clients.NetworkClient   : [Producer clientId=Carservice-producer-1] Connection to node 0 (localhost/127.0.0.1:9092) could not be established. Broker may not be available.
2025-08-11T21:52:36.748+03:00  INFO 19100 --- [Carservice] [vice-producer-1] org.apache.kafka.clients.NetworkClient   : [Producer clientId=Carservice-producer-1] Node 0 disconnected.
2025-08-11T21:52:36.748+03:00  WARN 19100 --- [Carservice] [vice-producer-1] org.apache.kafka.clients.NetworkClient   : [Producer clientId=Carservice-producer-1] Connection to node 0 (localhost/127.0.0.1:9092) could not be established. Broker may not be available.
2025-08-11T21:52:37.910+03:00  INFO 19100 --- [Carservice] [vice-producer-1] org.apache.kafka.clients.NetworkClient   : [Producer clientId=Carservice-producer-1] Node 0 disconnected.
2025-08-11T21:52:37.910+03:00  WARN 19100 --- [Carservice] [vice-producer-1] org.apache.kafka.clients.NetworkClient   : [Producer clientId=Carservice-producer-1] Connection to node 0 (localhost/127.0.0.1:9092) could not be established. Broker may not be available.
2025-08-11T21:52:39.069+03:00  INFO 19100 --- [Carservice] [vice-producer-1] org.apache.kafka.clients.NetworkClient   : [Producer clientId=Carservice-producer-1] Node 0 disconnected.
2025-08-11T21:52:39.069+03:00  WARN 19100 --- [Carservice] [vice-producer-1] org.apache.kafka.clients.NetworkClient   : [Producer clientId=Carservice-producer-1] Connection to node 0 (localhost/127.0.0.1:9092) could not be established. Broker may not be available.
2025-08-11T21:52:40.046+03:00  INFO 19100 --- [Carservice] [vice-producer-1] org.apache.kafka.clients.NetworkClient   : [Producer clientId=Carservice-producer-1] Node 0 disconnected.
2025-08-11T21:52:40.046+03:00  WARN 19100 --- [Carservice] [vice-producer-1] org.apache.kafka.clients.NetworkClient   : [Producer clientId=Carservice-producer-1] Connection to node 0 (localhost/127.0.0.1:9092) could not be established. Broker may not be available.
2025-08-11T21:52:41.088+03:00  INFO 19100 --- [Carservice] [vice-producer-1] org.apache.kafka.clients.NetworkClient   : [Producer clientId=Carservice-producer-1] Node 0 disconnected.
2025-08-11T21:52:41.088+03:00  WARN 19100 --- [Carservice] [vice-producer-1] org.apache.kafka.clients.NetworkClient   : [Producer clientId=Carservice-producer-1] Connection to node 0 (localhost/127.0.0.1:9092) could not be established. Broker may not be available.
2025-08-11T21:52:42.131+03:00  INFO 19100 --- [Carservice] [vice-producer-1] org.apache.kafka.clients.NetworkClient   : [Producer clientId=Carservice-producer-1] Node 0 disconnected.
2025-08-11T21:52:42.131+03:00  WARN 19100 --- [Carservice] [vice-producer-1] org.apache.kafka.clients.NetworkClient   : [Producer clientId=Carservice-producer-1] Connection to node 0 (localhost/127.0.0.1:9092) could not be established. Broker may not be available.
2025-08-11T21:52:43.294+03:00  INFO 19100 --- [Carservice] [vice-producer-1] org.apache.kafka.clients.NetworkClient   : [Producer clientId=Carservice-producer-1] Node 0 disconnected.
2025-08-11T21:52:43.294+03:00  WARN 19100 --- [Carservice] [vice-producer-1] org.apache.kafka.clients.NetworkClient   : [Producer clientId=Carservice-producer-1] Connection to node 0 (localhost/127.0.0.1:9092) could not be established. Broker may not be available.
2025-08-11T21:52:44.516+03:00  INFO 19100 --- [Carservice] [vice-producer-1] org.apache.kafka.clients.NetworkClient   : [Producer clientId=Carservice-producer-1] Node 0 disconnected.
2025-08-11T21:52:44.516+03:00  WARN 19100 --- [Carservice] [vice-producer-1] org.apache.kafka.clients.NetworkClient   : [Producer clientId=Carservice-producer-1] Connection to node 0 (localhost/127.0.0.1:9092) could not be established. Broker may not be available.
2025-08-11T21:52:45.740+03:00  INFO 19100 --- [Carservice] [vice-producer-1] org.apache.kafka.clients.NetworkClient   : [Producer clientId=Carservice-producer-1] Node 0 disconnected.
2025-08-11T21:52:45.740+03:00  WARN 19100 --- [Carservice] [vice-producer-1] org.apache.kafka.clients.NetworkClient   : [Producer clientId=Carservice-producer-1] Connection to node 0 (localhost/127.0.0.1:9092) could not be established. Broker may not be available.
2025-08-11T21:52:46.905+03:00  INFO 19100 --- [Carservice] [vice-producer-1] org.apache.kafka.clients.NetworkClient   : [Producer clientId=Carservice-producer-1] Node 0 disconnected.
2025-08-11T21:52:46.906+03:00  WARN 19100 --- [Carservice] [vice-producer-1] org.apache.kafka.clients.NetworkClient   : [Producer clientId=Carservice-producer-1] Connection to node 0 (localhost/127.0.0.1:9092) could not be established. Broker may not be available.
2025-08-11T21:52:47.820+03:00  INFO 19100 --- [Carservice] [vice-producer-1] org.apache.kafka.clients.NetworkClient   : [Producer clientId=Carservice-producer-1] Node 0 disconnected.
2025-08-11T21:52:47.820+03:00  WARN 19100 --- [Carservice] [vice-producer-1] org.apache.kafka.clients.NetworkClient   : [Producer clientId=Carservice-producer-1] Connection to node 0 (localhost/127.0.0.1:9092) could not be established. Broker may not be available.
2025-08-11T21:52:48.985+03:00  INFO 19100 --- [Carservice] [vice-producer-1] org.apache.kafka.clients.NetworkClient   : [Producer clientId=Carservice-producer-1] Node 0 disconnected.
2025-08-11T21:52:48.986+03:00  WARN 19100 --- [Carservice] [vice-producer-1] org.apache.kafka.clients.NetworkClient   : [Producer clientId=Carservice-producer-1] Connection to node 0 (localhost/127.0.0.1:9092) could not be established. Broker may not be available.
2025-08-11T21:52:50.208+03:00  INFO 19100 --- [Carservice] [vice-producer-1] org.apache.kafka.clients.NetworkClient   : [Producer clientId=Carservice-producer-1] Node 0 disconnected.
2025-08-11T21:52:50.208+03:00  WARN 19100 --- [Carservice] [vice-producer-1] org.apache.kafka.clients.NetworkClient   : [Producer clientId=Carservice-producer-1] Connection to node 0 (localhost/127.0.0.1:9092) could not be established. Broker may not be available.
2025-08-11T21:52:51.128+03:00  INFO 19100 --- [Carservice] [vice-producer-1] org.apache.kafka.clients.NetworkClient   : [Producer clientId=Carservice-producer-1] Node 0 disconnected.
2025-08-11T21:52:51.128+03:00  WARN 19100 --- [Carservice] [vice-producer-1] org.apache.kafka.clients.NetworkClient   : [Producer clientId=Carservice-producer-1] Connection to node 0 (localhost/127.0.0.1:9092) could not be established. Broker may not be available.
2025-08-11T21:52:52.291+03:00  INFO 19100 --- [Carservice] [vice-producer-1] org.apache.kafka.clients.NetworkClient   : [Producer clientId=Carservice-producer-1] Node 0 disconnected.
2025-08-11T21:52:52.291+03:00  WARN 19100 --- [Carservice] [vice-producer-1] org.apache.kafka.clients.NetworkClient   : [Producer clientId=Carservice-producer-1] Connection to node 0 (localhost/127.0.0.1:9092) could not be established. Broker may not be available.
2025-08-11T21:52:53.143+03:00  INFO 19100 --- [Carservice] [vice-producer-1] org.apache.kafka.clients.NetworkClient   : [Producer clientId=Carservice-producer-1] Node 0 disconnected.
2025-08-11T21:52:53.144+03:00  WARN 19100 --- [Carservice] [vice-producer-1] org.apache.kafka.clients.NetworkClient   : [Producer clientId=Carservice-producer-1] Connection to node 0 (localhost/127.0.0.1:9092) could not be established. Broker may not be available.
2025-08-11T21:52:54.183+03:00  INFO 19100 --- [Carservice] [vice-producer-1] org.apache.kafka.clients.NetworkClient   : [Producer clientId=Carservice-producer-1] Node 0 disconnected.
2025-08-11T21:52:54.184+03:00  WARN 19100 --- [Carservice] [vice-producer-1] org.apache.kafka.clients.NetworkClient   : [Producer clientId=Carservice-producer-1] Connection to node 0 (localhost/127.0.0.1:9092) could not be established. Broker may not be available.
2025-08-11T21:52:55.303+03:00  INFO 19100 --- [Carservice] [vice-producer-1] org.apache.kafka.clients.NetworkClient   : [Producer clientId=Carservice-producer-1] Node 0 disconnected.
2025-08-11T21:52:55.303+03:00  WARN 19100 --- [Carservice] [vice-producer-1] org.apache.kafka.clients.NetworkClient   : [Producer clientId=Carservice-producer-1] Connection to node 0 (localhost/127.0.0.1:9092) could not be established. Broker may not be available.
2025-08-11T21:52:56.410+03:00  INFO 19100 --- [Carservice] [vice-producer-1] org.apache.kafka.clients.NetworkClient   : [Producer clientId=Carservice-producer-1] Node 0 disconnected.
2025-08-11T21:52:56.410+03:00  WARN 19100 --- [Carservice] [vice-producer-1] org.apache.kafka.clients.NetworkClient   : [Producer clientId=Carservice-producer-1] Connection to node 0 (localhost/127.0.0.1:9092) could not be established. Broker may not be available.
2025-08-11T21:52:57.264+03:00  INFO 19100 --- [Carservice] [vice-producer-1] org.apache.kafka.clients.NetworkClient   : [Producer clientId=Carservice-producer-1] Node 0 disconnected.
2025-08-11T21:52:57.264+03:00  WARN 19100 --- [Carservice] [vice-producer-1] org.apache.kafka.clients.NetworkClient   : [Producer clientId=Carservice-producer-1] Connection to node 0 (localhost/127.0.0.1:9092) could not be established. Broker may not be available.
2025-08-11T21:52:58.183+03:00  INFO 19100 --- [Carservice] [vice-producer-1] org.apache.kafka.clients.NetworkClient   : [Producer clientId=Carservice-producer-1] Node 0 disconnected.
2025-08-11T21:52:58.183+03:00  WARN 19100 --- [Carservice] [vice-producer-1] org.apache.kafka.clients.NetworkClient   : [Producer clientId=Carservice-producer-1] Connection to node 0 (localhost/127.0.0.1:9092) could not be established. Broker may not be available.
2025-08-11T21:52:59.345+03:00  INFO 19100 --- [Carservice] [vice-producer-1] org.apache.kafka.clients.NetworkClient   : [Producer clientId=Carservice-producer-1] Node 0 disconnected.
2025-08-11T21:52:59.346+03:00  WARN 19100 --- [Carservice] [vice-producer-1] org.apache.kafka.clients.NetworkClient   : [Producer clientId=Carservice-producer-1] Connection to node 0 (localhost/127.0.0.1:9092) could not be established. Broker may not be available.
2025-08-11T21:53:00.426+03:00  INFO 19100 --- [Carservice] [vice-producer-1] org.apache.kafka.clients.NetworkClient   : [Producer clientId=Carservice-producer-1] Node 0 disconnected.
2025-08-11T21:53:00.426+03:00  WARN 19100 --- [Carservice] [vice-producer-1] org.apache.kafka.clients.NetworkClient   : [Producer clientId=Carservice-producer-1] Connection to node 0 (localhost/127.0.0.1:9092) could not be established. Broker may not be available.
2025-08-11T21:53:01.485+03:00  INFO 19100 --- [Carservice] [vice-producer-1] org.apache.kafka.clients.NetworkClient   : [Producer clientId=Carservice-producer-1] Node 0 disconnected.
2025-08-11T21:53:01.486+03:00  WARN 19100 --- [Carservice] [vice-producer-1] org.apache.kafka.clients.NetworkClient   : [Producer clientId=Carservice-producer-1] Connection to node 0 (localhost/127.0.0.1:9092) could not be established. Broker may not be available.
2025-08-11T21:53:02.585+03:00  INFO 19100 --- [Carservice] [vice-producer-1] org.apache.kafka.clients.NetworkClient   : [Producer clientId=Carservice-producer-1] Node 0 disconnected.
2025-08-11T21:53:02.585+03:00  WARN 19100 --- [Carservice] [vice-producer-1] org.apache.kafka.clients.NetworkClient   : [Producer clientId=Carservice-producer-1] Connection to node 0 (localhost/127.0.0.1:9092) could not be established. Broker may not be available.
2025-08-11T21:53:03.501+03:00  INFO 19100 --- [Carservice] [vice-producer-1] org.apache.kafka.clients.NetworkClient   : [Producer clientId=Carservice-producer-1] Node 0 disconnected.
2025-08-11T21:53:03.502+03:00  WARN 19100 --- [Carservice] [vice-producer-1] org.apache.kafka.clients.NetworkClient   : [Producer clientId=Carservice-producer-1] Connection to node 0 (localhost/127.0.0.1:9092) could not be established. Broker may not be available.
2025-08-11T21:53:04.354+03:00  INFO 19100 --- [Carservice] [vice-producer-1] org.apache.kafka.clients.NetworkClient   : [Producer clientId=Carservice-producer-1] Node 0 disconnected.
2025-08-11T21:53:04.354+03:00  WARN 19100 --- [Carservice] [vice-producer-1] org.apache.kafka.clients.NetworkClient   : [Producer clientId=Carservice-producer-1] Connection to node 0 (localhost/127.0.0.1:9092) could not be established. Broker may not be available.
2025-08-11T21:53:05.580+03:00  INFO 19100 --- [Carservice] [vice-producer-1] org.apache.kafka.clients.NetworkClient   : [Producer clientId=Carservice-producer-1] Node 0 disconnected.
2025-08-11T21:53:05.580+03:00  WARN 19100 --- [Carservice] [vice-producer-1] org.apache.kafka.clients.NetworkClient   : [Producer clientId=Carservice-producer-1] Connection to node 0 (localhost/127.0.0.1:9092) could not be established. Broker may not be available.
2025-08-11T21:53:06.805+03:00  INFO 19100 --- [Carservice] [vice-producer-1] org.apache.kafka.clients.NetworkClient   : [Producer clientId=Carservice-producer-1] Node 0 disconnected.
2025-08-11T21:53:06.805+03:00  WARN 19100 --- [Carservice] [vice-producer-1] org.apache.kafka.clients.NetworkClient   : [Producer clientId=Carservice-producer-1] Connection to node 0 (localhost/127.0.0.1:9092) could not be established. Broker may not be available.
2025-08-11T21:53:07.781+03:00  INFO 19100 --- [Carservice] [vice-producer-1] org.apache.kafka.clients.NetworkClient   : [Producer clientId=Carservice-producer-1] Node 0 disconnected.
2025-08-11T21:53:07.782+03:00  WARN 19100 --- [Carservice] [vice-producer-1] org.apache.kafka.clients.NetworkClient   : [Producer clientId=Carservice-producer-1] Connection to node 0 (localhost/127.0.0.1:9092) could not be established. Broker may not be available.
2025-08-11T21:53:08.758+03:00  INFO 19100 --- [Carservice] [vice-producer-1] org.apache.kafka.clients.NetworkClient   : [Producer clientId=Carservice-producer-1] Node 0 disconnected.
2025-08-11T21:53:08.758+03:00  WARN 19100 --- [Carservice] [vice-producer-1] org.apache.kafka.clients.NetworkClient   : [Producer clientId=Carservice-producer-1] Connection to node 0 (localhost/127.0.0.1:9092) could not be established. Broker may not be available.
2025-08-11T21:53:09.987+03:00  INFO 19100 --- [Carservice] [vice-producer-1] org.apache.kafka.clients.NetworkClient   : [Producer clientId=Carservice-producer-1] Node 0 disconnected.
2025-08-11T21:53:09.987+03:00  WARN 19100 --- [Carservice] [vice-producer-1] org.apache.kafka.clients.NetworkClient   : [Producer clientId=Carservice-producer-1] Connection to node 0 (localhost/127.0.0.1:9092) could not be established. Broker may not be available.
2025-08-11T21:53:10.966+03:00  INFO 19100 --- [Carservice] [vice-producer-1] org.apache.kafka.clients.NetworkClient   : [Producer clientId=Carservice-producer-1] Node 0 disconnected.
2025-08-11T21:53:10.967+03:00  WARN 19100 --- [Carservice] [vice-producer-1] org.apache.kafka.clients.NetworkClient   : [Producer clientId=Carservice-producer-1] Connection to node 0 (localhost/127.0.0.1:9092) could not be established. Broker may not be available.
2025-08-11T21:53:11.946+03:00  INFO 19100 --- [Carservice] [vice-producer-1] org.apache.kafka.clients.NetworkClient   : [Producer clientId=Carservice-producer-1] Node 0 disconnected.
2025-08-11T21:53:11.946+03:00  WARN 19100 --- [Carservice] [vice-producer-1] org.apache.kafka.clients.NetworkClient   : [Producer clientId=Carservice-producer-1] Connection to node 0 (localhost/127.0.0.1:9092) could not be established. Broker may not be available.
2025-08-11T21:53:12.992+03:00  INFO 19100 --- [Carservice] [vice-producer-1] org.apache.kafka.clients.NetworkClient   : [Producer clientId=Carservice-producer-1] Node 0 disconnected.
2025-08-11T21:53:12.992+03:00  WARN 19100 --- [Carservice] [vice-producer-1] org.apache.kafka.clients.NetworkClient   : [Producer clientId=Carservice-producer-1] Connection to node 0 (localhost/127.0.0.1:9092) could not be established. Broker may not be available.
2025-08-11T21:53:13.841+03:00  INFO 19100 --- [Carservice] [vice-producer-1] org.apache.kafka.clients.NetworkClient   : [Producer clientId=Carservice-producer-1] Node 0 disconnected.
2025-08-11T21:53:13.842+03:00  WARN 19100 --- [Carservice] [vice-producer-1] org.apache.kafka.clients.NetworkClient   : [Producer clientId=Carservice-producer-1] Connection to node 0 (localhost/127.0.0.1:9092) could not be established. Broker may not be available.
2025-08-11T21:53:14.697+03:00  INFO 19100 --- [Carservice] [vice-producer-1] org.apache.kafka.clients.NetworkClient   : [Producer clientId=Carservice-producer-1] Node 0 disconnected.
2025-08-11T21:53:14.697+03:00  WARN 19100 --- [Carservice] [vice-producer-1] org.apache.kafka.clients.NetworkClient   : [Producer clientId=Carservice-producer-1] Connection to node 0 (localhost/127.0.0.1:9092) could not be established. Broker may not be available.
2025-08-11T21:53:15.861+03:00  INFO 19100 --- [Carservice] [vice-producer-1] org.apache.kafka.clients.NetworkClient   : [Producer clientId=Carservice-producer-1] Node 0 disconnected.
2025-08-11T21:53:15.862+03:00  WARN 19100 --- [Carservice] [vice-producer-1] org.apache.kafka.clients.NetworkClient   : [Producer clientId=Carservice-producer-1] Connection to node 0 (localhost/127.0.0.1:9092) could not be established. Broker may not be available.
2025-08-11T21:53:16.778+03:00  INFO 19100 --- [Carservice] [vice-producer-1] org.apache.kafka.clients.NetworkClient   : [Producer clientId=Carservice-producer-1] Node 0 disconnected.
2025-08-11T21:53:16.779+03:00  WARN 19100 --- [Carservice] [vice-producer-1] org.apache.kafka.clients.NetworkClient   : [Producer clientId=Carservice-producer-1] Connection to node 0 (localhost/127.0.0.1:9092) could not be established. Broker may not be available.
2025-08-11T21:53:17.818+03:00  INFO 19100 --- [Carservice] [vice-producer-1] org.apache.kafka.clients.NetworkClient   : [Producer clientId=Carservice-producer-1] Node 0 disconnected.
2025-08-11T21:53:17.819+03:00  WARN 19100 --- [Carservice] [vice-producer-1] org.apache.kafka.clients.NetworkClient   : [Producer clientId=Carservice-producer-1] Connection to node 0 (localhost/127.0.0.1:9092) could not be established. Broker may not be available.
2025-08-11T21:53:18.735+03:00  INFO 19100 --- [Carservice] [vice-producer-1] org.apache.kafka.clients.NetworkClient   : [Producer clientId=Carservice-producer-1] Node 0 disconnected.
2025-08-11T21:53:18.735+03:00  WARN 19100 --- [Carservice] [vice-producer-1] org.apache.kafka.clients.NetworkClient   : [Producer clientId=Carservice-producer-1] Connection to node 0 (localhost/127.0.0.1:9092) could not be established. Broker may not be available.
2025-08-11T21:53:19.717+03:00  INFO 19100 --- [Carservice] [vice-producer-1] org.apache.kafka.clients.NetworkClient   : [Producer clientId=Carservice-producer-1] Node 0 disconnected.
2025-08-11T21:53:19.718+03:00  WARN 19100 --- [Carservice] [vice-producer-1] org.apache.kafka.clients.NetworkClient   : [Producer clientId=Carservice-producer-1] Connection to node 0 (localhost/127.0.0.1:9092) could not be established. Broker may not be available.
2025-08-11T21:53:20.885+03:00  INFO 19100 --- [Carservice] [vice-producer-1] org.apache.kafka.clients.NetworkClient   : [Producer clientId=Carservice-producer-1] Node 0 disconnected.
2025-08-11T21:53:20.886+03:00  WARN 19100 --- [Carservice] [vice-producer-1] org.apache.kafka.clients.NetworkClient   : [Producer clientId=Carservice-producer-1] Connection to node 0 (localhost/127.0.0.1:9092) could not be established. Broker may not be available.
2025-08-11T21:53:22.112+03:00  INFO 19100 --- [Carservice] [vice-producer-1] org.apache.kafka.clients.NetworkClient   : [Producer clientId=Carservice-producer-1] Node 0 disconnected.
2025-08-11T21:53:22.113+03:00  WARN 19100 --- [Carservice] [vice-producer-1] org.apache.kafka.clients.NetworkClient   : [Producer clientId=Carservice-producer-1] Connection to node 0 (localhost/127.0.0.1:9092) could not be established. Broker may not be available.
2025-08-11T21:53:23.270+03:00  INFO 19100 --- [Carservice] [vice-producer-1] org.apache.kafka.clients.NetworkClient   : [Producer clientId=Carservice-producer-1] Node 0 disconnected.
2025-08-11T21:53:23.270+03:00  WARN 19100 --- [Carservice] [vice-producer-1] org.apache.kafka.clients.NetworkClient   : [Producer clientId=Carservice-producer-1] Connection to node 0 (localhost/127.0.0.1:9092) could not be established. Broker may not be available.
2025-08-11T21:53:24.123+03:00  INFO 19100 --- [Carservice] [vice-producer-1] org.apache.kafka.clients.NetworkClient   : [Producer clientId=Carservice-producer-1] Node 0 disconnected.
2025-08-11T21:53:24.123+03:00  WARN 19100 --- [Carservice] [vice-producer-1] org.apache.kafka.clients.NetworkClient   : [Producer clientId=Carservice-producer-1] Connection to node 0 (localhost/127.0.0.1:9092) could not be established. Broker may not be available.
2025-08-11T21:53:25.165+03:00  INFO 19100 --- [Carservice] [vice-producer-1] org.apache.kafka.clients.NetworkClient   : [Producer clientId=Carservice-producer-1] Node 0 disconnected.
2025-08-11T21:53:25.166+03:00  WARN 19100 --- [Carservice] [vice-producer-1] org.apache.kafka.clients.NetworkClient   : [Producer clientId=Carservice-producer-1] Connection to node 0 (localhost/127.0.0.1:9092) could not be established. Broker may not be available.
2025-08-11T21:53:26.084+03:00  INFO 19100 --- [Carservice] [vice-producer-1] org.apache.kafka.clients.NetworkClient   : [Producer clientId=Carservice-producer-1] Node 0 disconnected.
2025-08-11T21:53:26.084+03:00  WARN 19100 --- [Carservice] [vice-producer-1] org.apache.kafka.clients.NetworkClient   : [Producer clientId=Carservice-producer-1] Connection to node 0 (localhost/127.0.0.1:9092) could not be established. Broker may not be available.
2025-08-11T21:53:27.182+03:00  INFO 19100 --- [Carservice] [vice-producer-1] org.apache.kafka.clients.NetworkClient   : [Producer clientId=Carservice-producer-1] Node 0 disconnected.
2025-08-11T21:53:27.182+03:00  WARN 19100 --- [Carservice] [vice-producer-1] org.apache.kafka.clients.NetworkClient   : [Producer clientId=Carservice-producer-1] Connection to node 0 (localhost/127.0.0.1:9092) could not be established. Broker may not be available.
2025-08-11T21:53:28.042+03:00  INFO 19100 --- [Carservice] [vice-producer-1] org.apache.kafka.clients.NetworkClient   : [Producer clientId=Carservice-producer-1] Node 0 disconnected.
2025-08-11T21:53:28.042+03:00  WARN 19100 --- [Carservice] [vice-producer-1] org.apache.kafka.clients.NetworkClient   : [Producer clientId=Carservice-producer-1] Connection to node 0 (localhost/127.0.0.1:9092) could not be established. Broker may not be available.
2025-08-11T21:53:29.213+03:00  INFO 19100 --- [Carservice] [vice-producer-1] org.apache.kafka.clients.NetworkClient   : [Producer clientId=Carservice-producer-1] Node 0 disconnected.
2025-08-11T21:53:29.213+03:00  WARN 19100 --- [Carservice] [vice-producer-1] org.apache.kafka.clients.NetworkClient   : [Producer clientId=Carservice-producer-1] Connection to node 0 (localhost/127.0.0.1:9092) could not be established. Broker may not be available.
2025-08-11T21:53:30.381+03:00  INFO 19100 --- [Carservice] [vice-producer-1] org.apache.kafka.clients.NetworkClient   : [Producer clientId=Carservice-producer-1] Node 0 disconnected.
2025-08-11T21:53:30.382+03:00  WARN 19100 --- [Carservice] [vice-producer-1] org.apache.kafka.clients.NetworkClient   : [Producer clientId=Carservice-producer-1] Connection to node 0 (localhost/127.0.0.1:9092) could not be established. Broker may not be available.
2025-08-11T21:53:31.296+03:00  INFO 19100 --- [Carservice] [vice-producer-1] org.apache.kafka.clients.NetworkClient   : [Producer clientId=Carservice-producer-1] Node 0 disconnected.
2025-08-11T21:53:31.296+03:00  WARN 19100 --- [Carservice] [vice-producer-1] org.apache.kafka.clients.NetworkClient   : [Producer clientId=Carservice-producer-1] Connection to node 0 (localhost/127.0.0.1:9092) could not be established. Broker may not be available.
2025-08-11T21:53:32.404+03:00  INFO 19100 --- [Carservice] [vice-producer-1] org.apache.kafka.clients.NetworkClient   : [Producer clientId=Carservice-producer-1] Node 0 disconnected.
2025-08-11T21:53:32.404+03:00  WARN 19100 --- [Carservice] [vice-producer-1] org.apache.kafka.clients.NetworkClient   : [Producer clientId=Carservice-producer-1] Connection to node 0 (localhost/127.0.0.1:9092) could not be established. Broker may not be available.
2025-08-11T21:53:33.414+03:00  INFO 19100 --- [Carservice] [vice-producer-1] org.apache.kafka.clients.NetworkClient   : [Producer clientId=Carservice-producer-1] Node 0 disconnected.
2025-08-11T21:53:33.414+03:00  WARN 19100 --- [Carservice] [vice-producer-1] org.apache.kafka.clients.NetworkClient   : [Producer clientId=Carservice-producer-1] Connection to node 0 (localhost/127.0.0.1:9092) could not be established. Broker may not be available.
2025-08-11T21:53:34.454+03:00  INFO 19100 --- [Carservice] [vice-producer-1] org.apache.kafka.clients.NetworkClient   : [Producer clientId=Carservice-producer-1] Node 0 disconnected.
2025-08-11T21:53:34.454+03:00  WARN 19100 --- [Carservice] [vice-producer-1] org.apache.kafka.clients.NetworkClient   : [Producer clientId=Carservice-producer-1] Connection to node 0 (localhost/127.0.0.1:9092) could not be established. Broker may not be available.
2025-08-11T21:53:35.495+03:00  INFO 19100 --- [Carservice] [vice-producer-1] org.apache.kafka.clients.NetworkClient   : [Producer clientId=Carservice-producer-1] Node 0 disconnected.
2025-08-11T21:53:35.495+03:00  WARN 19100 --- [Carservice] [vice-producer-1] org.apache.kafka.clients.NetworkClient   : [Producer clientId=Carservice-producer-1] Connection to node 0 (localhost/127.0.0.1:9092) could not be established. Broker may not be available.
2025-08-11T21:53:36.535+03:00  INFO 19100 --- [Carservice] [vice-producer-1] org.apache.kafka.clients.NetworkClient   : [Producer clientId=Carservice-producer-1] Node 0 disconnected.
2025-08-11T21:53:36.535+03:00  WARN 19100 --- [Carservice] [vice-producer-1] org.apache.kafka.clients.NetworkClient   : [Producer clientId=Carservice-producer-1] Connection to node 0 (localhost/127.0.0.1:9092) could not be established. Broker may not be available.
2025-08-11T21:53:37.642+03:00  INFO 19100 --- [Carservice] [vice-producer-1] org.apache.kafka.clients.NetworkClient   : [Producer clientId=Carservice-producer-1] Node 0 disconnected.
2025-08-11T21:53:37.642+03:00  WARN 19100 --- [Carservice] [vice-producer-1] org.apache.kafka.clients.NetworkClient   : [Producer clientId=Carservice-producer-1] Connection to node 0 (localhost/127.0.0.1:9092) could not be established. Broker may not be available.
2025-08-11T21:53:38.624+03:00  INFO 19100 --- [Carservice] [vice-producer-1] org.apache.kafka.clients.NetworkClient   : [Producer clientId=Carservice-producer-1] Node 0 disconnected.
2025-08-11T21:53:38.624+03:00  WARN 19100 --- [Carservice] [vice-producer-1] org.apache.kafka.clients.NetworkClient   : [Producer clientId=Carservice-producer-1] Connection to node 0 (localhost/127.0.0.1:9092) could not be established. Broker may not be available.
2025-08-11T21:53:39.789+03:00  INFO 19100 --- [Carservice] [vice-producer-1] org.apache.kafka.clients.NetworkClient   : [Producer clientId=Carservice-producer-1] Node 0 disconnected.
2025-08-11T21:53:39.789+03:00  WARN 19100 --- [Carservice] [vice-producer-1] org.apache.kafka.clients.NetworkClient   : [Producer clientId=Carservice-producer-1] Connection to node 0 (localhost/127.0.0.1:9092) could not be established. Broker may not be available.
2025-08-11T21:53:40.954+03:00  INFO 19100 --- [Carservice] [vice-producer-1] org.apache.kafka.clients.NetworkClient   : [Producer clientId=Carservice-producer-1] Node 0 disconnected.
2025-08-11T21:53:40.955+03:00  WARN 19100 --- [Carservice] [vice-producer-1] org.apache.kafka.clients.NetworkClient   : [Producer clientId=Carservice-producer-1] Connection to node 0 (localhost/127.0.0.1:9092) could not be established. Broker may not be available.
2025-08-11T21:53:42.058+03:00  INFO 19100 --- [Carservice] [vice-producer-1] org.apache.kafka.clients.NetworkClient   : [Producer clientId=Carservice-producer-1] Node 0 disconnected.
2025-08-11T21:53:42.058+03:00  WARN 19100 --- [Carservice] [vice-producer-1] org.apache.kafka.clients.NetworkClient   : [Producer clientId=Carservice-producer-1] Connection to node 0 (localhost/127.0.0.1:9092) could not be established. Broker may not be available.
2025-08-11T21:53:42.979+03:00  INFO 19100 --- [Carservice] [vice-producer-1] org.apache.kafka.clients.NetworkClient   : [Producer clientId=Carservice-producer-1] Node 0 disconnected.
2025-08-11T21:53:42.979+03:00  WARN 19100 --- [Carservice] [vice-producer-1] org.apache.kafka.clients.NetworkClient   : [Producer clientId=Carservice-producer-1] Connection to node 0 (localhost/127.0.0.1:9092) could not be established. Broker may not be available.
2025-08-11T21:53:44.081+03:00  INFO 19100 --- [Carservice] [vice-producer-1] org.apache.kafka.clients.NetworkClient   : [Producer clientId=Carservice-producer-1] Node 0 disconnected.
2025-08-11T21:53:44.081+03:00  WARN 19100 --- [Carservice] [vice-producer-1] org.apache.kafka.clients.NetworkClient   : [Producer clientId=Carservice-producer-1] Connection to node 0 (localhost/127.0.0.1:9092) could not be established. Broker may not be available.
2025-08-11T21:53:44.934+03:00  INFO 19100 --- [Carservice] [vice-producer-1] org.apache.kafka.clients.NetworkClient   : [Producer clientId=Carservice-producer-1] Node 0 disconnected.
2025-08-11T21:53:44.935+03:00  WARN 19100 --- [Carservice] [vice-producer-1] org.apache.kafka.clients.NetworkClient   : [Producer clientId=Carservice-producer-1] Connection to node 0 (localhost/127.0.0.1:9092) could not be established. Broker may not be available.
2025-08-11T21:53:45.913+03:00  INFO 19100 --- [Carservice] [vice-producer-1] org.apache.kafka.clients.NetworkClient   : [Producer clientId=Carservice-producer-1] Node 0 disconnected.
2025-08-11T21:53:45.913+03:00  WARN 19100 --- [Carservice] [vice-producer-1] org.apache.kafka.clients.NetworkClient   : [Producer clientId=Carservice-producer-1] Connection to node 0 (localhost/127.0.0.1:9092) could not be established. Broker may not be available.
2025-08-11T21:53:46.827+03:00  INFO 19100 --- [Carservice] [vice-producer-1] org.apache.kafka.clients.NetworkClient   : [Producer clientId=Carservice-producer-1] Node 0 disconnected.
2025-08-11T21:53:46.828+03:00  WARN 19100 --- [Carservice] [vice-producer-1] org.apache.kafka.clients.NetworkClient   : [Producer clientId=Carservice-producer-1] Connection to node 0 (localhost/127.0.0.1:9092) could not be established. Broker may not be available.
2025-08-11T21:53:47.746+03:00  INFO 19100 --- [Carservice] [vice-producer-1] org.apache.kafka.clients.NetworkClient   : [Producer clientId=Carservice-producer-1] Node 0 disconnected.
2025-08-11T21:53:47.746+03:00  WARN 19100 --- [Carservice] [vice-producer-1] org.apache.kafka.clients.NetworkClient   : [Producer clientId=Carservice-producer-1] Connection to node 0 (localhost/127.0.0.1:9092) could not be established. Broker may not be available.
2025-08-11T21:53:48.849+03:00  INFO 19100 --- [Carservice] [vice-producer-1] org.apache.kafka.clients.NetworkClient   : [Producer clientId=Carservice-producer-1] Node 0 disconnected.
2025-08-11T21:53:48.849+03:00  WARN 19100 --- [Carservice] [vice-producer-1] org.apache.kafka.clients.NetworkClient   : [Producer clientId=Carservice-producer-1] Connection to node 0 (localhost/127.0.0.1:9092) could not be established. Broker may not be available.
2025-08-11T21:53:49.766+03:00  INFO 19100 --- [Carservice] [vice-producer-1] org.apache.kafka.clients.NetworkClient   : [Producer clientId=Carservice-producer-1] Node 0 disconnected.
2025-08-11T21:53:49.766+03:00  WARN 19100 --- [Carservice] [vice-producer-1] org.apache.kafka.clients.NetworkClient   : [Producer clientId=Carservice-producer-1] Connection to node 0 (localhost/127.0.0.1:9092) could not be established. Broker may not be available.
2025-08-11T21:53:50.622+03:00  INFO 19100 --- [Carservice] [vice-producer-1] org.apache.kafka.clients.NetworkClient   : [Producer clientId=Carservice-producer-1] Node 0 disconnected.
2025-08-11T21:53:50.622+03:00  WARN 19100 --- [Carservice] [vice-producer-1] org.apache.kafka.clients.NetworkClient   : [Producer clientId=Carservice-producer-1] Connection to node 0 (localhost/127.0.0.1:9092) could not be established. Broker may not be available.
2025-08-11T21:53:51.791+03:00  INFO 19100 --- [Carservice] [vice-producer-1] org.apache.kafka.clients.NetworkClient   : [Producer clientId=Carservice-producer-1] Node 0 disconnected.
2025-08-11T21:53:51.791+03:00  WARN 19100 --- [Carservice] [vice-producer-1] org.apache.kafka.clients.NetworkClient   : [Producer clientId=Carservice-producer-1] Connection to node 0 (localhost/127.0.0.1:9092) could not be established. Broker may not be available.
2025-08-11T21:53:52.892+03:00  INFO 19100 --- [Carservice] [vice-producer-1] org.apache.kafka.clients.NetworkClient   : [Producer clientId=Carservice-producer-1] Node 0 disconnected.
2025-08-11T21:53:52.892+03:00  WARN 19100 --- [Carservice] [vice-producer-1] org.apache.kafka.clients.NetworkClient   : [Producer clientId=Carservice-producer-1] Connection to node 0 (localhost/127.0.0.1:9092) could not be established. Broker may not be available.
2025-08-11T21:53:53.746+03:00  INFO 19100 --- [Carservice] [vice-producer-1] org.apache.kafka.clients.NetworkClient   : [Producer clientId=Carservice-producer-1] Node 0 disconnected.
2025-08-11T21:53:53.747+03:00  WARN 19100 --- [Carservice] [vice-producer-1] org.apache.kafka.clients.NetworkClient   : [Producer clientId=Carservice-producer-1] Connection to node 0 (localhost/127.0.0.1:9092) could not be established. Broker may not be available.
2025-08-11T21:53:54.722+03:00  INFO 19100 --- [Carservice] [vice-producer-1] org.apache.kafka.clients.NetworkClient   : [Producer clientId=Carservice-producer-1] Node 0 disconnected.
2025-08-11T21:53:54.722+03:00  WARN 19100 --- [Carservice] [vice-producer-1] org.apache.kafka.clients.NetworkClient   : [Producer clientId=Carservice-producer-1] Connection to node 0 (localhost/127.0.0.1:9092) could not be established. Broker may not be available.
2025-08-11T21:53:55.638+03:00  INFO 19100 --- [Carservice] [vice-producer-1] org.apache.kafka.clients.NetworkClient   : [Producer clientId=Carservice-producer-1] Node 0 disconnected.
2025-08-11T21:53:55.638+03:00  WARN 19100 --- [Carservice] [vice-producer-1] org.apache.kafka.clients.NetworkClient   : [Producer clientId=Carservice-producer-1] Connection to node 0 (localhost/127.0.0.1:9092) could not be established. Broker may not be available.
2025-08-11T21:53:56.685+03:00  INFO 19100 --- [Carservice] [vice-producer-1] org.apache.kafka.clients.NetworkClient   : [Producer clientId=Carservice-producer-1] Node 0 disconnected.
2025-08-11T21:53:56.686+03:00  WARN 19100 --- [Carservice] [vice-producer-1] org.apache.kafka.clients.NetworkClient   : [Producer clientId=Carservice-producer-1] Connection to node 0 (localhost/127.0.0.1:9092) could not be established. Broker may not be available.
2025-08-11T21:53:57.851+03:00  INFO 19100 --- [Carservice] [vice-producer-1] org.apache.kafka.clients.NetworkClient   : [Producer clientId=Carservice-producer-1] Node 0 disconnected.
2025-08-11T21:53:57.851+03:00  WARN 19100 --- [Carservice] [vice-producer-1] org.apache.kafka.clients.NetworkClient   : [Producer clientId=Carservice-producer-1] Connection to node 0 (localhost/127.0.0.1:9092) could not be established. Broker may not be available.
2025-08-11T21:53:58.766+03:00  INFO 19100 --- [Carservice] [vice-producer-1] org.apache.kafka.clients.NetworkClient   : [Producer clientId=Carservice-producer-1] Node 0 disconnected.
2025-08-11T21:53:58.766+03:00  WARN 19100 --- [Carservice] [vice-producer-1] org.apache.kafka.clients.NetworkClient   : [Producer clientId=Carservice-producer-1] Connection to node 0 (localhost/127.0.0.1:9092) could not be established. Broker may not be available.
2025-08-11T21:53:59.990+03:00  INFO 19100 --- [Carservice] [vice-producer-1] org.apache.kafka.clients.NetworkClient   : [Producer clientId=Carservice-producer-1] Node 0 disconnected.
2025-08-11T21:53:59.990+03:00  WARN 19100 --- [Carservice] [vice-producer-1] org.apache.kafka.clients.NetworkClient   : [Producer clientId=Carservice-producer-1] Connection to node 0 (localhost/127.0.0.1:9092) could not be established. Broker may not be available.
2025-08-11T21:54:00.908+03:00  INFO 19100 --- [Carservice] [vice-producer-1] org.apache.kafka.clients.NetworkClient   : [Producer clientId=Carservice-producer-1] Node 0 disconnected.
2025-08-11T21:54:00.908+03:00  WARN 19100 --- [Carservice] [vice-producer-1] org.apache.kafka.clients.NetworkClient   : [Producer clientId=Carservice-producer-1] Connection to node 0 (localhost/127.0.0.1:9092) could not be established. Broker may not be available.
2025-08-11T21:54:01.763+03:00  INFO 19100 --- [Carservice] [vice-producer-1] org.apache.kafka.clients.NetworkClient   : [Producer clientId=Carservice-producer-1] Node 0 disconnected.
2025-08-11T21:54:01.763+03:00  WARN 19100 --- [Carservice] [vice-producer-1] org.apache.kafka.clients.NetworkClient   : [Producer clientId=Carservice-producer-1] Connection to node 0 (localhost/127.0.0.1:9092) could not be established. Broker may not be available.
2025-08-11T21:54:02.930+03:00  INFO 19100 --- [Carservice] [vice-producer-1] org.apache.kafka.clients.NetworkClient   : [Producer clientId=Carservice-producer-1] Node 0 disconnected.
2025-08-11T21:54:02.931+03:00  WARN 19100 --- [Carservice] [vice-producer-1] org.apache.kafka.clients.NetworkClient   : [Producer clientId=Carservice-producer-1] Connection to node 0 (localhost/127.0.0.1:9092) could not be established. Broker may not be available.
2025-08-11T21:54:03.842+03:00  INFO 19100 --- [Carservice] [vice-producer-1] org.apache.kafka.clients.NetworkClient   : [Producer clientId=Carservice-producer-1] Node 0 disconnected.
2025-08-11T21:54:03.842+03:00  WARN 19100 --- [Carservice] [vice-producer-1] org.apache.kafka.clients.NetworkClient   : [Producer clientId=Carservice-producer-1] Connection to node 0 (localhost/127.0.0.1:9092) could not be established. Broker may not be available.
2025-08-11T21:54:05.010+03:00  INFO 19100 --- [Carservice] [vice-producer-1] org.apache.kafka.clients.NetworkClient   : [Producer clientId=Carservice-producer-1] Node 0 disconnected.
2025-08-11T21:54:05.010+03:00  WARN 19100 --- [Carservice] [vice-producer-1] org.apache.kafka.clients.NetworkClient   : [Producer clientId=Carservice-producer-1] Connection to node 0 (localhost/127.0.0.1:9092) could not be established. Broker may not be available.
2025-08-11T21:54:06.180+03:00  INFO 19100 --- [Carservice] [vice-producer-1] org.apache.kafka.clients.NetworkClient   : [Producer clientId=Carservice-producer-1] Node 0 disconnected.
2025-08-11T21:54:06.180+03:00  WARN 19100 --- [Carservice] [vice-producer-1] org.apache.kafka.clients.NetworkClient   : [Producer clientId=Carservice-producer-1] Connection to node 0 (localhost/127.0.0.1:9092) could not be established. Broker may not be available.
2025-08-11T21:54:07.029+03:00  INFO 19100 --- [Carservice] [vice-producer-1] org.apache.kafka.clients.NetworkClient   : [Producer clientId=Carservice-producer-1] Node 0 disconnected.
2025-08-11T21:54:07.029+03:00  WARN 19100 --- [Carservice] [vice-producer-1] org.apache.kafka.clients.NetworkClient   : [Producer clientId=Carservice-producer-1] Connection to node 0 (localhost/127.0.0.1:9092) could not be established. Broker may not be available.
2025-08-11T21:54:08.195+03:00  INFO 19100 --- [Carservice] [vice-producer-1] org.apache.kafka.clients.NetworkClient   : [Producer clientId=Carservice-producer-1] Node 0 disconnected.
2025-08-11T21:54:08.195+03:00  WARN 19100 --- [Carservice] [vice-producer-1] org.apache.kafka.clients.NetworkClient   : [Producer clientId=Carservice-producer-1] Connection to node 0 (localhost/127.0.0.1:9092) could not be established. Broker may not be available.
2025-08-11T21:54:09.172+03:00  INFO 19100 --- [Carservice] [vice-producer-1] org.apache.kafka.clients.NetworkClient   : [Producer clientId=Carservice-producer-1] Node 0 disconnected.
2025-08-11T21:54:09.172+03:00  WARN 19100 --- [Carservice] [vice-producer-1] org.apache.kafka.clients.NetworkClient   : [Producer clientId=Carservice-producer-1] Connection to node 0 (localhost/127.0.0.1:9092) could not be established. Broker may not be available.
2025-08-11T21:54:10.342+03:00  INFO 19100 --- [Carservice] [vice-producer-1] org.apache.kafka.clients.NetworkClient   : [Producer clientId=Carservice-producer-1] Node 0 disconnected.
2025-08-11T21:54:10.342+03:00  WARN 19100 --- [Carservice] [vice-producer-1] org.apache.kafka.clients.NetworkClient   : [Producer clientId=Carservice-producer-1] Connection to node 0 (localhost/127.0.0.1:9092) could not be established. Broker may not be available.
2025-08-11T21:54:11.571+03:00  INFO 19100 --- [Carservice] [vice-producer-1] org.apache.kafka.clients.NetworkClient   : [Producer clientId=Carservice-producer-1] Node 0 disconnected.
2025-08-11T21:54:11.571+03:00  WARN 19100 --- [Carservice] [vice-producer-1] org.apache.kafka.clients.NetworkClient   : [Producer clientId=Carservice-producer-1] Connection to node 0 (localhost/127.0.0.1:9092) could not be established. Broker may not be available.
2025-08-11T21:54:12.424+03:00  INFO 19100 --- [Carservice] [vice-producer-1] org.apache.kafka.clients.NetworkClient   : [Producer clientId=Carservice-producer-1] Node 0 disconnected.
2025-08-11T21:54:12.425+03:00  WARN 19100 --- [Carservice] [vice-producer-1] org.apache.kafka.clients.NetworkClient   : [Producer clientId=Carservice-producer-1] Connection to node 0 (localhost/127.0.0.1:9092) could not be established. Broker may not be available.
2025-08-11T21:54:13.466+03:00  INFO 19100 --- [Carservice] [vice-producer-1] org.apache.kafka.clients.NetworkClient   : [Producer clientId=Carservice-producer-1] Node 0 disconnected.
2025-08-11T21:54:13.466+03:00  WARN 19100 --- [Carservice] [vice-producer-1] org.apache.kafka.clients.NetworkClient   : [Producer clientId=Carservice-producer-1] Connection to node 0 (localhost/127.0.0.1:9092) could not be established. Broker may not be available.
2025-08-11T21:54:14.564+03:00  INFO 19100 --- [Carservice] [vice-producer-1] org.apache.kafka.clients.NetworkClient   : [Producer clientId=Carservice-producer-1] Node 0 disconnected.
2025-08-11T21:54:14.565+03:00  WARN 19100 --- [Carservice] [vice-producer-1] org.apache.kafka.clients.NetworkClient   : [Producer clientId=Carservice-producer-1] Connection to node 0 (localhost/127.0.0.1:9092) could not be established. Broker may not be available.
2025-08-11T21:54:15.606+03:00  INFO 19100 --- [Carservice] [vice-producer-1] org.apache.kafka.clients.NetworkClient   : [Producer clientId=Carservice-producer-1] Node 0 disconnected.
2025-08-11T21:54:15.606+03:00  WARN 19100 --- [Carservice] [vice-producer-1] org.apache.kafka.clients.NetworkClient   : [Producer clientId=Carservice-producer-1] Connection to node 0 (localhost/127.0.0.1:9092) could not be established. Broker may not be available.
2025-08-11T21:54:16.772+03:00  INFO 19100 --- [Carservice] [vice-producer-1] org.apache.kafka.clients.NetworkClient   : [Producer clientId=Carservice-producer-1] Node 0 disconnected.
2025-08-11T21:54:16.773+03:00  WARN 19100 --- [Carservice] [vice-producer-1] org.apache.kafka.clients.NetworkClient   : [Producer clientId=Carservice-producer-1] Connection to node 0 (localhost/127.0.0.1:9092) could not be established. Broker may not be available.
2025-08-11T21:54:17.748+03:00  INFO 19100 --- [Carservice] [vice-producer-1] org.apache.kafka.clients.NetworkClient   : [Producer clientId=Carservice-producer-1] Node 0 disconnected.
2025-08-11T21:54:17.748+03:00  WARN 19100 --- [Carservice] [vice-producer-1] org.apache.kafka.clients.NetworkClient   : [Producer clientId=Carservice-producer-1] Connection to node 0 (localhost/127.0.0.1:9092) could not be established. Broker may not be available.
2025-08-11T21:54:18.905+03:00  INFO 19100 --- [Carservice] [vice-producer-1] org.apache.kafka.clients.NetworkClient   : [Producer clientId=Carservice-producer-1] Node 0 disconnected.
2025-08-11T21:54:18.905+03:00  WARN 19100 --- [Carservice] [vice-producer-1] org.apache.kafka.clients.NetworkClient   : [Producer clientId=Carservice-producer-1] Connection to node 0 (localhost/127.0.0.1:9092) could not be established. Broker may not be available.
2025-08-11T21:54:20.069+03:00  INFO 19100 --- [Carservice] [vice-producer-1] org.apache.kafka.clients.NetworkClient   : [Producer clientId=Carservice-producer-1] Node 0 disconnected.
2025-08-11T21:54:20.069+03:00  WARN 19100 --- [Carservice] [vice-producer-1] org.apache.kafka.clients.NetworkClient   : [Producer clientId=Carservice-producer-1] Connection to node 0 (localhost/127.0.0.1:9092) could not be established. Broker may not be available.
2025-08-11T21:54:21.175+03:00  INFO 19100 --- [Carservice] [vice-producer-1] org.apache.kafka.clients.NetworkClient   : [Producer clientId=Carservice-producer-1] Node 0 disconnected.
2025-08-11T21:54:21.176+03:00  WARN 19100 --- [Carservice] [vice-producer-1] org.apache.kafka.clients.NetworkClient   : [Producer clientId=Carservice-producer-1] Connection to node 0 (localhost/127.0.0.1:9092) could not be established. Broker may not be available.
2025-08-11T21:54:22.405+03:00  INFO 19100 --- [Carservice] [vice-producer-1] org.apache.kafka.clients.NetworkClient   : [Producer clientId=Carservice-producer-1] Node 0 disconnected.
2025-08-11T21:54:22.405+03:00  WARN 19100 --- [Carservice] [vice-producer-1] org.apache.kafka.clients.NetworkClient   : [Producer clientId=Carservice-producer-1] Connection to node 0 (localhost/127.0.0.1:9092) could not be established. Broker may not be available.
2025-08-11T21:54:23.323+03:00  INFO 19100 --- [Carservice] [vice-producer-1] org.apache.kafka.clients.NetworkClient   : [Producer clientId=Carservice-producer-1] Node 0 disconnected.
2025-08-11T21:54:23.323+03:00  WARN 19100 --- [Carservice] [vice-producer-1] org.apache.kafka.clients.NetworkClient   : [Producer clientId=Carservice-producer-1] Connection to node 0 (localhost/127.0.0.1:9092) could not be established. Broker may not be available.
2025-08-11T21:54:24.241+03:00  INFO 19100 --- [Carservice] [vice-producer-1] org.apache.kafka.clients.NetworkClient   : [Producer clientId=Carservice-producer-1] Node 0 disconnected.
2025-08-11T21:54:24.241+03:00  WARN 19100 --- [Carservice] [vice-producer-1] org.apache.kafka.clients.NetworkClient   : [Producer clientId=Carservice-producer-1] Connection to node 0 (localhost/127.0.0.1:9092) could not be established. Broker may not be available.
2025-08-11T21:54:25.409+03:00  INFO 19100 --- [Carservice] [vice-producer-1] org.apache.kafka.clients.NetworkClient   : [Producer clientId=Carservice-producer-1] Node 0 disconnected.
2025-08-11T21:54:25.409+03:00  WARN 19100 --- [Carservice] [vice-producer-1] org.apache.kafka.clients.NetworkClient   : [Producer clientId=Carservice-producer-1] Connection to node 0 (localhost/127.0.0.1:9092) could not be established. Broker may not be available.
2025-08-11T21:54:26.513+03:00  INFO 19100 --- [Carservice] [vice-producer-1] org.apache.kafka.clients.NetworkClient   : [Producer clientId=Carservice-producer-1] Node 0 disconnected.
2025-08-11T21:54:26.514+03:00  WARN 19100 --- [Carservice] [vice-producer-1] org.apache.kafka.clients.NetworkClient   : [Producer clientId=Carservice-producer-1] Connection to node 0 (localhost/127.0.0.1:9092) could not be established. Broker may not be available.
2025-08-11T21:54:27.433+03:00  INFO 19100 --- [Carservice] [vice-producer-1] org.apache.kafka.clients.NetworkClient   : [Producer clientId=Carservice-producer-1] Node 0 disconnected.
2025-08-11T21:54:27.433+03:00  WARN 19100 --- [Carservice] [vice-producer-1] org.apache.kafka.clients.NetworkClient   : [Producer clientId=Carservice-producer-1] Connection to node 0 (localhost/127.0.0.1:9092) could not be established. Broker may not be available.
2025-08-11T21:54:28.491+03:00  INFO 19100 --- [Carservice] [vice-producer-1] org.apache.kafka.clients.NetworkClient   : [Producer clientId=Carservice-producer-1] Node 0 disconnected.
2025-08-11T21:54:28.491+03:00  WARN 19100 --- [Carservice] [vice-producer-1] org.apache.kafka.clients.NetworkClient   : [Producer clientId=Carservice-producer-1] Connection to node 0 (localhost/127.0.0.1:9092) could not be established. Broker may not be available.
2025-08-11T21:54:29.457+03:00  INFO 19100 --- [Carservice] [vice-producer-1] org.apache.kafka.clients.NetworkClient   : [Producer clientId=Carservice-producer-1] Node 0 disconnected.
2025-08-11T21:54:29.457+03:00  WARN 19100 --- [Carservice] [vice-producer-1] org.apache.kafka.clients.NetworkClient   : [Producer clientId=Carservice-producer-1] Connection to node 0 (localhost/127.0.0.1:9092) could not be established. Broker may not be available.
2025-08-11T21:54:30.373+03:00  INFO 19100 --- [Carservice] [vice-producer-1] org.apache.kafka.clients.NetworkClient   : [Producer clientId=Carservice-producer-1] Node 0 disconnected.
2025-08-11T21:54:30.373+03:00  WARN 19100 --- [Carservice] [vice-producer-1] org.apache.kafka.clients.NetworkClient   : [Producer clientId=Carservice-producer-1] Connection to node 0 (localhost/127.0.0.1:9092) could not be established. Broker may not be available.
2025-08-11T21:54:31.411+03:00  INFO 19100 --- [Carservice] [vice-producer-1] org.apache.kafka.clients.NetworkClient   : [Producer clientId=Carservice-producer-1] Node 0 disconnected.
2025-08-11T21:54:31.411+03:00  WARN 19100 --- [Carservice] [vice-producer-1] org.apache.kafka.clients.NetworkClient   : [Producer clientId=Carservice-producer-1] Connection to node 0 (localhost/127.0.0.1:9092) could not be established. Broker may not be available.
2025-08-11T21:54:32.523+03:00  INFO 19100 --- [Carservice] [vice-producer-1] org.apache.kafka.clients.NetworkClient   : [Producer clientId=Carservice-producer-1] Node 0 disconnected.
2025-08-11T21:54:32.523+03:00  WARN 19100 --- [Carservice] [vice-producer-1] org.apache.kafka.clients.NetworkClient   : [Producer clientId=Carservice-producer-1] Connection to node 0 (localhost/127.0.0.1:9092) could not be established. Broker may not be available.
2025-08-11T21:54:33.685+03:00  INFO 19100 --- [Carservice] [vice-producer-1] org.apache.kafka.clients.NetworkClient   : [Producer clientId=Carservice-producer-1] Node 0 disconnected.
2025-08-11T21:54:33.686+03:00  WARN 19100 --- [Carservice] [vice-producer-1] org.apache.kafka.clients.NetworkClient   : [Producer clientId=Carservice-producer-1] Connection to node 0 (localhost/127.0.0.1:9092) could not be established. Broker may not be available.
2025-08-11T21:54:34.853+03:00  INFO 19100 --- [Carservice] [vice-producer-1] org.apache.kafka.clients.NetworkClient   : [Producer clientId=Carservice-producer-1] Node 0 disconnected.
2025-08-11T21:54:34.853+03:00  WARN 19100 --- [Carservice] [vice-producer-1] org.apache.kafka.clients.NetworkClient   : [Producer clientId=Carservice-producer-1] Connection to node 0 (localhost/127.0.0.1:9092) could not be established. Broker may not be available.
2025-08-11T21:54:36.078+03:00  INFO 19100 --- [Carservice] [vice-producer-1] org.apache.kafka.clients.NetworkClient   : [Producer clientId=Carservice-producer-1] Node 0 disconnected.
2025-08-11T21:54:36.078+03:00  WARN 19100 --- [Carservice] [vice-producer-1] org.apache.kafka.clients.NetworkClient   : [Producer clientId=Carservice-producer-1] Connection to node 0 (localhost/127.0.0.1:9092) could not be established. Broker may not be available.
2025-08-11T21:54:36.933+03:00  INFO 19100 --- [Carservice] [vice-producer-1] org.apache.kafka.clients.NetworkClient   : [Producer clientId=Carservice-producer-1] Node 0 disconnected.
2025-08-11T21:54:36.933+03:00  WARN 19100 --- [Carservice] [vice-producer-1] org.apache.kafka.clients.NetworkClient   : [Producer clientId=Carservice-producer-1] Connection to node 0 (localhost/127.0.0.1:9092) could not be established. Broker may not be available.
2025-08-11T21:54:37.911+03:00  INFO 19100 --- [Carservice] [vice-producer-1] org.apache.kafka.clients.NetworkClient   : [Producer clientId=Carservice-producer-1] Node 0 disconnected.
2025-08-11T21:54:37.911+03:00  WARN 19100 --- [Carservice] [vice-producer-1] org.apache.kafka.clients.NetworkClient   : [Producer clientId=Carservice-producer-1] Connection to node 0 (localhost/127.0.0.1:9092) could not be established. Broker may not be available.
2025-08-11T21:54:38.952+03:00  INFO 19100 --- [Carservice] [vice-producer-1] org.apache.kafka.clients.NetworkClient   : [Producer clientId=Carservice-producer-1] Node 0 disconnected.
2025-08-11T21:54:38.952+03:00  WARN 19100 --- [Carservice] [vice-producer-1] org.apache.kafka.clients.NetworkClient   : [Producer clientId=Carservice-producer-1] Connection to node 0 (localhost/127.0.0.1:9092) could not be established. Broker may not be available.
2025-08-11T21:54:39.993+03:00  INFO 19100 --- [Carservice] [vice-producer-1] org.apache.kafka.clients.NetworkClient   : [Producer clientId=Carservice-producer-1] Node 0 disconnected.
2025-08-11T21:54:39.993+03:00  WARN 19100 --- [Carservice] [vice-producer-1] org.apache.kafka.clients.NetworkClient   : [Producer clientId=Carservice-producer-1] Connection to node 0 (localhost/127.0.0.1:9092) could not be established. Broker may not be available.
2025-08-11T21:54:41.157+03:00  INFO 19100 --- [Carservice] [vice-producer-1] org.apache.kafka.clients.NetworkClient   : [Producer clientId=Carservice-producer-1] Node 0 disconnected.
2025-08-11T21:54:41.157+03:00  WARN 19100 --- [Carservice] [vice-producer-1] org.apache.kafka.clients.NetworkClient   : [Producer clientId=Carservice-producer-1] Connection to node 0 (localhost/127.0.0.1:9092) could not be established. Broker may not be available.
2025-08-11T21:54:42.131+03:00  INFO 19100 --- [Carservice] [vice-producer-1] org.apache.kafka.clients.NetworkClient   : [Producer clientId=Carservice-producer-1] Node 0 disconnected.
2025-08-11T21:54:42.132+03:00  WARN 19100 --- [Carservice] [vice-producer-1] org.apache.kafka.clients.NetworkClient   : [Producer clientId=Carservice-producer-1] Connection to node 0 (localhost/127.0.0.1:9092) could not be established. Broker may not be available.
2025-08-11T21:54:43.236+03:00  INFO 19100 --- [Carservice] [vice-producer-1] org.apache.kafka.clients.NetworkClient   : [Producer clientId=Carservice-producer-1] Node 0 disconnected.
2025-08-11T21:54:43.237+03:00  WARN 19100 --- [Carservice] [vice-producer-1] org.apache.kafka.clients.NetworkClient   : [Producer clientId=Carservice-producer-1] Connection to node 0 (localhost/127.0.0.1:9092) could not be established. Broker may not be available.
2025-08-11T21:54:44.149+03:00  INFO 19100 --- [Carservice] [vice-producer-1] org.apache.kafka.clients.NetworkClient   : [Producer clientId=Carservice-producer-1] Node 0 disconnected.
2025-08-11T21:54:44.150+03:00  WARN 19100 --- [Carservice] [vice-producer-1] org.apache.kafka.clients.NetworkClient   : [Producer clientId=Carservice-producer-1] Connection to node 0 (localhost/127.0.0.1:9092) could not be established. Broker may not be available.
2025-08-11T21:54:45.381+03:00  INFO 19100 --- [Carservice] [vice-producer-1] org.apache.kafka.clients.NetworkClient   : [Producer clientId=Carservice-producer-1] Node 0 disconnected.
2025-08-11T21:54:45.381+03:00  WARN 19100 --- [Carservice] [vice-producer-1] org.apache.kafka.clients.NetworkClient   : [Producer clientId=Carservice-producer-1] Connection to node 0 (localhost/127.0.0.1:9092) could not be established. Broker may not be available.
2025-08-11T21:54:46.235+03:00  INFO 19100 --- [Carservice] [vice-producer-1] org.apache.kafka.clients.NetworkClient   : [Producer clientId=Carservice-producer-1] Node 0 disconnected.
2025-08-11T21:54:46.236+03:00  WARN 19100 --- [Carservice] [vice-producer-1] org.apache.kafka.clients.NetworkClient   : [Producer clientId=Carservice-producer-1] Connection to node 0 (localhost/127.0.0.1:9092) could not be established. Broker may not be available.
2025-08-11T21:54:47.152+03:00  INFO 19100 --- [Carservice] [vice-producer-1] org.apache.kafka.clients.NetworkClient   : [Producer clientId=Carservice-producer-1] Node 0 disconnected.
2025-08-11T21:54:47.152+03:00  WARN 19100 --- [Carservice] [vice-producer-1] org.apache.kafka.clients.NetworkClient   : [Producer clientId=Carservice-producer-1] Connection to node 0 (localhost/127.0.0.1:9092) could not be established. Broker may not be available.
2025-08-11T21:54:48.322+03:00  INFO 19100 --- [Carservice] [vice-producer-1] org.apache.kafka.clients.NetworkClient   : [Producer clientId=Carservice-producer-1] Node 0 disconnected.
2025-08-11T21:54:48.323+03:00  WARN 19100 --- [Carservice] [vice-producer-1] org.apache.kafka.clients.NetworkClient   : [Producer clientId=Carservice-producer-1] Connection to node 0 (localhost/127.0.0.1:9092) could not be established. Broker may not be available.
2025-08-11T21:54:49.176+03:00  INFO 19100 --- [Carservice] [vice-producer-1] org.apache.kafka.clients.NetworkClient   : [Producer clientId=Carservice-producer-1] Node 0 disconnected.
2025-08-11T21:54:49.177+03:00  WARN 19100 --- [Carservice] [vice-producer-1] org.apache.kafka.clients.NetworkClient   : [Producer clientId=Carservice-producer-1] Connection to node 0 (localhost/127.0.0.1:9092) could not be established. Broker may not be available.
2025-08-11T21:54:50.156+03:00  INFO 19100 --- [Carservice] [vice-producer-1] org.apache.kafka.clients.NetworkClient   : [Producer clientId=Carservice-producer-1] Node 0 disconnected.
2025-08-11T21:54:50.157+03:00  WARN 19100 --- [Carservice] [vice-producer-1] org.apache.kafka.clients.NetworkClient   : [Producer clientId=Carservice-producer-1] Connection to node 0 (localhost/127.0.0.1:9092) could not be established. Broker may not be available.
2025-08-11T21:54:51.011+03:00  INFO 19100 --- [Carservice] [vice-producer-1] org.apache.kafka.clients.NetworkClient   : [Producer clientId=Carservice-producer-1] Node 0 disconnected.
2025-08-11T21:54:51.011+03:00  WARN 19100 --- [Carservice] [vice-producer-1] org.apache.kafka.clients.NetworkClient   : [Producer clientId=Carservice-producer-1] Connection to node 0 (localhost/127.0.0.1:9092) could not be established. Broker may not be available.
2025-08-11T21:54:51.991+03:00  INFO 19100 --- [Carservice] [vice-producer-1] org.apache.kafka.clients.NetworkClient   : [Producer clientId=Carservice-producer-1] Node 0 disconnected.
2025-08-11T21:54:51.991+03:00  WARN 19100 --- [Carservice] [vice-producer-1] org.apache.kafka.clients.NetworkClient   : [Producer clientId=Carservice-producer-1] Connection to node 0 (localhost/127.0.0.1:9092) could not be established. Broker may not be available.
2025-08-11T21:54:53.039+03:00  INFO 19100 --- [Carservice] [vice-producer-1] org.apache.kafka.clients.NetworkClient   : [Producer clientId=Carservice-producer-1] Node 0 disconnected.
2025-08-11T21:54:53.039+03:00  WARN 19100 --- [Carservice] [vice-producer-1] org.apache.kafka.clients.NetworkClient   : [Producer clientId=Carservice-producer-1] Connection to node 0 (localhost/127.0.0.1:9092) could not be established. Broker may not be available.
2025-08-11T21:54:53.956+03:00  INFO 19100 --- [Carservice] [vice-producer-1] org.apache.kafka.clients.NetworkClient   : [Producer clientId=Carservice-producer-1] Node 0 disconnected.
2025-08-11T21:54:53.957+03:00  WARN 19100 --- [Carservice] [vice-producer-1] org.apache.kafka.clients.NetworkClient   : [Producer clientId=Carservice-producer-1] Connection to node 0 (localhost/127.0.0.1:9092) could not be established. Broker may not be available.
2025-08-11T21:54:54.814+03:00  INFO 19100 --- [Carservice] [vice-producer-1] org.apache.kafka.clients.NetworkClient   : [Producer clientId=Carservice-producer-1] Node 0 disconnected.
2025-08-11T21:54:54.814+03:00  WARN 19100 --- [Carservice] [vice-producer-1] org.apache.kafka.clients.NetworkClient   : [Producer clientId=Carservice-producer-1] Connection to node 0 (localhost/127.0.0.1:9092) could not be established. Broker may not be available.
2025-08-11T21:54:55.732+03:00  INFO 19100 --- [Carservice] [vice-producer-1] org.apache.kafka.clients.NetworkClient   : [Producer clientId=Carservice-producer-1] Node 0 disconnected.
2025-08-11T21:54:55.732+03:00  WARN 19100 --- [Carservice] [vice-producer-1] org.apache.kafka.clients.NetworkClient   : [Producer clientId=Carservice-producer-1] Connection to node 0 (localhost/127.0.0.1:9092) could not be established. Broker may not be available.
2025-08-11T21:54:56.840+03:00  INFO 19100 --- [Carservice] [vice-producer-1] org.apache.kafka.clients.NetworkClient   : [Producer clientId=Carservice-producer-1] Node 0 disconnected.
2025-08-11T21:54:56.840+03:00  WARN 19100 --- [Carservice] [vice-producer-1] org.apache.kafka.clients.NetworkClient   : [Producer clientId=Carservice-producer-1] Connection to node 0 (localhost/127.0.0.1:9092) could not be established. Broker may not be available.
2025-08-11T21:54:57.697+03:00  INFO 19100 --- [Carservice] [vice-producer-1] org.apache.kafka.clients.NetworkClient   : [Producer clientId=Carservice-producer-1] Node 0 disconnected.
2025-08-11T21:54:57.697+03:00  WARN 19100 --- [Carservice] [vice-producer-1] org.apache.kafka.clients.NetworkClient   : [Producer clientId=Carservice-producer-1] Connection to node 0 (localhost/127.0.0.1:9092) could not be established. Broker may not be available.
2025-08-11T21:54:58.676+03:00  INFO 19100 --- [Carservice] [vice-producer-1] org.apache.kafka.clients.NetworkClient   : [Producer clientId=Carservice-producer-1] Node 0 disconnected.
2025-08-11T21:54:58.676+03:00  WARN 19100 --- [Carservice] [vice-producer-1] org.apache.kafka.clients.NetworkClient   : [Producer clientId=Carservice-producer-1] Connection to node 0 (localhost/127.0.0.1:9092) could not be established. Broker may not be available.
2025-08-11T21:54:59.653+03:00  INFO 19100 --- [Carservice] [vice-producer-1] org.apache.kafka.clients.NetworkClient   : [Producer clientId=Carservice-producer-1] Node 0 disconnected.
2025-08-11T21:54:59.653+03:00  WARN 19100 --- [Carservice] [vice-producer-1] org.apache.kafka.clients.NetworkClient   : [Producer clientId=Carservice-producer-1] Connection to node 0 (localhost/127.0.0.1:9092) could not be established. Broker may not be available.
2025-08-11T21:55:00.820+03:00  INFO 19100 --- [Carservice] [vice-producer-1] org.apache.kafka.clients.NetworkClient   : [Producer clientId=Carservice-producer-1] Node 0 disconnected.
2025-08-11T21:55:00.821+03:00  WARN 19100 --- [Carservice] [vice-producer-1] org.apache.kafka.clients.NetworkClient   : [Producer clientId=Carservice-producer-1] Connection to node 0 (localhost/127.0.0.1:9092) could not be established. Broker may not be available.
2025-08-11T21:55:01.864+03:00  INFO 19100 --- [Carservice] [vice-producer-1] org.apache.kafka.clients.NetworkClient   : [Producer clientId=Carservice-producer-1] Node 0 disconnected.
2025-08-11T21:55:01.864+03:00  WARN 19100 --- [Carservice] [vice-producer-1] org.apache.kafka.clients.NetworkClient   : [Producer clientId=Carservice-producer-1] Connection to node 0 (localhost/127.0.0.1:9092) could not be established. Broker may not be available.
2025-08-11T21:55:03.028+03:00  INFO 19100 --- [Carservice] [vice-producer-1] org.apache.kafka.clients.NetworkClient   : [Producer clientId=Carservice-producer-1] Node 0 disconnected.
2025-08-11T21:55:03.028+03:00  WARN 19100 --- [Carservice] [vice-producer-1] org.apache.kafka.clients.NetworkClient   : [Producer clientId=Carservice-producer-1] Connection to node 0 (localhost/127.0.0.1:9092) could not be established. Broker may not be available.
2025-08-11T21:55:04.257+03:00  INFO 19100 --- [Carservice] [vice-producer-1] org.apache.kafka.clients.NetworkClient   : [Producer clientId=Carservice-producer-1] Node 0 disconnected.
2025-08-11T21:55:04.257+03:00  WARN 19100 --- [Carservice] [vice-producer-1] org.apache.kafka.clients.NetworkClient   : [Producer clientId=Carservice-producer-1] Connection to node 0 (localhost/127.0.0.1:9092) could not be established. Broker may not be available.
2025-08-11T21:55:05.178+03:00  INFO 19100 --- [Carservice] [vice-producer-1] org.apache.kafka.clients.NetworkClient   : [Producer clientId=Carservice-producer-1] Node 0 disconnected.
2025-08-11T21:55:05.178+03:00  WARN 19100 --- [Carservice] [vice-producer-1] org.apache.kafka.clients.NetworkClient   : [Producer clientId=Carservice-producer-1] Connection to node 0 (localhost/127.0.0.1:9092) could not be established. Broker may not be available.
2025-08-11T21:55:06.032+03:00  INFO 19100 --- [Carservice] [vice-producer-1] org.apache.kafka.clients.NetworkClient   : [Producer clientId=Carservice-producer-1] Node 0 disconnected.
2025-08-11T21:55:06.033+03:00  WARN 19100 --- [Carservice] [vice-producer-1] org.apache.kafka.clients.NetworkClient   : [Producer clientId=Carservice-producer-1] Connection to node 0 (localhost/127.0.0.1:9092) could not be established. Broker may not be available.
2025-08-11T21:55:07.197+03:00  INFO 19100 --- [Carservice] [vice-producer-1] org.apache.kafka.clients.NetworkClient   : [Producer clientId=Carservice-producer-1] Node 0 disconnected.
2025-08-11T21:55:07.198+03:00  WARN 19100 --- [Carservice] [vice-producer-1] org.apache.kafka.clients.NetworkClient   : [Producer clientId=Carservice-producer-1] Connection to node 0 (localhost/127.0.0.1:9092) could not be established. Broker may not be available.
2025-08-11T21:55:08.110+03:00  INFO 19100 --- [Carservice] [vice-producer-1] org.apache.kafka.clients.NetworkClient   : [Producer clientId=Carservice-producer-1] Node 0 disconnected.
2025-08-11T21:55:08.111+03:00  WARN 19100 --- [Carservice] [vice-producer-1] org.apache.kafka.clients.NetworkClient   : [Producer clientId=Carservice-producer-1] Connection to node 0 (localhost/127.0.0.1:9092) could not be established. Broker may not be available.
2025-08-11T21:55:09.151+03:00  INFO 19100 --- [Carservice] [vice-producer-1] org.apache.kafka.clients.NetworkClient   : [Producer clientId=Carservice-producer-1] Node 0 disconnected.
2025-08-11T21:55:09.151+03:00  WARN 19100 --- [Carservice] [vice-producer-1] org.apache.kafka.clients.NetworkClient   : [Producer clientId=Carservice-producer-1] Connection to node 0 (localhost/127.0.0.1:9092) could not be established. Broker may not be available.
2025-08-11T21:55:10.125+03:00  INFO 19100 --- [Carservice] [vice-producer-1] org.apache.kafka.clients.NetworkClient   : [Producer clientId=Carservice-producer-1] Node 0 disconnected.
2025-08-11T21:55:10.125+03:00  WARN 19100 --- [Carservice] [vice-producer-1] org.apache.kafka.clients.NetworkClient   : [Producer clientId=Carservice-producer-1] Connection to node 0 (localhost/127.0.0.1:9092) could not be established. Broker may not be available.
2025-08-11T21:55:11.045+03:00  INFO 19100 --- [Carservice] [vice-producer-1] org.apache.kafka.clients.NetworkClient   : [Producer clientId=Carservice-producer-1] Node 0 disconnected.
2025-08-11T21:55:11.045+03:00  WARN 19100 --- [Carservice] [vice-producer-1] org.apache.kafka.clients.NetworkClient   : [Producer clientId=Carservice-producer-1] Connection to node 0 (localhost/127.0.0.1:9092) could not be established. Broker may not be available.
2025-08-11T21:55:12.147+03:00  INFO 19100 --- [Carservice] [vice-producer-1] org.apache.kafka.clients.NetworkClient   : [Producer clientId=Carservice-producer-1] Node 0 disconnected.
2025-08-11T21:55:12.147+03:00  WARN 19100 --- [Carservice] [vice-producer-1] org.apache.kafka.clients.NetworkClient   : [Producer clientId=Carservice-producer-1] Connection to node 0 (localhost/127.0.0.1:9092) could not be established. Broker may not be available.
2025-08-11T21:55:13.126+03:00  INFO 19100 --- [Carservice] [vice-producer-1] org.apache.kafka.clients.NetworkClient   : [Producer clientId=Carservice-producer-1] Node 0 disconnected.
2025-08-11T21:55:13.126+03:00  WARN 19100 --- [Carservice] [vice-producer-1] org.apache.kafka.clients.NetworkClient   : [Producer clientId=Carservice-producer-1] Connection to node 0 (localhost/127.0.0.1:9092) could not be established. Broker may not be available.
2025-08-11T21:55:14.292+03:00  INFO 19100 --- [Carservice] [vice-producer-1] org.apache.kafka.clients.NetworkClient   : [Producer clientId=Carservice-producer-1] Node 0 disconnected.
2025-08-11T21:55:14.292+03:00  WARN 19100 --- [Carservice] [vice-producer-1] org.apache.kafka.clients.NetworkClient   : [Producer clientId=Carservice-producer-1] Connection to node 0 (localhost/127.0.0.1:9092) could not be established. Broker may not be available.
2025-08-11T21:55:15.338+03:00  INFO 19100 --- [Carservice] [vice-producer-1] org.apache.kafka.clients.NetworkClient   : [Producer clientId=Carservice-producer-1] Node 0 disconnected.
2025-08-11T21:55:15.338+03:00  WARN 19100 --- [Carservice] [vice-producer-1] org.apache.kafka.clients.NetworkClient   : [Producer clientId=Carservice-producer-1] Connection to node 0 (localhost/127.0.0.1:9092) could not be established. Broker may not be available.
2025-08-11T21:55:16.196+03:00  INFO 19100 --- [Carservice] [vice-producer-1] org.apache.kafka.clients.NetworkClient   : [Producer clientId=Carservice-producer-1] Node 0 disconnected.
2025-08-11T21:55:16.196+03:00  WARN 19100 --- [Carservice] [vice-producer-1] org.apache.kafka.clients.NetworkClient   : [Producer clientId=Carservice-producer-1] Connection to node 0 (localhost/127.0.0.1:9092) could not be established. Broker may not be available.
2025-08-11T21:55:17.238+03:00  INFO 19100 --- [Carservice] [vice-producer-1] org.apache.kafka.clients.NetworkClient   : [Producer clientId=Carservice-producer-1] Node 0 disconnected.
2025-08-11T21:55:17.239+03:00  WARN 19100 --- [Carservice] [vice-producer-1] org.apache.kafka.clients.NetworkClient   : [Producer clientId=Carservice-producer-1] Connection to node 0 (localhost/127.0.0.1:9092) could not be established. Broker may not be available.
2025-08-11T21:55:18.154+03:00  INFO 19100 --- [Carservice] [vice-producer-1] org.apache.kafka.clients.NetworkClient   : [Producer clientId=Carservice-producer-1] Node 0 disconnected.
2025-08-11T21:55:18.154+03:00  WARN 19100 --- [Carservice] [vice-producer-1] org.apache.kafka.clients.NetworkClient   : [Producer clientId=Carservice-producer-1] Connection to node 0 (localhost/127.0.0.1:9092) could not be established. Broker may not be available.
2025-08-11T21:55:19.381+03:00  INFO 19100 --- [Carservice] [vice-producer-1] org.apache.kafka.clients.NetworkClient   : [Producer clientId=Carservice-producer-1] Node 0 disconnected.
2025-08-11T21:55:19.382+03:00  WARN 19100 --- [Carservice] [vice-producer-1] org.apache.kafka.clients.NetworkClient   : [Producer clientId=Carservice-producer-1] Connection to node 0 (localhost/127.0.0.1:9092) could not be established. Broker may not be available.
2025-08-11T21:55:20.485+03:00  INFO 19100 --- [Carservice] [vice-producer-1] org.apache.kafka.clients.NetworkClient   : [Producer clientId=Carservice-producer-1] Node 0 disconnected.
2025-08-11T21:55:20.485+03:00  WARN 19100 --- [Carservice] [vice-producer-1] org.apache.kafka.clients.NetworkClient   : [Producer clientId=Carservice-producer-1] Connection to node 0 (localhost/127.0.0.1:9092) could not be established. Broker may not be available.
2025-08-11T21:55:21.465+03:00  INFO 19100 --- [Carservice] [vice-producer-1] org.apache.kafka.clients.NetworkClient   : [Producer clientId=Carservice-producer-1] Node 0 disconnected.
2025-08-11T21:55:21.465+03:00  WARN 19100 --- [Carservice] [vice-producer-1] org.apache.kafka.clients.NetworkClient   : [Producer clientId=Carservice-producer-1] Connection to node 0 (localhost/127.0.0.1:9092) could not be established. Broker may not be available.
2025-08-11T21:55:22.321+03:00  INFO 19100 --- [Carservice] [vice-producer-1] org.apache.kafka.clients.NetworkClient   : [Producer clientId=Carservice-producer-1] Node 0 disconnected.
2025-08-11T21:55:22.321+03:00  WARN 19100 --- [Carservice] [vice-producer-1] org.apache.kafka.clients.NetworkClient   : [Producer clientId=Carservice-producer-1] Connection to node 0 (localhost/127.0.0.1:9092) could not be established. Broker may not be available.
2025-08-11T21:55:23.234+03:00  INFO 19100 --- [Carservice] [vice-producer-1] org.apache.kafka.clients.NetworkClient   : [Producer clientId=Carservice-producer-1] Node 0 disconnected.
2025-08-11T21:55:23.234+03:00  WARN 19100 --- [Carservice] [vice-producer-1] org.apache.kafka.clients.NetworkClient   : [Producer clientId=Carservice-producer-1] Connection to node 0 (localhost/127.0.0.1:9092) could not be established. Broker may not be available.
2025-08-11T21:55:24.276+03:00  INFO 19100 --- [Carservice] [vice-producer-1] org.apache.kafka.clients.NetworkClient   : [Producer clientId=Carservice-producer-1] Node 0 disconnected.
2025-08-11T21:55:24.276+03:00  WARN 19100 --- [Carservice] [vice-producer-1] org.apache.kafka.clients.NetworkClient   : [Producer clientId=Carservice-producer-1] Connection to node 0 (localhost/127.0.0.1:9092) could not be established. Broker may not be available.
2025-08-11T21:55:25.314+03:00  INFO 19100 --- [Carservice] [vice-producer-1] org.apache.kafka.clients.NetworkClient   : [Producer clientId=Carservice-producer-1] Node 0 disconnected.
2025-08-11T21:55:25.314+03:00  WARN 19100 --- [Carservice] [vice-producer-1] org.apache.kafka.clients.NetworkClient   : [Producer clientId=Carservice-producer-1] Connection to node 0 (localhost/127.0.0.1:9092) could not be established. Broker may not be available.
2025-08-11T21:55:26.350+03:00  INFO 19100 --- [Carservice] [vice-producer-1] org.apache.kafka.clients.NetworkClient   : [Producer clientId=Carservice-producer-1] Node 0 disconnected.
2025-08-11T21:55:26.350+03:00  WARN 19100 --- [Carservice] [vice-producer-1] org.apache.kafka.clients.NetworkClient   : [Producer clientId=Carservice-producer-1] Connection to node 0 (localhost/127.0.0.1:9092) could not be established. Broker may not be available.
2025-08-11T21:55:27.515+03:00  INFO 19100 --- [Carservice] [vice-producer-1] org.apache.kafka.clients.NetworkClient   : [Producer clientId=Carservice-producer-1] Node 0 disconnected.
2025-08-11T21:55:27.515+03:00  WARN 19100 --- [Carservice] [vice-producer-1] org.apache.kafka.clients.NetworkClient   : [Producer clientId=Carservice-producer-1] Connection to node 0 (localhost/127.0.0.1:9092) could not be established. Broker may not be available.
2025-08-11T21:55:28.681+03:00  INFO 19100 --- [Carservice] [vice-producer-1] org.apache.kafka.clients.NetworkClient   : [Producer clientId=Carservice-producer-1] Node 0 disconnected.
2025-08-11T21:55:28.681+03:00  WARN 19100 --- [Carservice] [vice-producer-1] org.apache.kafka.clients.NetworkClient   : [Producer clientId=Carservice-producer-1] Connection to node 0 (localhost/127.0.0.1:9092) could not be established. Broker may not be available.
2025-08-11T21:55:29.657+03:00  INFO 19100 --- [Carservice] [vice-producer-1] org.apache.kafka.clients.NetworkClient   : [Producer clientId=Carservice-producer-1] Node 0 disconnected.
2025-08-11T21:55:29.657+03:00  WARN 19100 --- [Carservice] [vice-producer-1] org.apache.kafka.clients.NetworkClient   : [Producer clientId=Carservice-producer-1] Connection to node 0 (localhost/127.0.0.1:9092) could not be established. Broker may not be available.
2025-08-11T21:55:30.574+03:00  INFO 19100 --- [Carservice] [vice-producer-1] org.apache.kafka.clients.NetworkClient   : [Producer clientId=Carservice-producer-1] Node 0 disconnected.
2025-08-11T21:55:30.574+03:00  WARN 19100 --- [Carservice] [vice-producer-1] org.apache.kafka.clients.NetworkClient   : [Producer clientId=Carservice-producer-1] Connection to node 0 (localhost/127.0.0.1:9092) could not be established. Broker may not be available.
2025-08-11T21:55:31.741+03:00  INFO 19100 --- [Carservice] [vice-producer-1] org.apache.kafka.clients.NetworkClient   : [Producer clientId=Carservice-producer-1] Node 0 disconnected.
2025-08-11T21:55:31.741+03:00  WARN 19100 --- [Carservice] [vice-producer-1] org.apache.kafka.clients.NetworkClient   : [Producer clientId=Carservice-producer-1] Connection to node 0 (localhost/127.0.0.1:9092) could not be established. Broker may not be available.
2025-08-11T21:55:32.654+03:00  INFO 19100 --- [Carservice] [vice-producer-1] org.apache.kafka.clients.NetworkClient   : [Producer clientId=Carservice-producer-1] Node 0 disconnected.
2025-08-11T21:55:32.654+03:00  WARN 19100 --- [Carservice] [vice-producer-1] org.apache.kafka.clients.NetworkClient   : [Producer clientId=Carservice-producer-1] Connection to node 0 (localhost/127.0.0.1:9092) could not be established. Broker may not be available.
2025-08-11T21:55:33.700+03:00  INFO 19100 --- [Carservice] [vice-producer-1] org.apache.kafka.clients.NetworkClient   : [Producer clientId=Carservice-producer-1] Node 0 disconnected.
2025-08-11T21:55:33.700+03:00  WARN 19100 --- [Carservice] [vice-producer-1] org.apache.kafka.clients.NetworkClient   : [Producer clientId=Carservice-producer-1] Connection to node 0 (localhost/127.0.0.1:9092) could not be established. Broker may not be available.
2025-08-11T21:55:34.869+03:00  INFO 19100 --- [Carservice] [vice-producer-1] org.apache.kafka.clients.NetworkClient   : [Producer clientId=Carservice-producer-1] Node 0 disconnected.
2025-08-11T21:55:34.869+03:00  WARN 19100 --- [Carservice] [vice-producer-1] org.apache.kafka.clients.NetworkClient   : [Producer clientId=Carservice-producer-1] Connection to node 0 (localhost/127.0.0.1:9092) could not be established. Broker may not be available.
2025-08-11T21:55:36.094+03:00  INFO 19100 --- [Carservice] [vice-producer-1] org.apache.kafka.clients.NetworkClient   : [Producer clientId=Carservice-producer-1] Node 0 disconnected.
2025-08-11T21:55:36.094+03:00  WARN 19100 --- [Carservice] [vice-producer-1] org.apache.kafka.clients.NetworkClient   : [Producer clientId=Carservice-producer-1] Connection to node 0 (localhost/127.0.0.1:9092) could not be established. Broker may not be available.
2025-08-11T21:55:36.947+03:00  INFO 19100 --- [Carservice] [vice-producer-1] org.apache.kafka.clients.NetworkClient   : [Producer clientId=Carservice-producer-1] Node 0 disconnected.
2025-08-11T21:55:36.947+03:00  WARN 19100 --- [Carservice] [vice-producer-1] org.apache.kafka.clients.NetworkClient   : [Producer clientId=Carservice-producer-1] Connection to node 0 (localhost/127.0.0.1:9092) could not be established. Broker may not be available.
2025-08-11T21:55:37.942+03:00  INFO 19100 --- [Carservice] [vice-producer-1] org.apache.kafka.clients.NetworkClient   : [Producer clientId=Carservice-producer-1] Node 0 disconnected.
2025-08-11T21:55:37.943+03:00  WARN 19100 --- [Carservice] [vice-producer-1] org.apache.kafka.clients.NetworkClient   : [Producer clientId=Carservice-producer-1] Connection to node 0 (localhost/127.0.0.1:9092) could not be established. Broker may not be available.
2025-08-11T21:55:39.174+03:00  INFO 19100 --- [Carservice] [vice-producer-1] org.apache.kafka.clients.NetworkClient   : [Producer clientId=Carservice-producer-1] Node 0 disconnected.
2025-08-11T21:55:39.175+03:00  WARN 19100 --- [Carservice] [vice-producer-1] org.apache.kafka.clients.NetworkClient   : [Producer clientId=Carservice-producer-1] Connection to node 0 (localhost/127.0.0.1:9092) could not be established. Broker may not be available.
2025-08-11T21:55:40.215+03:00  INFO 19100 --- [Carservice] [vice-producer-1] org.apache.kafka.clients.NetworkClient   : [Producer clientId=Carservice-producer-1] Node 0 disconnected.
2025-08-11T21:55:40.216+03:00  WARN 19100 --- [Carservice] [vice-producer-1] org.apache.kafka.clients.NetworkClient   : [Producer clientId=Carservice-producer-1] Connection to node 0 (localhost/127.0.0.1:9092) could not be established. Broker may not be available.
2025-08-11T21:55:41.380+03:00  INFO 19100 --- [Carservice] [vice-producer-1] org.apache.kafka.clients.NetworkClient   : [Producer clientId=Carservice-producer-1] Node 0 disconnected.
2025-08-11T21:55:41.380+03:00  WARN 19100 --- [Carservice] [vice-producer-1] org.apache.kafka.clients.NetworkClient   : [Producer clientId=Carservice-producer-1] Connection to node 0 (localhost/127.0.0.1:9092) could not be established. Broker may not be available.
2025-08-11T21:55:42.234+03:00  INFO 19100 --- [Carservice] [vice-producer-1] org.apache.kafka.clients.NetworkClient   : [Producer clientId=Carservice-producer-1] Node 0 disconnected.
2025-08-11T21:55:42.234+03:00  WARN 19100 --- [Carservice] [vice-producer-1] org.apache.kafka.clients.NetworkClient   : [Producer clientId=Carservice-producer-1] Connection to node 0 (localhost/127.0.0.1:9092) could not be established. Broker may not be available.
2025-08-11T21:55:43.455+03:00  INFO 19100 --- [Carservice] [vice-producer-1] org.apache.kafka.clients.NetworkClient   : [Producer clientId=Carservice-producer-1] Node 0 disconnected.
2025-08-11T21:55:43.455+03:00  WARN 19100 --- [Carservice] [vice-producer-1] org.apache.kafka.clients.NetworkClient   : [Producer clientId=Carservice-producer-1] Connection to node 0 (localhost/127.0.0.1:9092) could not be established. Broker may not be available.
2025-08-11T21:55:44.557+03:00  INFO 19100 --- [Carservice] [vice-producer-1] org.apache.kafka.clients.NetworkClient   : [Producer clientId=Carservice-producer-1] Node 0 disconnected.
2025-08-11T21:55:44.557+03:00  WARN 19100 --- [Carservice] [vice-producer-1] org.apache.kafka.clients.NetworkClient   : [Producer clientId=Carservice-producer-1] Connection to node 0 (localhost/127.0.0.1:9092) could not be established. Broker may not be available.
2025-08-11T21:55:45.479+03:00  INFO 19100 --- [Carservice] [vice-producer-1] org.apache.kafka.clients.NetworkClient   : [Producer clientId=Carservice-producer-1] Node 0 disconnected.
2025-08-11T21:55:45.479+03:00  WARN 19100 --- [Carservice] [vice-producer-1] org.apache.kafka.clients.NetworkClient   : [Producer clientId=Carservice-producer-1] Connection to node 0 (localhost/127.0.0.1:9092) could not be established. Broker may not be available.
2025-08-11T21:55:46.397+03:00  INFO 19100 --- [Carservice] [vice-producer-1] org.apache.kafka.clients.NetworkClient   : [Producer clientId=Carservice-producer-1] Node 0 disconnected.
2025-08-11T21:55:46.397+03:00  WARN 19100 --- [Carservice] [vice-producer-1] org.apache.kafka.clients.NetworkClient   : [Producer clientId=Carservice-producer-1] Connection to node 0 (localhost/127.0.0.1:9092) could not be established. Broker may not be available.
2025-08-11T21:55:47.253+03:00  INFO 19100 --- [Carservice] [vice-producer-1] org.apache.kafka.clients.NetworkClient   : [Producer clientId=Carservice-producer-1] Node 0 disconnected.
2025-08-11T21:55:47.254+03:00  WARN 19100 --- [Carservice] [vice-producer-1] org.apache.kafka.clients.NetworkClient   : [Producer clientId=Carservice-producer-1] Connection to node 0 (localhost/127.0.0.1:9092) could not be established. Broker may not be available.
2025-08-11T21:55:48.360+03:00  INFO 19100 --- [Carservice] [vice-producer-1] org.apache.kafka.clients.NetworkClient   : [Producer clientId=Carservice-producer-1] Node 0 disconnected.
2025-08-11T21:55:48.360+03:00  WARN 19100 --- [Carservice] [vice-producer-1] org.apache.kafka.clients.NetworkClient   : [Producer clientId=Carservice-producer-1] Connection to node 0 (localhost/127.0.0.1:9092) could not be established. Broker may not be available.
2025-08-11T21:55:49.401+03:00  INFO 19100 --- [Carservice] [vice-producer-1] org.apache.kafka.clients.NetworkClient   : [Producer clientId=Carservice-producer-1] Node 0 disconnected.
2025-08-11T21:55:49.401+03:00  WARN 19100 --- [Carservice] [vice-producer-1] org.apache.kafka.clients.NetworkClient   : [Producer clientId=Carservice-producer-1] Connection to node 0 (localhost/127.0.0.1:9092) could not be established. Broker may not be available.
2025-08-11T21:55:50.565+03:00  INFO 19100 --- [Carservice] [vice-producer-1] org.apache.kafka.clients.NetworkClient   : [Producer clientId=Carservice-producer-1] Node 0 disconnected.
2025-08-11T21:55:50.565+03:00  WARN 19100 --- [Carservice] [vice-producer-1] org.apache.kafka.clients.NetworkClient   : [Producer clientId=Carservice-producer-1] Connection to node 0 (localhost/127.0.0.1:9092) could not be established. Broker may not be available.
2025-08-11T21:55:51.420+03:00  INFO 19100 --- [Carservice] [vice-producer-1] org.apache.kafka.clients.NetworkClient   : [Producer clientId=Carservice-producer-1] Node 0 disconnected.
2025-08-11T21:55:51.420+03:00  WARN 19100 --- [Carservice] [vice-producer-1] org.apache.kafka.clients.NetworkClient   : [Producer clientId=Carservice-producer-1] Connection to node 0 (localhost/127.0.0.1:9092) could not be established. Broker may not be available.
2025-08-11T21:55:52.640+03:00  INFO 19100 --- [Carservice] [vice-producer-1] org.apache.kafka.clients.NetworkClient   : [Producer clientId=Carservice-producer-1] Node 0 disconnected.
2025-08-11T21:55:52.640+03:00  WARN 19100 --- [Carservice] [vice-producer-1] org.apache.kafka.clients.NetworkClient   : [Producer clientId=Carservice-producer-1] Connection to node 0 (localhost/127.0.0.1:9092) could not be established. Broker may not be available.
2025-08-11T21:55:53.871+03:00  INFO 19100 --- [Carservice] [vice-producer-1] org.apache.kafka.clients.NetworkClient   : [Producer clientId=Carservice-producer-1] Node 0 disconnected.
2025-08-11T21:55:53.871+03:00  WARN 19100 --- [Carservice] [vice-producer-1] org.apache.kafka.clients.NetworkClient   : [Producer clientId=Carservice-producer-1] Connection to node 0 (localhost/127.0.0.1:9092) could not be established. Broker may not be available.
2025-08-11T21:55:54.972+03:00  INFO 19100 --- [Carservice] [vice-producer-1] org.apache.kafka.clients.NetworkClient   : [Producer clientId=Carservice-producer-1] Node 0 disconnected.
2025-08-11T21:55:54.973+03:00  WARN 19100 --- [Carservice] [vice-producer-1] org.apache.kafka.clients.NetworkClient   : [Producer clientId=Carservice-producer-1] Connection to node 0 (localhost/127.0.0.1:9092) could not be established. Broker may not be available.
2025-08-11T21:55:56.076+03:00  INFO 19100 --- [Carservice] [vice-producer-1] org.apache.kafka.clients.NetworkClient   : [Producer clientId=Carservice-producer-1] Node 0 disconnected.
2025-08-11T21:55:56.076+03:00  WARN 19100 --- [Carservice] [vice-producer-1] org.apache.kafka.clients.NetworkClient   : [Producer clientId=Carservice-producer-1] Connection to node 0 (localhost/127.0.0.1:9092) could not be established. Broker may not be available.
2025-08-11T21:55:57.118+03:00  INFO 19100 --- [Carservice] [vice-producer-1] org.apache.kafka.clients.NetworkClient   : [Producer clientId=Carservice-producer-1] Node 0 disconnected.
2025-08-11T21:55:57.118+03:00  WARN 19100 --- [Carservice] [vice-producer-1] org.apache.kafka.clients.NetworkClient   : [Producer clientId=Carservice-producer-1] Connection to node 0 (localhost/127.0.0.1:9092) could not be established. Broker may not be available.
2025-08-11T21:55:58.158+03:00  INFO 19100 --- [Carservice] [vice-producer-1] org.apache.kafka.clients.NetworkClient   : [Producer clientId=Carservice-producer-1] Node 0 disconnected.
2025-08-11T21:55:58.158+03:00  WARN 19100 --- [Carservice] [vice-producer-1] org.apache.kafka.clients.NetworkClient   : [Producer clientId=Carservice-producer-1] Connection to node 0 (localhost/127.0.0.1:9092) could not be established. Broker may not be available.
2025-08-11T21:55:59.015+03:00  INFO 19100 --- [Carservice] [vice-producer-1] org.apache.kafka.clients.NetworkClient   : [Producer clientId=Carservice-producer-1] Node 0 disconnected.
2025-08-11T21:55:59.015+03:00  WARN 19100 --- [Carservice] [vice-producer-1] org.apache.kafka.clients.NetworkClient   : [Producer clientId=Carservice-producer-1] Connection to node 0 (localhost/127.0.0.1:9092) could not be established. Broker may not be available.
2025-08-11T21:55:59.933+03:00  INFO 19100 --- [Carservice] [vice-producer-1] org.apache.kafka.clients.NetworkClient   : [Producer clientId=Carservice-producer-1] Node 0 disconnected.
2025-08-11T21:55:59.933+03:00  WARN 19100 --- [Carservice] [vice-producer-1] org.apache.kafka.clients.NetworkClient   : [Producer clientId=Carservice-producer-1] Connection to node 0 (localhost/127.0.0.1:9092) could not be established. Broker may not be available.
2025-08-11T21:56:00.978+03:00  INFO 19100 --- [Carservice] [vice-producer-1] org.apache.kafka.clients.NetworkClient   : [Producer clientId=Carservice-producer-1] Node 0 disconnected.
2025-08-11T21:56:00.978+03:00  WARN 19100 --- [Carservice] [vice-producer-1] org.apache.kafka.clients.NetworkClient   : [Producer clientId=Carservice-producer-1] Connection to node 0 (localhost/127.0.0.1:9092) could not be established. Broker may not be available.
2025-08-11T21:56:01.834+03:00  INFO 19100 --- [Carservice] [vice-producer-1] org.apache.kafka.clients.NetworkClient   : [Producer clientId=Carservice-producer-1] Node 0 disconnected.
2025-08-11T21:56:01.834+03:00  WARN 19100 --- [Carservice] [vice-producer-1] org.apache.kafka.clients.NetworkClient   : [Producer clientId=Carservice-producer-1] Connection to node 0 (localhost/127.0.0.1:9092) could not be established. Broker may not be available.
2025-08-11T21:56:02.939+03:00  INFO 19100 --- [Carservice] [vice-producer-1] org.apache.kafka.clients.NetworkClient   : [Producer clientId=Carservice-producer-1] Node 0 disconnected.
2025-08-11T21:56:02.940+03:00  WARN 19100 --- [Carservice] [vice-producer-1] org.apache.kafka.clients.NetworkClient   : [Producer clientId=Carservice-producer-1] Connection to node 0 (localhost/127.0.0.1:9092) could not be established. Broker may not be available.
2025-08-11T21:56:04.043+03:00  INFO 19100 --- [Carservice] [vice-producer-1] org.apache.kafka.clients.NetworkClient   : [Producer clientId=Carservice-producer-1] Node 0 disconnected.
2025-08-11T21:56:04.043+03:00  WARN 19100 --- [Carservice] [vice-producer-1] org.apache.kafka.clients.NetworkClient   : [Producer clientId=Carservice-producer-1] Connection to node 0 (localhost/127.0.0.1:9092) could not be established. Broker may not be available.
2025-08-11T21:56:05.084+03:00  INFO 19100 --- [Carservice] [vice-producer-1] org.apache.kafka.clients.NetworkClient   : [Producer clientId=Carservice-producer-1] Node 0 disconnected.
2025-08-11T21:56:05.084+03:00  WARN 19100 --- [Carservice] [vice-producer-1] org.apache.kafka.clients.NetworkClient   : [Producer clientId=Carservice-producer-1] Connection to node 0 (localhost/127.0.0.1:9092) could not be established. Broker may not be available.
2025-08-11T21:56:06.252+03:00  INFO 19100 --- [Carservice] [vice-producer-1] org.apache.kafka.clients.NetworkClient   : [Producer clientId=Carservice-producer-1] Node 0 disconnected.
2025-08-11T21:56:06.252+03:00  WARN 19100 --- [Carservice] [vice-producer-1] org.apache.kafka.clients.NetworkClient   : [Producer clientId=Carservice-producer-1] Connection to node 0 (localhost/127.0.0.1:9092) could not be established. Broker may not be available.
2025-08-11T21:56:07.167+03:00  INFO 19100 --- [Carservice] [vice-producer-1] org.apache.kafka.clients.NetworkClient   : [Producer clientId=Carservice-producer-1] Node 0 disconnected.
2025-08-11T21:56:07.167+03:00  WARN 19100 --- [Carservice] [vice-producer-1] org.apache.kafka.clients.NetworkClient   : [Producer clientId=Carservice-producer-1] Connection to node 0 (localhost/127.0.0.1:9092) could not be established. Broker may not be available.
2025-08-11T21:56:08.085+03:00  INFO 19100 --- [Carservice] [vice-producer-1] org.apache.kafka.clients.NetworkClient   : [Producer clientId=Carservice-producer-1] Node 0 disconnected.
2025-08-11T21:56:08.086+03:00  WARN 19100 --- [Carservice] [vice-producer-1] org.apache.kafka.clients.NetworkClient   : [Producer clientId=Carservice-producer-1] Connection to node 0 (localhost/127.0.0.1:9092) could not be established. Broker may not be available.
2025-08-11T21:56:08.939+03:00  INFO 19100 --- [Carservice] [vice-producer-1] org.apache.kafka.clients.NetworkClient   : [Producer clientId=Carservice-producer-1] Node 0 disconnected.
2025-08-11T21:56:08.939+03:00  WARN 19100 --- [Carservice] [vice-producer-1] org.apache.kafka.clients.NetworkClient   : [Producer clientId=Carservice-producer-1] Connection to node 0 (localhost/127.0.0.1:9092) could not be established. Broker may not be available.
2025-08-11T21:56:10.042+03:00  INFO 19100 --- [Carservice] [vice-producer-1] org.apache.kafka.clients.NetworkClient   : [Producer clientId=Carservice-producer-1] Node 0 disconnected.
2025-08-11T21:56:10.042+03:00  WARN 19100 --- [Carservice] [vice-producer-1] org.apache.kafka.clients.NetworkClient   : [Producer clientId=Carservice-producer-1] Connection to node 0 (localhost/127.0.0.1:9092) could not be established. Broker may not be available.
2025-08-11T21:56:10.896+03:00  INFO 19100 --- [Carservice] [vice-producer-1] org.apache.kafka.clients.NetworkClient   : [Producer clientId=Carservice-producer-1] Node 0 disconnected.
2025-08-11T21:56:10.897+03:00  WARN 19100 --- [Carservice] [vice-producer-1] org.apache.kafka.clients.NetworkClient   : [Producer clientId=Carservice-producer-1] Connection to node 0 (localhost/127.0.0.1:9092) could not be established. Broker may not be available.
2025-08-11T21:56:11.998+03:00  INFO 19100 --- [Carservice] [vice-producer-1] org.apache.kafka.clients.NetworkClient   : [Producer clientId=Carservice-producer-1] Node 0 disconnected.
2025-08-11T21:56:11.998+03:00  WARN 19100 --- [Carservice] [vice-producer-1] org.apache.kafka.clients.NetworkClient   : [Producer clientId=Carservice-producer-1] Connection to node 0 (localhost/127.0.0.1:9092) could not be established. Broker may not be available.
2025-08-11T21:56:13.099+03:00  INFO 19100 --- [Carservice] [vice-producer-1] org.apache.kafka.clients.NetworkClient   : [Producer clientId=Carservice-producer-1] Node 0 disconnected.
2025-08-11T21:56:13.099+03:00  WARN 19100 --- [Carservice] [vice-producer-1] org.apache.kafka.clients.NetworkClient   : [Producer clientId=Carservice-producer-1] Connection to node 0 (localhost/127.0.0.1:9092) could not be established. Broker may not be available.
2025-08-11T21:56:14.199+03:00  INFO 19100 --- [Carservice] [vice-producer-1] org.apache.kafka.clients.NetworkClient   : [Producer clientId=Carservice-producer-1] Node 0 disconnected.
2025-08-11T21:56:14.200+03:00  WARN 19100 --- [Carservice] [vice-producer-1] org.apache.kafka.clients.NetworkClient   : [Producer clientId=Carservice-producer-1] Connection to node 0 (localhost/127.0.0.1:9092) could not be established. Broker may not be available.
2025-08-11T21:56:15.053+03:00  INFO 19100 --- [Carservice] [vice-producer-1] org.apache.kafka.clients.NetworkClient   : [Producer clientId=Carservice-producer-1] Node 0 disconnected.
2025-08-11T21:56:15.053+03:00  WARN 19100 --- [Carservice] [vice-producer-1] org.apache.kafka.clients.NetworkClient   : [Producer clientId=Carservice-producer-1] Connection to node 0 (localhost/127.0.0.1:9092) could not be established. Broker may not be available.
2025-08-11T21:56:15.903+03:00  INFO 19100 --- [Carservice] [vice-producer-1] org.apache.kafka.clients.NetworkClient   : [Producer clientId=Carservice-producer-1] Node 0 disconnected.
2025-08-11T21:56:15.903+03:00  WARN 19100 --- [Carservice] [vice-producer-1] org.apache.kafka.clients.NetworkClient   : [Producer clientId=Carservice-producer-1] Connection to node 0 (localhost/127.0.0.1:9092) could not be established. Broker may not be available.
2025-08-11T21:56:17.066+03:00  INFO 19100 --- [Carservice] [vice-producer-1] org.apache.kafka.clients.NetworkClient   : [Producer clientId=Carservice-producer-1] Node 0 disconnected.
2025-08-11T21:56:17.066+03:00  WARN 19100 --- [Carservice] [vice-producer-1] org.apache.kafka.clients.NetworkClient   : [Producer clientId=Carservice-producer-1] Connection to node 0 (localhost/127.0.0.1:9092) could not be established. Broker may not be available.
2025-08-11T21:56:18.231+03:00  INFO 19100 --- [Carservice] [vice-producer-1] org.apache.kafka.clients.NetworkClient   : [Producer clientId=Carservice-producer-1] Node 0 disconnected.
2025-08-11T21:56:18.231+03:00  WARN 19100 --- [Carservice] [vice-producer-1] org.apache.kafka.clients.NetworkClient   : [Producer clientId=Carservice-producer-1] Connection to node 0 (localhost/127.0.0.1:9092) could not be established. Broker may not be available.
2025-08-11T21:56:19.401+03:00  INFO 19100 --- [Carservice] [vice-producer-1] org.apache.kafka.clients.NetworkClient   : [Producer clientId=Carservice-producer-1] Node 0 disconnected.
2025-08-11T21:56:19.401+03:00  WARN 19100 --- [Carservice] [vice-producer-1] org.apache.kafka.clients.NetworkClient   : [Producer clientId=Carservice-producer-1] Connection to node 0 (localhost/127.0.0.1:9092) could not be established. Broker may not be available.
2025-08-11T21:56:20.561+03:00  INFO 19100 --- [Carservice] [vice-producer-1] org.apache.kafka.clients.NetworkClient   : [Producer clientId=Carservice-producer-1] Node 0 disconnected.
2025-08-11T21:56:20.561+03:00  WARN 19100 --- [Carservice] [vice-producer-1] org.apache.kafka.clients.NetworkClient   : [Producer clientId=Carservice-producer-1] Connection to node 0 (localhost/127.0.0.1:9092) could not be established. Broker may not be available.
2025-08-11T21:56:21.602+03:00  INFO 19100 --- [Carservice] [vice-producer-1] org.apache.kafka.clients.NetworkClient   : [Producer clientId=Carservice-producer-1] Node 0 disconnected.
2025-08-11T21:56:21.602+03:00  WARN 19100 --- [Carservice] [vice-producer-1] org.apache.kafka.clients.NetworkClient   : [Producer clientId=Carservice-producer-1] Connection to node 0 (localhost/127.0.0.1:9092) could not be established. Broker may not be available.
2025-08-11T21:56:22.519+03:00  INFO 19100 --- [Carservice] [vice-producer-1] org.apache.kafka.clients.NetworkClient   : [Producer clientId=Carservice-producer-1] Node 0 disconnected.
2025-08-11T21:56:22.519+03:00  WARN 19100 --- [Carservice] [vice-producer-1] org.apache.kafka.clients.NetworkClient   : [Producer clientId=Carservice-producer-1] Connection to node 0 (localhost/127.0.0.1:9092) could not be established. Broker may not be available.
2025-08-11T21:56:23.433+03:00  INFO 19100 --- [Carservice] [vice-producer-1] org.apache.kafka.clients.NetworkClient   : [Producer clientId=Carservice-producer-1] Node 0 disconnected.
2025-08-11T21:56:23.433+03:00  WARN 19100 --- [Carservice] [vice-producer-1] org.apache.kafka.clients.NetworkClient   : [Producer clientId=Carservice-producer-1] Connection to node 0 (localhost/127.0.0.1:9092) could not be established. Broker may not be available.
2025-08-11T21:56:24.599+03:00  INFO 19100 --- [Carservice] [vice-producer-1] org.apache.kafka.clients.NetworkClient   : [Producer clientId=Carservice-producer-1] Node 0 disconnected.
2025-08-11T21:56:24.599+03:00  WARN 19100 --- [Carservice] [vice-producer-1] org.apache.kafka.clients.NetworkClient   : [Producer clientId=Carservice-producer-1] Connection to node 0 (localhost/127.0.0.1:9092) could not be established. Broker may not be available.
2025-08-11T21:56:25.827+03:00  INFO 19100 --- [Carservice] [vice-producer-1] org.apache.kafka.clients.NetworkClient   : [Producer clientId=Carservice-producer-1] Node 0 disconnected.
2025-08-11T21:56:25.827+03:00  WARN 19100 --- [Carservice] [vice-producer-1] org.apache.kafka.clients.NetworkClient   : [Producer clientId=Carservice-producer-1] Connection to node 0 (localhost/127.0.0.1:9092) could not be established. Broker may not be available.
2025-08-11T21:56:26.739+03:00  INFO 19100 --- [Carservice] [vice-producer-1] org.apache.kafka.clients.NetworkClient   : [Producer clientId=Carservice-producer-1] Node 0 disconnected.
2025-08-11T21:56:26.739+03:00  WARN 19100 --- [Carservice] [vice-producer-1] org.apache.kafka.clients.NetworkClient   : [Producer clientId=Carservice-producer-1] Connection to node 0 (localhost/127.0.0.1:9092) could not be established. Broker may not be available.
2025-08-11T21:56:27.714+03:00  INFO 19100 --- [Carservice] [vice-producer-1] org.apache.kafka.clients.NetworkClient   : [Producer clientId=Carservice-producer-1] Node 0 disconnected.
2025-08-11T21:56:27.715+03:00  WARN 19100 --- [Carservice] [vice-producer-1] org.apache.kafka.clients.NetworkClient   : [Producer clientId=Carservice-producer-1] Connection to node 0 (localhost/127.0.0.1:9092) could not be established. Broker may not be available.
2025-08-11T21:56:28.689+03:00  INFO 19100 --- [Carservice] [vice-producer-1] org.apache.kafka.clients.NetworkClient   : [Producer clientId=Carservice-producer-1] Node 0 disconnected.
2025-08-11T21:56:28.689+03:00  WARN 19100 --- [Carservice] [vice-producer-1] org.apache.kafka.clients.NetworkClient   : [Producer clientId=Carservice-producer-1] Connection to node 0 (localhost/127.0.0.1:9092) could not be established. Broker may not be available.
2025-08-11T21:56:29.915+03:00  INFO 19100 --- [Carservice] [vice-producer-1] org.apache.kafka.clients.NetworkClient   : [Producer clientId=Carservice-producer-1] Node 0 disconnected.
2025-08-11T21:56:29.915+03:00  WARN 19100 --- [Carservice] [vice-producer-1] org.apache.kafka.clients.NetworkClient   : [Producer clientId=Carservice-producer-1] Connection to node 0 (localhost/127.0.0.1:9092) could not be established. Broker may not be available.
2025-08-11T21:56:31.141+03:00  INFO 19100 --- [Carservice] [vice-producer-1] org.apache.kafka.clients.NetworkClient   : [Producer clientId=Carservice-producer-1] Node 0 disconnected.
2025-08-11T21:56:31.141+03:00  WARN 19100 --- [Carservice] [vice-producer-1] org.apache.kafka.clients.NetworkClient   : [Producer clientId=Carservice-producer-1] Connection to node 0 (localhost/127.0.0.1:9092) could not be established. Broker may not be available.
2025-08-11T21:56:32.181+03:00  INFO 19100 --- [Carservice] [vice-producer-1] org.apache.kafka.clients.NetworkClient   : [Producer clientId=Carservice-producer-1] Node 0 disconnected.
2025-08-11T21:56:32.182+03:00  WARN 19100 --- [Carservice] [vice-producer-1] org.apache.kafka.clients.NetworkClient   : [Producer clientId=Carservice-producer-1] Connection to node 0 (localhost/127.0.0.1:9092) could not be established. Broker may not be available.
2025-08-11T21:56:33.283+03:00  INFO 19100 --- [Carservice] [vice-producer-1] org.apache.kafka.clients.NetworkClient   : [Producer clientId=Carservice-producer-1] Node 0 disconnected.
2025-08-11T21:56:33.283+03:00  WARN 19100 --- [Carservice] [vice-producer-1] org.apache.kafka.clients.NetworkClient   : [Producer clientId=Carservice-producer-1] Connection to node 0 (localhost/127.0.0.1:9092) could not be established. Broker may not be available.
2025-08-11T21:56:34.196+03:00  INFO 19100 --- [Carservice] [vice-producer-1] org.apache.kafka.clients.NetworkClient   : [Producer clientId=Carservice-producer-1] Node 0 disconnected.
2025-08-11T21:56:34.196+03:00  WARN 19100 --- [Carservice] [vice-producer-1] org.apache.kafka.clients.NetworkClient   : [Producer clientId=Carservice-producer-1] Connection to node 0 (localhost/127.0.0.1:9092) could not be established. Broker may not be available.
2025-08-11T21:56:35.234+03:00  INFO 19100 --- [Carservice] [vice-producer-1] org.apache.kafka.clients.NetworkClient   : [Producer clientId=Carservice-producer-1] Node 0 disconnected.
2025-08-11T21:56:35.235+03:00  WARN 19100 --- [Carservice] [vice-producer-1] org.apache.kafka.clients.NetworkClient   : [Producer clientId=Carservice-producer-1] Connection to node 0 (localhost/127.0.0.1:9092) could not be established. Broker may not be available.
2025-08-11T21:56:36.401+03:00  INFO 19100 --- [Carservice] [vice-producer-1] org.apache.kafka.clients.NetworkClient   : [Producer clientId=Carservice-producer-1] Node 0 disconnected.
2025-08-11T21:56:36.401+03:00  WARN 19100 --- [Carservice] [vice-producer-1] org.apache.kafka.clients.NetworkClient   : [Producer clientId=Carservice-producer-1] Connection to node 0 (localhost/127.0.0.1:9092) could not be established. Broker may not be available.
2025-08-11T21:56:37.568+03:00  INFO 19100 --- [Carservice] [vice-producer-1] org.apache.kafka.clients.NetworkClient   : [Producer clientId=Carservice-producer-1] Node 0 disconnected.
2025-08-11T21:56:37.568+03:00  WARN 19100 --- [Carservice] [vice-producer-1] org.apache.kafka.clients.NetworkClient   : [Producer clientId=Carservice-producer-1] Connection to node 0 (localhost/127.0.0.1:9092) could not be established. Broker may not be available.
2025-08-11T21:56:38.628+03:00  INFO 19100 --- [Carservice] [vice-producer-1] org.apache.kafka.clients.NetworkClient   : [Producer clientId=Carservice-producer-1] Node 0 disconnected.
2025-08-11T21:56:38.628+03:00  WARN 19100 --- [Carservice] [vice-producer-1] org.apache.kafka.clients.NetworkClient   : [Producer clientId=Carservice-producer-1] Connection to node 0 (localhost/127.0.0.1:9092) could not be established. Broker may not be available.
2025-08-11T21:56:39.545+03:00  INFO 19100 --- [Carservice] [vice-producer-1] org.apache.kafka.clients.NetworkClient   : [Producer clientId=Carservice-producer-1] Node 0 disconnected.
2025-08-11T21:56:39.545+03:00  WARN 19100 --- [Carservice] [vice-producer-1] org.apache.kafka.clients.NetworkClient   : [Producer clientId=Carservice-producer-1] Connection to node 0 (localhost/127.0.0.1:9092) could not be established. Broker may not be available.
2025-08-11T21:56:40.712+03:00  INFO 19100 --- [Carservice] [vice-producer-1] org.apache.kafka.clients.NetworkClient   : [Producer clientId=Carservice-producer-1] Node 0 disconnected.
2025-08-11T21:56:40.712+03:00  WARN 19100 --- [Carservice] [vice-producer-1] org.apache.kafka.clients.NetworkClient   : [Producer clientId=Carservice-producer-1] Connection to node 0 (localhost/127.0.0.1:9092) could not be established. Broker may not be available.
2025-08-11T21:56:41.940+03:00  INFO 19100 --- [Carservice] [vice-producer-1] org.apache.kafka.clients.NetworkClient   : [Producer clientId=Carservice-producer-1] Node 0 disconnected.
2025-08-11T21:56:41.940+03:00  WARN 19100 --- [Carservice] [vice-producer-1] org.apache.kafka.clients.NetworkClient   : [Producer clientId=Carservice-producer-1] Connection to node 0 (localhost/127.0.0.1:9092) could not be established. Broker may not be available.
2025-08-11T21:56:43.043+03:00  INFO 19100 --- [Carservice] [vice-producer-1] org.apache.kafka.clients.NetworkClient   : [Producer clientId=Carservice-producer-1] Node 0 disconnected.
2025-08-11T21:56:43.044+03:00  WARN 19100 --- [Carservice] [vice-producer-1] org.apache.kafka.clients.NetworkClient   : [Producer clientId=Carservice-producer-1] Connection to node 0 (localhost/127.0.0.1:9092) could not be established. Broker may not be available.
2025-08-11T21:56:44.021+03:00  INFO 19100 --- [Carservice] [vice-producer-1] org.apache.kafka.clients.NetworkClient   : [Producer clientId=Carservice-producer-1] Node 0 disconnected.
2025-08-11T21:56:44.022+03:00  WARN 19100 --- [Carservice] [vice-producer-1] org.apache.kafka.clients.NetworkClient   : [Producer clientId=Carservice-producer-1] Connection to node 0 (localhost/127.0.0.1:9092) could not be established. Broker may not be available.
2025-08-11T21:56:44.874+03:00  INFO 19100 --- [Carservice] [vice-producer-1] org.apache.kafka.clients.NetworkClient   : [Producer clientId=Carservice-producer-1] Node 0 disconnected.
2025-08-11T21:56:44.874+03:00  WARN 19100 --- [Carservice] [vice-producer-1] org.apache.kafka.clients.NetworkClient   : [Producer clientId=Carservice-producer-1] Connection to node 0 (localhost/127.0.0.1:9092) could not be established. Broker may not be available.
2025-08-11T21:56:45.978+03:00  INFO 19100 --- [Carservice] [vice-producer-1] org.apache.kafka.clients.NetworkClient   : [Producer clientId=Carservice-producer-1] Node 0 disconnected.
2025-08-11T21:56:45.978+03:00  WARN 19100 --- [Carservice] [vice-producer-1] org.apache.kafka.clients.NetworkClient   : [Producer clientId=Carservice-producer-1] Connection to node 0 (localhost/127.0.0.1:9092) could not be established. Broker may not be available.
2025-08-11T21:56:46.949+03:00  INFO 19100 --- [Carservice] [vice-producer-1] org.apache.kafka.clients.NetworkClient   : [Producer clientId=Carservice-producer-1] Node 0 disconnected.
2025-08-11T21:56:46.949+03:00  WARN 19100 --- [Carservice] [vice-producer-1] org.apache.kafka.clients.NetworkClient   : [Producer clientId=Carservice-producer-1] Connection to node 0 (localhost/127.0.0.1:9092) could not be established. Broker may not be available.
2025-08-11T21:56:47.992+03:00  INFO 19100 --- [Carservice] [vice-producer-1] org.apache.kafka.clients.NetworkClient   : [Producer clientId=Carservice-producer-1] Node 0 disconnected.
2025-08-11T21:56:47.992+03:00  WARN 19100 --- [Carservice] [vice-producer-1] org.apache.kafka.clients.NetworkClient   : [Producer clientId=Carservice-producer-1] Connection to node 0 (localhost/127.0.0.1:9092) could not be established. Broker may not be available.
2025-08-11T21:56:49.157+03:00  INFO 19100 --- [Carservice] [vice-producer-1] org.apache.kafka.clients.NetworkClient   : [Producer clientId=Carservice-producer-1] Node 0 disconnected.
2025-08-11T21:56:49.157+03:00  WARN 19100 --- [Carservice] [vice-producer-1] org.apache.kafka.clients.NetworkClient   : [Producer clientId=Carservice-producer-1] Connection to node 0 (localhost/127.0.0.1:9092) could not be established. Broker may not be available.
2025-08-11T21:56:50.198+03:00  INFO 19100 --- [Carservice] [vice-producer-1] org.apache.kafka.clients.NetworkClient   : [Producer clientId=Carservice-producer-1] Node 0 disconnected.
2025-08-11T21:56:50.198+03:00  WARN 19100 --- [Carservice] [vice-producer-1] org.apache.kafka.clients.NetworkClient   : [Producer clientId=Carservice-producer-1] Connection to node 0 (localhost/127.0.0.1:9092) could not be established. Broker may not be available.
2025-08-11T21:56:51.131+03:00  INFO 19100 --- [Carservice] [vice-producer-1] org.apache.kafka.clients.NetworkClient   : [Producer clientId=Carservice-producer-1] Node 0 disconnected.
2025-08-11T21:56:51.132+03:00  WARN 19100 --- [Carservice] [vice-producer-1] org.apache.kafka.clients.NetworkClient   : [Producer clientId=Carservice-producer-1] Connection to node 0 (localhost/127.0.0.1:9092) could not be established. Broker may not be available.
2025-08-11T21:56:52.107+03:00  INFO 19100 --- [Carservice] [vice-producer-1] org.apache.kafka.clients.NetworkClient   : [Producer clientId=Carservice-producer-1] Node 0 disconnected.
2025-08-11T21:56:52.107+03:00  WARN 19100 --- [Carservice] [vice-producer-1] org.apache.kafka.clients.NetworkClient   : [Producer clientId=Carservice-producer-1] Connection to node 0 (localhost/127.0.0.1:9092) could not be established. Broker may not be available.
2025-08-11T21:56:53.213+03:00  INFO 19100 --- [Carservice] [vice-producer-1] org.apache.kafka.clients.NetworkClient   : [Producer clientId=Carservice-producer-1] Node 0 disconnected.
2025-08-11T21:56:53.213+03:00  WARN 19100 --- [Carservice] [vice-producer-1] org.apache.kafka.clients.NetworkClient   : [Producer clientId=Carservice-producer-1] Connection to node 0 (localhost/127.0.0.1:9092) could not be established. Broker may not be available.
2025-08-11T21:56:54.132+03:00  INFO 19100 --- [Carservice] [vice-producer-1] org.apache.kafka.clients.NetworkClient   : [Producer clientId=Carservice-producer-1] Node 0 disconnected.
2025-08-11T21:56:54.132+03:00  WARN 19100 --- [Carservice] [vice-producer-1] org.apache.kafka.clients.NetworkClient   : [Producer clientId=Carservice-producer-1] Connection to node 0 (localhost/127.0.0.1:9092) could not be established. Broker may not be available.
2025-08-11T21:56:54.986+03:00  INFO 19100 --- [Carservice] [vice-producer-1] org.apache.kafka.clients.NetworkClient   : [Producer clientId=Carservice-producer-1] Node 0 disconnected.
2025-08-11T21:56:54.987+03:00  WARN 19100 --- [Carservice] [vice-producer-1] org.apache.kafka.clients.NetworkClient   : [Producer clientId=Carservice-producer-1] Connection to node 0 (localhost/127.0.0.1:9092) could not be established. Broker may not be available.
2025-08-11T21:56:56.215+03:00  INFO 19100 --- [Carservice] [vice-producer-1] org.apache.kafka.clients.NetworkClient   : [Producer clientId=Carservice-producer-1] Node 0 disconnected.
2025-08-11T21:56:56.215+03:00  WARN 19100 --- [Carservice] [vice-producer-1] org.apache.kafka.clients.NetworkClient   : [Producer clientId=Carservice-producer-1] Connection to node 0 (localhost/127.0.0.1:9092) could not be established. Broker may not be available.
2025-08-11T21:56:57.264+03:00  INFO 19100 --- [Carservice] [vice-producer-1] org.apache.kafka.clients.NetworkClient   : [Producer clientId=Carservice-producer-1] Node 0 disconnected.
2025-08-11T21:56:57.264+03:00  WARN 19100 --- [Carservice] [vice-producer-1] org.apache.kafka.clients.NetworkClient   : [Producer clientId=Carservice-producer-1] Connection to node 0 (localhost/127.0.0.1:9092) could not be established. Broker may not be available.
2025-08-11T21:56:58.245+03:00  INFO 19100 --- [Carservice] [vice-producer-1] org.apache.kafka.clients.NetworkClient   : [Producer clientId=Carservice-producer-1] Node 0 disconnected.
2025-08-11T21:56:58.245+03:00  WARN 19100 --- [Carservice] [vice-producer-1] org.apache.kafka.clients.NetworkClient   : [Producer clientId=Carservice-producer-1] Connection to node 0 (localhost/127.0.0.1:9092) could not be established. Broker may not be available.
2025-08-11T21:56:59.468+03:00  INFO 19100 --- [Carservice] [vice-producer-1] org.apache.kafka.clients.NetworkClient   : [Producer clientId=Carservice-producer-1] Node 0 disconnected.
2025-08-11T21:56:59.468+03:00  WARN 19100 --- [Carservice] [vice-producer-1] org.apache.kafka.clients.NetworkClient   : [Producer clientId=Carservice-producer-1] Connection to node 0 (localhost/127.0.0.1:9092) could not be established. Broker may not be available.
2025-08-11T21:57:00.503+03:00  INFO 19100 --- [Carservice] [vice-producer-1] org.apache.kafka.clients.NetworkClient   : [Producer clientId=Carservice-producer-1] Node 0 disconnected.
2025-08-11T21:57:00.503+03:00  WARN 19100 --- [Carservice] [vice-producer-1] org.apache.kafka.clients.NetworkClient   : [Producer clientId=Carservice-producer-1] Connection to node 0 (localhost/127.0.0.1:9092) could not be established. Broker may not be available.
2025-08-11T21:57:01.668+03:00  INFO 19100 --- [Carservice] [vice-producer-1] org.apache.kafka.clients.NetworkClient   : [Producer clientId=Carservice-producer-1] Node 0 disconnected.
2025-08-11T21:57:01.668+03:00  WARN 19100 --- [Carservice] [vice-producer-1] org.apache.kafka.clients.NetworkClient   : [Producer clientId=Carservice-producer-1] Connection to node 0 (localhost/127.0.0.1:9092) could not be established. Broker may not be available.
2025-08-11T21:57:02.519+03:00  INFO 19100 --- [Carservice] [vice-producer-1] org.apache.kafka.clients.NetworkClient   : [Producer clientId=Carservice-producer-1] Node 0 disconnected.
2025-08-11T21:57:02.519+03:00  WARN 19100 --- [Carservice] [vice-producer-1] org.apache.kafka.clients.NetworkClient   : [Producer clientId=Carservice-producer-1] Connection to node 0 (localhost/127.0.0.1:9092) could not be established. Broker may not be available.
2025-08-11T21:57:03.743+03:00  INFO 19100 --- [Carservice] [vice-producer-1] org.apache.kafka.clients.NetworkClient   : [Producer clientId=Carservice-producer-1] Node 0 disconnected.
2025-08-11T21:57:03.743+03:00  WARN 19100 --- [Carservice] [vice-producer-1] org.apache.kafka.clients.NetworkClient   : [Producer clientId=Carservice-producer-1] Connection to node 0 (localhost/127.0.0.1:9092) could not be established. Broker may not be available.
2025-08-11T21:57:04.598+03:00  INFO 19100 --- [Carservice] [vice-producer-1] org.apache.kafka.clients.NetworkClient   : [Producer clientId=Carservice-producer-1] Node 0 disconnected.
2025-08-11T21:57:04.598+03:00  WARN 19100 --- [Carservice] [vice-producer-1] org.apache.kafka.clients.NetworkClient   : [Producer clientId=Carservice-producer-1] Connection to node 0 (localhost/127.0.0.1:9092) could not be established. Broker may not be available.
2025-08-11T21:57:05.644+03:00  INFO 19100 --- [Carservice] [vice-producer-1] org.apache.kafka.clients.NetworkClient   : [Producer clientId=Carservice-producer-1] Node 0 disconnected.
2025-08-11T21:57:05.644+03:00  WARN 19100 --- [Carservice] [vice-producer-1] org.apache.kafka.clients.NetworkClient   : [Producer clientId=Carservice-producer-1] Connection to node 0 (localhost/127.0.0.1:9092) could not be established. Broker may not be available.
2025-08-11T21:57:06.621+03:00  INFO 19100 --- [Carservice] [vice-producer-1] org.apache.kafka.clients.NetworkClient   : [Producer clientId=Carservice-producer-1] Node 0 disconnected.
2025-08-11T21:57:06.621+03:00  WARN 19100 --- [Carservice] [vice-producer-1] org.apache.kafka.clients.NetworkClient   : [Producer clientId=Carservice-producer-1] Connection to node 0 (localhost/127.0.0.1:9092) could not be established. Broker may not be available.
2025-08-11T21:57:07.659+03:00  INFO 19100 --- [Carservice] [vice-producer-1] org.apache.kafka.clients.NetworkClient   : [Producer clientId=Carservice-producer-1] Node 0 disconnected.
2025-08-11T21:57:07.659+03:00  WARN 19100 --- [Carservice] [vice-producer-1] org.apache.kafka.clients.NetworkClient   : [Producer clientId=Carservice-producer-1] Connection to node 0 (localhost/127.0.0.1:9092) could not be established. Broker may not be available.
2025-08-11T21:57:08.698+03:00  INFO 19100 --- [Carservice] [vice-producer-1] org.apache.kafka.clients.NetworkClient   : [Producer clientId=Carservice-producer-1] Node 0 disconnected.
2025-08-11T21:57:08.698+03:00  WARN 19100 --- [Carservice] [vice-producer-1] org.apache.kafka.clients.NetworkClient   : [Producer clientId=Carservice-producer-1] Connection to node 0 (localhost/127.0.0.1:9092) could not be established. Broker may not be available.
2025-08-11T21:57:09.863+03:00  INFO 19100 --- [Carservice] [vice-producer-1] org.apache.kafka.clients.NetworkClient   : [Producer clientId=Carservice-producer-1] Node 0 disconnected.
2025-08-11T21:57:09.863+03:00  WARN 19100 --- [Carservice] [vice-producer-1] org.apache.kafka.clients.NetworkClient   : [Producer clientId=Carservice-producer-1] Connection to node 0 (localhost/127.0.0.1:9092) could not be established. Broker may not be available.
2025-08-11T21:57:10.969+03:00  INFO 19100 --- [Carservice] [vice-producer-1] org.apache.kafka.clients.NetworkClient   : [Producer clientId=Carservice-producer-1] Node 0 disconnected.
2025-08-11T21:57:10.969+03:00  WARN 19100 --- [Carservice] [vice-producer-1] org.apache.kafka.clients.NetworkClient   : [Producer clientId=Carservice-producer-1] Connection to node 0 (localhost/127.0.0.1:9092) could not be established. Broker may not be available.
2025-08-11T21:57:11.949+03:00  INFO 19100 --- [Carservice] [vice-producer-1] org.apache.kafka.clients.NetworkClient   : [Producer clientId=Carservice-producer-1] Node 0 disconnected.
2025-08-11T21:57:11.950+03:00  WARN 19100 --- [Carservice] [vice-producer-1] org.apache.kafka.clients.NetworkClient   : [Producer clientId=Carservice-producer-1] Connection to node 0 (localhost/127.0.0.1:9092) could not be established. Broker may not be available.
2025-08-11T21:57:12.805+03:00  INFO 19100 --- [Carservice] [vice-producer-1] org.apache.kafka.clients.NetworkClient   : [Producer clientId=Carservice-producer-1] Node 0 disconnected.
2025-08-11T21:57:12.805+03:00  WARN 19100 --- [Carservice] [vice-producer-1] org.apache.kafka.clients.NetworkClient   : [Producer clientId=Carservice-producer-1] Connection to node 0 (localhost/127.0.0.1:9092) could not be established. Broker may not be available.
2025-08-11T21:57:13.975+03:00  INFO 19100 --- [Carservice] [vice-producer-1] org.apache.kafka.clients.NetworkClient   : [Producer clientId=Carservice-producer-1] Node 0 disconnected.
2025-08-11T21:57:13.975+03:00  WARN 19100 --- [Carservice] [vice-producer-1] org.apache.kafka.clients.NetworkClient   : [Producer clientId=Carservice-producer-1] Connection to node 0 (localhost/127.0.0.1:9092) could not be established. Broker may not be available.
2025-08-11T21:57:14.892+03:00  INFO 19100 --- [Carservice] [vice-producer-1] org.apache.kafka.clients.NetworkClient   : [Producer clientId=Carservice-producer-1] Node 0 disconnected.
2025-08-11T21:57:14.892+03:00  WARN 19100 --- [Carservice] [vice-producer-1] org.apache.kafka.clients.NetworkClient   : [Producer clientId=Carservice-producer-1] Connection to node 0 (localhost/127.0.0.1:9092) could not be established. Broker may not be available.
2025-08-11T21:57:15.747+03:00  INFO 19100 --- [Carservice] [vice-producer-1] org.apache.kafka.clients.NetworkClient   : [Producer clientId=Carservice-producer-1] Node 0 disconnected.
2025-08-11T21:57:15.747+03:00  WARN 19100 --- [Carservice] [vice-producer-1] org.apache.kafka.clients.NetworkClient   : [Producer clientId=Carservice-producer-1] Connection to node 0 (localhost/127.0.0.1:9092) could not be established. Broker may not be available.
2025-08-11T21:57:16.661+03:00  INFO 19100 --- [Carservice] [vice-producer-1] org.apache.kafka.clients.NetworkClient   : [Producer clientId=Carservice-producer-1] Node 0 disconnected.
2025-08-11T21:57:16.661+03:00  WARN 19100 --- [Carservice] [vice-producer-1] org.apache.kafka.clients.NetworkClient   : [Producer clientId=Carservice-producer-1] Connection to node 0 (localhost/127.0.0.1:9092) could not be established. Broker may not be available.
2025-08-11T21:57:17.640+03:00  INFO 19100 --- [Carservice] [vice-producer-1] org.apache.kafka.clients.NetworkClient   : [Producer clientId=Carservice-producer-1] Node 0 disconnected.
2025-08-11T21:57:17.641+03:00  WARN 19100 --- [Carservice] [vice-producer-1] org.apache.kafka.clients.NetworkClient   : [Producer clientId=Carservice-producer-1] Connection to node 0 (localhost/127.0.0.1:9092) could not be established. Broker may not be available.
2025-08-11T21:57:18.618+03:00  INFO 19100 --- [Carservice] [vice-producer-1] org.apache.kafka.clients.NetworkClient   : [Producer clientId=Carservice-producer-1] Node 0 disconnected.
2025-08-11T21:57:18.618+03:00  WARN 19100 --- [Carservice] [vice-producer-1] org.apache.kafka.clients.NetworkClient   : [Producer clientId=Carservice-producer-1] Connection to node 0 (localhost/127.0.0.1:9092) could not be established. Broker may not be available.
2025-08-11T21:57:19.473+03:00  INFO 19100 --- [Carservice] [vice-producer-1] org.apache.kafka.clients.NetworkClient   : [Producer clientId=Carservice-producer-1] Node 0 disconnected.
2025-08-11T21:57:19.473+03:00  WARN 19100 --- [Carservice] [vice-producer-1] org.apache.kafka.clients.NetworkClient   : [Producer clientId=Carservice-producer-1] Connection to node 0 (localhost/127.0.0.1:9092) could not be established. Broker may not be available.
2025-08-11T21:57:20.452+03:00  INFO 19100 --- [Carservice] [vice-producer-1] org.apache.kafka.clients.NetworkClient   : [Producer clientId=Carservice-producer-1] Node 0 disconnected.
2025-08-11T21:57:20.452+03:00  WARN 19100 --- [Carservice] [vice-producer-1] org.apache.kafka.clients.NetworkClient   : [Producer clientId=Carservice-producer-1] Connection to node 0 (localhost/127.0.0.1:9092) could not be established. Broker may not be available.
2025-08-11T21:57:21.429+03:00  INFO 19100 --- [Carservice] [vice-producer-1] org.apache.kafka.clients.NetworkClient   : [Producer clientId=Carservice-producer-1] Node 0 disconnected.
2025-08-11T21:57:21.429+03:00  WARN 19100 --- [Carservice] [vice-producer-1] org.apache.kafka.clients.NetworkClient   : [Producer clientId=Carservice-producer-1] Connection to node 0 (localhost/127.0.0.1:9092) could not be established. Broker may not be available.
2025-08-11T21:57:22.346+03:00  INFO 19100 --- [Carservice] [vice-producer-1] org.apache.kafka.clients.NetworkClient   : [Producer clientId=Carservice-producer-1] Node 0 disconnected.
2025-08-11T21:57:22.346+03:00  WARN 19100 --- [Carservice] [vice-producer-1] org.apache.kafka.clients.NetworkClient   : [Producer clientId=Carservice-producer-1] Connection to node 0 (localhost/127.0.0.1:9092) could not be established. Broker may not be available.
2025-08-11T21:57:23.199+03:00  INFO 19100 --- [Carservice] [vice-producer-1] org.apache.kafka.clients.NetworkClient   : [Producer clientId=Carservice-producer-1] Node 0 disconnected.
2025-08-11T21:57:23.199+03:00  WARN 19100 --- [Carservice] [vice-producer-1] org.apache.kafka.clients.NetworkClient   : [Producer clientId=Carservice-producer-1] Connection to node 0 (localhost/127.0.0.1:9092) could not be established. Broker may not be available.
2025-08-11T21:57:24.365+03:00  INFO 19100 --- [Carservice] [vice-producer-1] org.apache.kafka.clients.NetworkClient   : [Producer clientId=Carservice-producer-1] Node 0 disconnected.
2025-08-11T21:57:24.366+03:00  WARN 19100 --- [Carservice] [vice-producer-1] org.apache.kafka.clients.NetworkClient   : [Producer clientId=Carservice-producer-1] Connection to node 0 (localhost/127.0.0.1:9092) could not be established. Broker may not be available.
2025-08-11T21:57:25.280+03:00  INFO 19100 --- [Carservice] [vice-producer-1] org.apache.kafka.clients.NetworkClient   : [Producer clientId=Carservice-producer-1] Node 0 disconnected.
2025-08-11T21:57:25.280+03:00  WARN 19100 --- [Carservice] [vice-producer-1] org.apache.kafka.clients.NetworkClient   : [Producer clientId=Carservice-producer-1] Connection to node 0 (localhost/127.0.0.1:9092) could not be established. Broker may not be available.
2025-08-11T21:57:26.135+03:00  INFO 19100 --- [Carservice] [vice-producer-1] org.apache.kafka.clients.NetworkClient   : [Producer clientId=Carservice-producer-1] Node 0 disconnected.
2025-08-11T21:57:26.135+03:00  WARN 19100 --- [Carservice] [vice-producer-1] org.apache.kafka.clients.NetworkClient   : [Producer clientId=Carservice-producer-1] Connection to node 0 (localhost/127.0.0.1:9092) could not be established. Broker may not be available.
2025-08-11T21:57:27.114+03:00  INFO 19100 --- [Carservice] [vice-producer-1] org.apache.kafka.clients.NetworkClient   : [Producer clientId=Carservice-producer-1] Node 0 disconnected.
2025-08-11T21:57:27.115+03:00  WARN 19100 --- [Carservice] [vice-producer-1] org.apache.kafka.clients.NetworkClient   : [Producer clientId=Carservice-producer-1] Connection to node 0 (localhost/127.0.0.1:9092) could not be established. Broker may not be available.
2025-08-11T21:57:27.971+03:00  INFO 19100 --- [Carservice] [vice-producer-1] org.apache.kafka.clients.NetworkClient   : [Producer clientId=Carservice-producer-1] Node 0 disconnected.
2025-08-11T21:57:27.971+03:00  WARN 19100 --- [Carservice] [vice-producer-1] org.apache.kafka.clients.NetworkClient   : [Producer clientId=Carservice-producer-1] Connection to node 0 (localhost/127.0.0.1:9092) could not be established. Broker may not be available.
2025-08-11T21:57:29.077+03:00  INFO 19100 --- [Carservice] [vice-producer-1] org.apache.kafka.clients.NetworkClient   : [Producer clientId=Carservice-producer-1] Node 0 disconnected.
2025-08-11T21:57:29.077+03:00  WARN 19100 --- [Carservice] [vice-producer-1] org.apache.kafka.clients.NetworkClient   : [Producer clientId=Carservice-producer-1] Connection to node 0 (localhost/127.0.0.1:9092) could not be established. Broker may not be available.
2025-08-11T21:57:30.244+03:00  INFO 19100 --- [Carservice] [vice-producer-1] org.apache.kafka.clients.NetworkClient   : [Producer clientId=Carservice-producer-1] Node 0 disconnected.
2025-08-11T21:57:30.244+03:00  WARN 19100 --- [Carservice] [vice-producer-1] org.apache.kafka.clients.NetworkClient   : [Producer clientId=Carservice-producer-1] Connection to node 0 (localhost/127.0.0.1:9092) could not be established. Broker may not be available.
2025-08-11T21:57:31.110+03:00  INFO 19100 --- [Carservice] [vice-producer-1] org.apache.kafka.clients.NetworkClient   : [Producer clientId=Carservice-producer-1] Node 0 disconnected.
2025-08-11T21:57:31.110+03:00  WARN 19100 --- [Carservice] [vice-producer-1] org.apache.kafka.clients.NetworkClient   : [Producer clientId=Carservice-producer-1] Connection to node 0 (localhost/127.0.0.1:9092) could not be established. Broker may not be available.
2025-08-11T21:57:32.030+03:00  INFO 19100 --- [Carservice] [vice-producer-1] org.apache.kafka.clients.NetworkClient   : [Producer clientId=Carservice-producer-1] Node 0 disconnected.
2025-08-11T21:57:32.030+03:00  WARN 19100 --- [Carservice] [vice-producer-1] org.apache.kafka.clients.NetworkClient   : [Producer clientId=Carservice-producer-1] Connection to node 0 (localhost/127.0.0.1:9092) could not be established. Broker may not be available.
2025-08-11T21:57:33.134+03:00  INFO 19100 --- [Carservice] [vice-producer-1] org.apache.kafka.clients.NetworkClient   : [Producer clientId=Carservice-producer-1] Node 0 disconnected.
2025-08-11T21:57:33.135+03:00  WARN 19100 --- [Carservice] [vice-producer-1] org.apache.kafka.clients.NetworkClient   : [Producer clientId=Carservice-producer-1] Connection to node 0 (localhost/127.0.0.1:9092) could not be established. Broker may not be available.
2025-08-11T21:57:33.991+03:00  INFO 19100 --- [Carservice] [vice-producer-1] org.apache.kafka.clients.NetworkClient   : [Producer clientId=Carservice-producer-1] Node 0 disconnected.
2025-08-11T21:57:33.991+03:00  WARN 19100 --- [Carservice] [vice-producer-1] org.apache.kafka.clients.NetworkClient   : [Producer clientId=Carservice-producer-1] Connection to node 0 (localhost/127.0.0.1:9092) could not be established. Broker may not be available.
2025-08-11T21:57:35.034+03:00  INFO 19100 --- [Carservice] [vice-producer-1] org.apache.kafka.clients.NetworkClient   : [Producer clientId=Carservice-producer-1] Node 0 disconnected.
2025-08-11T21:57:35.035+03:00  WARN 19100 --- [Carservice] [vice-producer-1] org.apache.kafka.clients.NetworkClient   : [Producer clientId=Carservice-producer-1] Connection to node 0 (localhost/127.0.0.1:9092) could not be established. Broker may not be available.
2025-08-11T21:57:36.075+03:00  INFO 19100 --- [Carservice] [vice-producer-1] org.apache.kafka.clients.NetworkClient   : [Producer clientId=Carservice-producer-1] Node 0 disconnected.
2025-08-11T21:57:36.075+03:00  WARN 19100 --- [Carservice] [vice-producer-1] org.apache.kafka.clients.NetworkClient   : [Producer clientId=Carservice-producer-1] Connection to node 0 (localhost/127.0.0.1:9092) could not be established. Broker may not be available.
2025-08-11T21:57:37.186+03:00  INFO 19100 --- [Carservice] [vice-producer-1] org.apache.kafka.clients.NetworkClient   : [Producer clientId=Carservice-producer-1] Node 0 disconnected.
2025-08-11T21:57:37.186+03:00  WARN 19100 --- [Carservice] [vice-producer-1] org.apache.kafka.clients.NetworkClient   : [Producer clientId=Carservice-producer-1] Connection to node 0 (localhost/127.0.0.1:9092) could not be established. Broker may not be available.
2025-08-11T21:57:38.228+03:00  INFO 19100 --- [Carservice] [vice-producer-1] org.apache.kafka.clients.NetworkClient   : [Producer clientId=Carservice-producer-1] Node 0 disconnected.
2025-08-11T21:57:38.228+03:00  WARN 19100 --- [Carservice] [vice-producer-1] org.apache.kafka.clients.NetworkClient   : [Producer clientId=Carservice-producer-1] Connection to node 0 (localhost/127.0.0.1:9092) could not be established. Broker may not be available.
2025-08-11T21:57:39.259+03:00  INFO 19100 --- [Carservice] [vice-producer-1] org.apache.kafka.clients.NetworkClient   : [Producer clientId=Carservice-producer-1] Node 0 disconnected.
2025-08-11T21:57:39.259+03:00  WARN 19100 --- [Carservice] [vice-producer-1] org.apache.kafka.clients.NetworkClient   : [Producer clientId=Carservice-producer-1] Connection to node 0 (localhost/127.0.0.1:9092) could not be established. Broker may not be available.
2025-08-11T21:57:40.489+03:00  INFO 19100 --- [Carservice] [vice-producer-1] org.apache.kafka.clients.NetworkClient   : [Producer clientId=Carservice-producer-1] Node 0 disconnected.
2025-08-11T21:57:40.489+03:00  WARN 19100 --- [Carservice] [vice-producer-1] org.apache.kafka.clients.NetworkClient   : [Producer clientId=Carservice-producer-1] Connection to node 0 (localhost/127.0.0.1:9092) could not be established. Broker may not be available.
2025-08-11T21:57:41.341+03:00  INFO 19100 --- [Carservice] [vice-producer-1] org.apache.kafka.clients.NetworkClient   : [Producer clientId=Carservice-producer-1] Node 0 disconnected.
2025-08-11T21:57:41.342+03:00  WARN 19100 --- [Carservice] [vice-producer-1] org.apache.kafka.clients.NetworkClient   : [Producer clientId=Carservice-producer-1] Connection to node 0 (localhost/127.0.0.1:9092) could not be established. Broker may not be available.
2025-08-11T21:57:42.258+03:00  INFO 19100 --- [Carservice] [vice-producer-1] org.apache.kafka.clients.NetworkClient   : [Producer clientId=Carservice-producer-1] Node 0 disconnected.
2025-08-11T21:57:42.258+03:00  WARN 19100 --- [Carservice] [vice-producer-1] org.apache.kafka.clients.NetworkClient   : [Producer clientId=Carservice-producer-1] Connection to node 0 (localhost/127.0.0.1:9092) could not be established. Broker may not be available.
2025-08-11T21:57:43.233+03:00  INFO 19100 --- [Carservice] [vice-producer-1] org.apache.kafka.clients.NetworkClient   : [Producer clientId=Carservice-producer-1] Node 0 disconnected.
2025-08-11T21:57:43.233+03:00  WARN 19100 --- [Carservice] [vice-producer-1] org.apache.kafka.clients.NetworkClient   : [Producer clientId=Carservice-producer-1] Connection to node 0 (localhost/127.0.0.1:9092) could not be established. Broker may not be available.
2025-08-11T21:57:44.275+03:00  INFO 19100 --- [Carservice] [vice-producer-1] org.apache.kafka.clients.NetworkClient   : [Producer clientId=Carservice-producer-1] Node 0 disconnected.
2025-08-11T21:57:44.275+03:00  WARN 19100 --- [Carservice] [vice-producer-1] org.apache.kafka.clients.NetworkClient   : [Producer clientId=Carservice-producer-1] Connection to node 0 (localhost/127.0.0.1:9092) could not be established. Broker may not be available.
2025-08-11T21:57:45.504+03:00  INFO 19100 --- [Carservice] [vice-producer-1] org.apache.kafka.clients.NetworkClient   : [Producer clientId=Carservice-producer-1] Node 0 disconnected.
2025-08-11T21:57:45.504+03:00  WARN 19100 --- [Carservice] [vice-producer-1] org.apache.kafka.clients.NetworkClient   : [Producer clientId=Carservice-producer-1] Connection to node 0 (localhost/127.0.0.1:9092) could not be established. Broker may not be available.
2025-08-11T21:57:46.608+03:00  INFO 19100 --- [Carservice] [vice-producer-1] org.apache.kafka.clients.NetworkClient   : [Producer clientId=Carservice-producer-1] Node 0 disconnected.
2025-08-11T21:57:46.608+03:00  WARN 19100 --- [Carservice] [vice-producer-1] org.apache.kafka.clients.NetworkClient   : [Producer clientId=Carservice-producer-1] Connection to node 0 (localhost/127.0.0.1:9092) could not be established. Broker may not be available.
2025-08-11T21:57:47.781+03:00  INFO 19100 --- [Carservice] [vice-producer-1] org.apache.kafka.clients.NetworkClient   : [Producer clientId=Carservice-producer-1] Node 0 disconnected.
2025-08-11T21:57:47.781+03:00  WARN 19100 --- [Carservice] [vice-producer-1] org.apache.kafka.clients.NetworkClient   : [Producer clientId=Carservice-producer-1] Connection to node 0 (localhost/127.0.0.1:9092) could not be established. Broker may not be available.
2025-08-11T21:57:49.014+03:00  INFO 19100 --- [Carservice] [vice-producer-1] org.apache.kafka.clients.NetworkClient   : [Producer clientId=Carservice-producer-1] Node 0 disconnected.
2025-08-11T21:57:49.014+03:00  WARN 19100 --- [Carservice] [vice-producer-1] org.apache.kafka.clients.NetworkClient   : [Producer clientId=Carservice-producer-1] Connection to node 0 (localhost/127.0.0.1:9092) could not be established. Broker may not be available.
2025-08-11T21:57:49.935+03:00  INFO 19100 --- [Carservice] [vice-producer-1] org.apache.kafka.clients.NetworkClient   : [Producer clientId=Carservice-producer-1] Node 0 disconnected.
2025-08-11T21:57:49.935+03:00  WARN 19100 --- [Carservice] [vice-producer-1] org.apache.kafka.clients.NetworkClient   : [Producer clientId=Carservice-producer-1] Connection to node 0 (localhost/127.0.0.1:9092) could not be established. Broker may not be available.
2025-08-11T21:57:51.033+03:00  INFO 19100 --- [Carservice] [vice-producer-1] org.apache.kafka.clients.NetworkClient   : [Producer clientId=Carservice-producer-1] Node 0 disconnected.
2025-08-11T21:57:51.033+03:00  WARN 19100 --- [Carservice] [vice-producer-1] org.apache.kafka.clients.NetworkClient   : [Producer clientId=Carservice-producer-1] Connection to node 0 (localhost/127.0.0.1:9092) could not be established. Broker may not be available.
2025-08-11T21:57:52.071+03:00  INFO 19100 --- [Carservice] [vice-producer-1] org.apache.kafka.clients.NetworkClient   : [Producer clientId=Carservice-producer-1] Node 0 disconnected.
2025-08-11T21:57:52.071+03:00  WARN 19100 --- [Carservice] [vice-producer-1] org.apache.kafka.clients.NetworkClient   : [Producer clientId=Carservice-producer-1] Connection to node 0 (localhost/127.0.0.1:9092) could not be established. Broker may not be available.
2025-08-11T21:57:53.244+03:00  INFO 19100 --- [Carservice] [vice-producer-1] org.apache.kafka.clients.NetworkClient   : [Producer clientId=Carservice-producer-1] Node 0 disconnected.
2025-08-11T21:57:53.244+03:00  WARN 19100 --- [Carservice] [vice-producer-1] org.apache.kafka.clients.NetworkClient   : [Producer clientId=Carservice-producer-1] Connection to node 0 (localhost/127.0.0.1:9092) could not be established. Broker may not be available.
2025-08-11T21:57:54.348+03:00  INFO 19100 --- [Carservice] [vice-producer-1] org.apache.kafka.clients.NetworkClient   : [Producer clientId=Carservice-producer-1] Node 0 disconnected.
2025-08-11T21:57:54.348+03:00  WARN 19100 --- [Carservice] [vice-producer-1] org.apache.kafka.clients.NetworkClient   : [Producer clientId=Carservice-producer-1] Connection to node 0 (localhost/127.0.0.1:9092) could not be established. Broker may not be available.
2025-08-11T21:57:55.512+03:00  INFO 19100 --- [Carservice] [vice-producer-1] org.apache.kafka.clients.NetworkClient   : [Producer clientId=Carservice-producer-1] Node 0 disconnected.
2025-08-11T21:57:55.512+03:00  WARN 19100 --- [Carservice] [vice-producer-1] org.apache.kafka.clients.NetworkClient   : [Producer clientId=Carservice-producer-1] Connection to node 0 (localhost/127.0.0.1:9092) could not be established. Broker may not be available.
2025-08-11T21:57:56.677+03:00  INFO 19100 --- [Carservice] [vice-producer-1] org.apache.kafka.clients.NetworkClient   : [Producer clientId=Carservice-producer-1] Node 0 disconnected.
2025-08-11T21:57:56.677+03:00  WARN 19100 --- [Carservice] [vice-producer-1] org.apache.kafka.clients.NetworkClient   : [Producer clientId=Carservice-producer-1] Connection to node 0 (localhost/127.0.0.1:9092) could not be established. Broker may not be available.
2025-08-11T21:57:57.531+03:00  INFO 19100 --- [Carservice] [vice-producer-1] org.apache.kafka.clients.NetworkClient   : [Producer clientId=Carservice-producer-1] Node 0 disconnected.
2025-08-11T21:57:57.532+03:00  WARN 19100 --- [Carservice] [vice-producer-1] org.apache.kafka.clients.NetworkClient   : [Producer clientId=Carservice-producer-1] Connection to node 0 (localhost/127.0.0.1:9092) could not be established. Broker may not be available.
2025-08-11T21:57:58.387+03:00  INFO 19100 --- [Carservice] [vice-producer-1] org.apache.kafka.clients.NetworkClient   : [Producer clientId=Carservice-producer-1] Node 0 disconnected.
2025-08-11T21:57:58.387+03:00  WARN 19100 --- [Carservice] [vice-producer-1] org.apache.kafka.clients.NetworkClient   : [Producer clientId=Carservice-producer-1] Connection to node 0 (localhost/127.0.0.1:9092) could not be established. Broker may not be available.
2025-08-11T21:57:59.553+03:00  INFO 19100 --- [Carservice] [vice-producer-1] org.apache.kafka.clients.NetworkClient   : [Producer clientId=Carservice-producer-1] Node 0 disconnected.
2025-08-11T21:57:59.553+03:00  WARN 19100 --- [Carservice] [vice-producer-1] org.apache.kafka.clients.NetworkClient   : [Producer clientId=Carservice-producer-1] Connection to node 0 (localhost/127.0.0.1:9092) could not be established. Broker may not be available.
2025-08-11T21:58:00.534+03:00  INFO 19100 --- [Carservice] [vice-producer-1] org.apache.kafka.clients.NetworkClient   : [Producer clientId=Carservice-producer-1] Node 0 disconnected.
2025-08-11T21:58:00.535+03:00  WARN 19100 --- [Carservice] [vice-producer-1] org.apache.kafka.clients.NetworkClient   : [Producer clientId=Carservice-producer-1] Connection to node 0 (localhost/127.0.0.1:9092) could not be established. Broker may not be available.
2025-08-11T21:58:01.715+03:00  INFO 19100 --- [Carservice] [vice-producer-1] org.apache.kafka.clients.NetworkClient   : [Producer clientId=Carservice-producer-1] Node 0 disconnected.
2025-08-11T21:58:01.715+03:00  WARN 19100 --- [Carservice] [vice-producer-1] org.apache.kafka.clients.NetworkClient   : [Producer clientId=Carservice-producer-1] Connection to node 0 (localhost/127.0.0.1:9092) could not be established. Broker may not be available.
2025-08-11T21:58:02.753+03:00  INFO 19100 --- [Carservice] [vice-producer-1] org.apache.kafka.clients.NetworkClient   : [Producer clientId=Carservice-producer-1] Node 0 disconnected.
2025-08-11T21:58:02.753+03:00  WARN 19100 --- [Carservice] [vice-producer-1] org.apache.kafka.clients.NetworkClient   : [Producer clientId=Carservice-producer-1] Connection to node 0 (localhost/127.0.0.1:9092) could not be established. Broker may not be available.
2025-08-11T21:58:03.792+03:00  INFO 19100 --- [Carservice] [vice-producer-1] org.apache.kafka.clients.NetworkClient   : [Producer clientId=Carservice-producer-1] Node 0 disconnected.
2025-08-11T21:58:03.792+03:00  WARN 19100 --- [Carservice] [vice-producer-1] org.apache.kafka.clients.NetworkClient   : [Producer clientId=Carservice-producer-1] Connection to node 0 (localhost/127.0.0.1:9092) could not be established. Broker may not be available.
2025-08-11T21:58:05.015+03:00  INFO 19100 --- [Carservice] [vice-producer-1] org.apache.kafka.clients.NetworkClient   : [Producer clientId=Carservice-producer-1] Node 0 disconnected.
2025-08-11T21:58:05.015+03:00  WARN 19100 --- [Carservice] [vice-producer-1] org.apache.kafka.clients.NetworkClient   : [Producer clientId=Carservice-producer-1] Connection to node 0 (localhost/127.0.0.1:9092) could not be established. Broker may not be available.
2025-08-11T21:58:06.051+03:00  INFO 19100 --- [Carservice] [vice-producer-1] org.apache.kafka.clients.NetworkClient   : [Producer clientId=Carservice-producer-1] Node 0 disconnected.
2025-08-11T21:58:06.051+03:00  WARN 19100 --- [Carservice] [vice-producer-1] org.apache.kafka.clients.NetworkClient   : [Producer clientId=Carservice-producer-1] Connection to node 0 (localhost/127.0.0.1:9092) could not be established. Broker may not be available.
2025-08-11T21:58:07.216+03:00  INFO 19100 --- [Carservice] [vice-producer-1] org.apache.kafka.clients.NetworkClient   : [Producer clientId=Carservice-producer-1] Node 0 disconnected.
2025-08-11T21:58:07.217+03:00  WARN 19100 --- [Carservice] [vice-producer-1] org.apache.kafka.clients.NetworkClient   : [Producer clientId=Carservice-producer-1] Connection to node 0 (localhost/127.0.0.1:9092) could not be established. Broker may not be available.
2025-08-11T21:58:08.254+03:00  INFO 19100 --- [Carservice] [vice-producer-1] org.apache.kafka.clients.NetworkClient   : [Producer clientId=Carservice-producer-1] Node 0 disconnected.
2025-08-11T21:58:08.254+03:00  WARN 19100 --- [Carservice] [vice-producer-1] org.apache.kafka.clients.NetworkClient   : [Producer clientId=Carservice-producer-1] Connection to node 0 (localhost/127.0.0.1:9092) could not be established. Broker may not be available.
2025-08-11T21:58:09.360+03:00  INFO 19100 --- [Carservice] [vice-producer-1] org.apache.kafka.clients.NetworkClient   : [Producer clientId=Carservice-producer-1] Node 0 disconnected.
2025-08-11T21:58:09.360+03:00  WARN 19100 --- [Carservice] [vice-producer-1] org.apache.kafka.clients.NetworkClient   : [Producer clientId=Carservice-producer-1] Connection to node 0 (localhost/127.0.0.1:9092) could not be established. Broker may not be available.
2025-08-11T21:58:10.275+03:00  INFO 19100 --- [Carservice] [vice-producer-1] org.apache.kafka.clients.NetworkClient   : [Producer clientId=Carservice-producer-1] Node 0 disconnected.
2025-08-11T21:58:10.275+03:00  WARN 19100 --- [Carservice] [vice-producer-1] org.apache.kafka.clients.NetworkClient   : [Producer clientId=Carservice-producer-1] Connection to node 0 (localhost/127.0.0.1:9092) could not be established. Broker may not be available.
2025-08-11T21:58:11.506+03:00  INFO 19100 --- [Carservice] [vice-producer-1] org.apache.kafka.clients.NetworkClient   : [Producer clientId=Carservice-producer-1] Node 0 disconnected.
2025-08-11T21:58:11.506+03:00  WARN 19100 --- [Carservice] [vice-producer-1] org.apache.kafka.clients.NetworkClient   : [Producer clientId=Carservice-producer-1] Connection to node 0 (localhost/127.0.0.1:9092) could not be established. Broker may not be available.
2025-08-11T21:58:12.426+03:00  INFO 19100 --- [Carservice] [vice-producer-1] org.apache.kafka.clients.NetworkClient   : [Producer clientId=Carservice-producer-1] Node 0 disconnected.
2025-08-11T21:58:12.426+03:00  WARN 19100 --- [Carservice] [vice-producer-1] org.apache.kafka.clients.NetworkClient   : [Producer clientId=Carservice-producer-1] Connection to node 0 (localhost/127.0.0.1:9092) could not be established. Broker may not be available.
2025-08-11T21:58:13.589+03:00  INFO 19100 --- [Carservice] [vice-producer-1] org.apache.kafka.clients.NetworkClient   : [Producer clientId=Carservice-producer-1] Node 0 disconnected.
2025-08-11T21:58:13.590+03:00  WARN 19100 --- [Carservice] [vice-producer-1] org.apache.kafka.clients.NetworkClient   : [Producer clientId=Carservice-producer-1] Connection to node 0 (localhost/127.0.0.1:9092) could not be established. Broker may not be available.
2025-08-11T21:58:14.759+03:00  INFO 19100 --- [Carservice] [vice-producer-1] org.apache.kafka.clients.NetworkClient   : [Producer clientId=Carservice-producer-1] Node 0 disconnected.
2025-08-11T21:58:14.759+03:00  WARN 19100 --- [Carservice] [vice-producer-1] org.apache.kafka.clients.NetworkClient   : [Producer clientId=Carservice-producer-1] Connection to node 0 (localhost/127.0.0.1:9092) could not be established. Broker may not be available.
2025-08-11T21:58:15.669+03:00  INFO 19100 --- [Carservice] [vice-producer-1] org.apache.kafka.clients.NetworkClient   : [Producer clientId=Carservice-producer-1] Node 0 disconnected.
2025-08-11T21:58:15.670+03:00  WARN 19100 --- [Carservice] [vice-producer-1] org.apache.kafka.clients.NetworkClient   : [Producer clientId=Carservice-producer-1] Connection to node 0 (localhost/127.0.0.1:9092) could not be established. Broker may not be available.
2025-08-11T21:58:16.646+03:00  INFO 19100 --- [Carservice] [vice-producer-1] org.apache.kafka.clients.NetworkClient   : [Producer clientId=Carservice-producer-1] Node 0 disconnected.
2025-08-11T21:58:16.646+03:00  WARN 19100 --- [Carservice] [vice-producer-1] org.apache.kafka.clients.NetworkClient   : [Producer clientId=Carservice-producer-1] Connection to node 0 (localhost/127.0.0.1:9092) could not be established. Broker may not be available.
2025-08-11T21:58:17.564+03:00  INFO 19100 --- [Carservice] [vice-producer-1] org.apache.kafka.clients.NetworkClient   : [Producer clientId=Carservice-producer-1] Node 0 disconnected.
2025-08-11T21:58:17.564+03:00  WARN 19100 --- [Carservice] [vice-producer-1] org.apache.kafka.clients.NetworkClient   : [Producer clientId=Carservice-producer-1] Connection to node 0 (localhost/127.0.0.1:9092) could not be established. Broker may not be available.
2025-08-11T21:58:18.782+03:00  INFO 19100 --- [Carservice] [vice-producer-1] org.apache.kafka.clients.NetworkClient   : [Producer clientId=Carservice-producer-1] Node 0 disconnected.
2025-08-11T21:58:18.782+03:00  WARN 19100 --- [Carservice] [vice-producer-1] org.apache.kafka.clients.NetworkClient   : [Producer clientId=Carservice-producer-1] Connection to node 0 (localhost/127.0.0.1:9092) could not be established. Broker may not be available.
2025-08-11T21:58:19.761+03:00  INFO 19100 --- [Carservice] [vice-producer-1] org.apache.kafka.clients.NetworkClient   : [Producer clientId=Carservice-producer-1] Node 0 disconnected.
2025-08-11T21:58:19.761+03:00  WARN 19100 --- [Carservice] [vice-producer-1] org.apache.kafka.clients.NetworkClient   : [Producer clientId=Carservice-producer-1] Connection to node 0 (localhost/127.0.0.1:9092) could not be established. Broker may not be available.
2025-08-11T21:58:20.928+03:00  INFO 19100 --- [Carservice] [vice-producer-1] org.apache.kafka.clients.NetworkClient   : [Producer clientId=Carservice-producer-1] Node 0 disconnected.
2025-08-11T21:58:20.928+03:00  WARN 19100 --- [Carservice] [vice-producer-1] org.apache.kafka.clients.NetworkClient   : [Producer clientId=Carservice-producer-1] Connection to node 0 (localhost/127.0.0.1:9092) could not be established. Broker may not be available.
2025-08-11T21:58:22.027+03:00  INFO 19100 --- [Carservice] [vice-producer-1] org.apache.kafka.clients.NetworkClient   : [Producer clientId=Carservice-producer-1] Node 0 disconnected.
2025-08-11T21:58:22.028+03:00  WARN 19100 --- [Carservice] [vice-producer-1] org.apache.kafka.clients.NetworkClient   : [Producer clientId=Carservice-producer-1] Connection to node 0 (localhost/127.0.0.1:9092) could not be established. Broker may not be available.
2025-08-11T21:58:23.193+03:00  INFO 19100 --- [Carservice] [vice-producer-1] org.apache.kafka.clients.NetworkClient   : [Producer clientId=Carservice-producer-1] Node 0 disconnected.
2025-08-11T21:58:23.193+03:00  WARN 19100 --- [Carservice] [vice-producer-1] org.apache.kafka.clients.NetworkClient   : [Producer clientId=Carservice-producer-1] Connection to node 0 (localhost/127.0.0.1:9092) could not be established. Broker may not be available.
2025-08-11T21:58:24.171+03:00  INFO 19100 --- [Carservice] [vice-producer-1] org.apache.kafka.clients.NetworkClient   : [Producer clientId=Carservice-producer-1] Node 0 disconnected.
2025-08-11T21:58:24.171+03:00  WARN 19100 --- [Carservice] [vice-producer-1] org.apache.kafka.clients.NetworkClient   : [Producer clientId=Carservice-producer-1] Connection to node 0 (localhost/127.0.0.1:9092) could not be established. Broker may not be available.
2025-08-11T21:58:25.108+03:00  INFO 19100 --- [Carservice] [vice-producer-1] org.apache.kafka.clients.NetworkClient   : [Producer clientId=Carservice-producer-1] Node 0 disconnected.
2025-08-11T21:58:25.108+03:00  WARN 19100 --- [Carservice] [vice-producer-1] org.apache.kafka.clients.NetworkClient   : [Producer clientId=Carservice-producer-1] Connection to node 0 (localhost/127.0.0.1:9092) could not be established. Broker may not be available.
2025-08-11T21:58:26.146+03:00  INFO 19100 --- [Carservice] [vice-producer-1] org.apache.kafka.clients.NetworkClient   : [Producer clientId=Carservice-producer-1] Node 0 disconnected.
2025-08-11T21:58:26.146+03:00  WARN 19100 --- [Carservice] [vice-producer-1] org.apache.kafka.clients.NetworkClient   : [Producer clientId=Carservice-producer-1] Connection to node 0 (localhost/127.0.0.1:9092) could not be established. Broker may not be available.
2025-08-11T21:58:27.119+03:00  INFO 19100 --- [Carservice] [vice-producer-1] org.apache.kafka.clients.NetworkClient   : [Producer clientId=Carservice-producer-1] Node 0 disconnected.
2025-08-11T21:58:27.120+03:00  WARN 19100 --- [Carservice] [vice-producer-1] org.apache.kafka.clients.NetworkClient   : [Producer clientId=Carservice-producer-1] Connection to node 0 (localhost/127.0.0.1:9092) could not be established. Broker may not be available.
2025-08-11T21:58:27.969+03:00  INFO 19100 --- [Carservice] [vice-producer-1] org.apache.kafka.clients.NetworkClient   : [Producer clientId=Carservice-producer-1] Node 0 disconnected.
2025-08-11T21:58:27.969+03:00  WARN 19100 --- [Carservice] [vice-producer-1] org.apache.kafka.clients.NetworkClient   : [Producer clientId=Carservice-producer-1] Connection to node 0 (localhost/127.0.0.1:9092) could not be established. Broker may not be available.
2025-08-11T21:58:29.009+03:00  INFO 19100 --- [Carservice] [vice-producer-1] org.apache.kafka.clients.NetworkClient   : [Producer clientId=Carservice-producer-1] Node 0 disconnected.
2025-08-11T21:58:29.009+03:00  WARN 19100 --- [Carservice] [vice-producer-1] org.apache.kafka.clients.NetworkClient   : [Producer clientId=Carservice-producer-1] Connection to node 0 (localhost/127.0.0.1:9092) could not be established. Broker may not be available.
2025-08-11T21:58:29.856+03:00  INFO 19100 --- [Carservice] [vice-producer-1] org.apache.kafka.clients.NetworkClient   : [Producer clientId=Carservice-producer-1] Node 0 disconnected.
2025-08-11T21:58:29.856+03:00  WARN 19100 --- [Carservice] [vice-producer-1] org.apache.kafka.clients.NetworkClient   : [Producer clientId=Carservice-producer-1] Connection to node 0 (localhost/127.0.0.1:9092) could not be established. Broker may not be available.
2025-08-11T21:58:31.052+03:00  INFO 19100 --- [Carservice] [vice-producer-1] org.apache.kafka.clients.NetworkClient   : [Producer clientId=Carservice-producer-1] Node 0 disconnected.
2025-08-11T21:58:31.052+03:00  WARN 19100 --- [Carservice] [vice-producer-1] org.apache.kafka.clients.NetworkClient   : [Producer clientId=Carservice-producer-1] Connection to node 0 (localhost/127.0.0.1:9092) could not be established. Broker may not be available.
2025-08-11T21:58:31.971+03:00  INFO 19100 --- [Carservice] [vice-producer-1] org.apache.kafka.clients.NetworkClient   : [Producer clientId=Carservice-producer-1] Node 0 disconnected.
2025-08-11T21:58:31.971+03:00  WARN 19100 --- [Carservice] [vice-producer-1] org.apache.kafka.clients.NetworkClient   : [Producer clientId=Carservice-producer-1] Connection to node 0 (localhost/127.0.0.1:9092) could not be established. Broker may not be available.
2025-08-11T21:58:33.070+03:00  INFO 19100 --- [Carservice] [vice-producer-1] org.apache.kafka.clients.NetworkClient   : [Producer clientId=Carservice-producer-1] Node 0 disconnected.
2025-08-11T21:58:33.070+03:00  WARN 19100 --- [Carservice] [vice-producer-1] org.apache.kafka.clients.NetworkClient   : [Producer clientId=Carservice-producer-1] Connection to node 0 (localhost/127.0.0.1:9092) could not be established. Broker may not be available.
2025-08-11T21:58:33.923+03:00  INFO 19100 --- [Carservice] [vice-producer-1] org.apache.kafka.clients.NetworkClient   : [Producer clientId=Carservice-producer-1] Node 0 disconnected.
2025-08-11T21:58:33.923+03:00  WARN 19100 --- [Carservice] [vice-producer-1] org.apache.kafka.clients.NetworkClient   : [Producer clientId=Carservice-producer-1] Connection to node 0 (localhost/127.0.0.1:9092) could not be established. Broker may not be available.
2025-08-11T21:58:34.841+03:00  INFO 19100 --- [Carservice] [vice-producer-1] org.apache.kafka.clients.NetworkClient   : [Producer clientId=Carservice-producer-1] Node 0 disconnected.
2025-08-11T21:58:34.841+03:00  WARN 19100 --- [Carservice] [vice-producer-1] org.apache.kafka.clients.NetworkClient   : [Producer clientId=Carservice-producer-1] Connection to node 0 (localhost/127.0.0.1:9092) could not be established. Broker may not be available.
2025-08-11T21:58:35.938+03:00  INFO 19100 --- [Carservice] [vice-producer-1] org.apache.kafka.clients.NetworkClient   : [Producer clientId=Carservice-producer-1] Node 0 disconnected.
2025-08-11T21:58:35.938+03:00  WARN 19100 --- [Carservice] [vice-producer-1] org.apache.kafka.clients.NetworkClient   : [Producer clientId=Carservice-producer-1] Connection to node 0 (localhost/127.0.0.1:9092) could not be established. Broker may not be available.
2025-08-11T21:58:37.162+03:00  INFO 19100 --- [Carservice] [vice-producer-1] org.apache.kafka.clients.NetworkClient   : [Producer clientId=Carservice-producer-1] Node 0 disconnected.
2025-08-11T21:58:37.162+03:00  WARN 19100 --- [Carservice] [vice-producer-1] org.apache.kafka.clients.NetworkClient   : [Producer clientId=Carservice-producer-1] Connection to node 0 (localhost/127.0.0.1:9092) could not be established. Broker may not be available.
2025-08-11T21:58:38.382+03:00  INFO 19100 --- [Carservice] [vice-producer-1] org.apache.kafka.clients.NetworkClient   : [Producer clientId=Carservice-producer-1] Node 0 disconnected.
2025-08-11T21:58:38.382+03:00  WARN 19100 --- [Carservice] [vice-producer-1] org.apache.kafka.clients.NetworkClient   : [Producer clientId=Carservice-producer-1] Connection to node 0 (localhost/127.0.0.1:9092) could not be established. Broker may not be available.
2025-08-11T21:58:39.542+03:00  INFO 19100 --- [Carservice] [vice-producer-1] org.apache.kafka.clients.NetworkClient   : [Producer clientId=Carservice-producer-1] Node 0 disconnected.
2025-08-11T21:58:39.542+03:00  WARN 19100 --- [Carservice] [vice-producer-1] org.apache.kafka.clients.NetworkClient   : [Producer clientId=Carservice-producer-1] Connection to node 0 (localhost/127.0.0.1:9092) could not be established. Broker may not be available.
2025-08-11T21:58:40.578+03:00  INFO 19100 --- [Carservice] [vice-producer-1] org.apache.kafka.clients.NetworkClient   : [Producer clientId=Carservice-producer-1] Node 0 disconnected.
2025-08-11T21:58:40.578+03:00  WARN 19100 --- [Carservice] [vice-producer-1] org.apache.kafka.clients.NetworkClient   : [Producer clientId=Carservice-producer-1] Connection to node 0 (localhost/127.0.0.1:9092) could not be established. Broker may not be available.
2025-08-11T21:58:41.428+03:00  INFO 19100 --- [Carservice] [vice-producer-1] org.apache.kafka.clients.NetworkClient   : [Producer clientId=Carservice-producer-1] Node 0 disconnected.
2025-08-11T21:58:41.428+03:00  WARN 19100 --- [Carservice] [vice-producer-1] org.apache.kafka.clients.NetworkClient   : [Producer clientId=Carservice-producer-1] Connection to node 0 (localhost/127.0.0.1:9092) could not be established. Broker may not be available.
2025-08-11T21:58:42.344+03:00  INFO 19100 --- [Carservice] [vice-producer-1] org.apache.kafka.clients.NetworkClient   : [Producer clientId=Carservice-producer-1] Node 0 disconnected.
2025-08-11T21:58:42.344+03:00  WARN 19100 --- [Carservice] [vice-producer-1] org.apache.kafka.clients.NetworkClient   : [Producer clientId=Carservice-producer-1] Connection to node 0 (localhost/127.0.0.1:9092) could not be established. Broker may not be available.
2025-08-11T21:58:43.383+03:00  INFO 19100 --- [Carservice] [vice-producer-1] org.apache.kafka.clients.NetworkClient   : [Producer clientId=Carservice-producer-1] Node 0 disconnected.
2025-08-11T21:58:43.383+03:00  WARN 19100 --- [Carservice] [vice-producer-1] org.apache.kafka.clients.NetworkClient   : [Producer clientId=Carservice-producer-1] Connection to node 0 (localhost/127.0.0.1:9092) could not be established. Broker may not be available.
2025-08-11T21:58:44.599+03:00  INFO 19100 --- [Carservice] [vice-producer-1] org.apache.kafka.clients.NetworkClient   : [Producer clientId=Carservice-producer-1] Node 0 disconnected.
2025-08-11T21:58:44.600+03:00  WARN 19100 --- [Carservice] [vice-producer-1] org.apache.kafka.clients.NetworkClient   : [Producer clientId=Carservice-producer-1] Connection to node 0 (localhost/127.0.0.1:9092) could not be established. Broker may not be available.
2025-08-11T21:58:45.451+03:00  INFO 19100 --- [Carservice] [vice-producer-1] org.apache.kafka.clients.NetworkClient   : [Producer clientId=Carservice-producer-1] Node 0 disconnected.
2025-08-11T21:58:45.451+03:00  WARN 19100 --- [Carservice] [vice-producer-1] org.apache.kafka.clients.NetworkClient   : [Producer clientId=Carservice-producer-1] Connection to node 0 (localhost/127.0.0.1:9092) could not be established. Broker may not be available.
2025-08-11T21:58:46.367+03:00  INFO 19100 --- [Carservice] [vice-producer-1] org.apache.kafka.clients.NetworkClient   : [Producer clientId=Carservice-producer-1] Node 0 disconnected.
2025-08-11T21:58:46.367+03:00  WARN 19100 --- [Carservice] [vice-producer-1] org.apache.kafka.clients.NetworkClient   : [Producer clientId=Carservice-producer-1] Connection to node 0 (localhost/127.0.0.1:9092) could not be established. Broker may not be available.
2025-08-11T21:58:47.540+03:00  INFO 19100 --- [Carservice] [vice-producer-1] org.apache.kafka.clients.NetworkClient   : [Producer clientId=Carservice-producer-1] Node 0 disconnected.
2025-08-11T21:58:47.540+03:00  WARN 19100 --- [Carservice] [vice-producer-1] org.apache.kafka.clients.NetworkClient   : [Producer clientId=Carservice-producer-1] Connection to node 0 (localhost/127.0.0.1:9092) could not be established. Broker may not be available.
2025-08-11T21:58:48.516+03:00  INFO 19100 --- [Carservice] [vice-producer-1] org.apache.kafka.clients.NetworkClient   : [Producer clientId=Carservice-producer-1] Node 0 disconnected.
2025-08-11T21:58:48.516+03:00  WARN 19100 --- [Carservice] [vice-producer-1] org.apache.kafka.clients.NetworkClient   : [Producer clientId=Carservice-producer-1] Connection to node 0 (localhost/127.0.0.1:9092) could not be established. Broker may not be available.
2025-08-11T21:58:49.372+03:00  INFO 19100 --- [Carservice] [vice-producer-1] org.apache.kafka.clients.NetworkClient   : [Producer clientId=Carservice-producer-1] Node 0 disconnected.
2025-08-11T21:58:49.372+03:00  WARN 19100 --- [Carservice] [vice-producer-1] org.apache.kafka.clients.NetworkClient   : [Producer clientId=Carservice-producer-1] Connection to node 0 (localhost/127.0.0.1:9092) could not be established. Broker may not be available.
2025-08-11T21:58:50.348+03:00  INFO 19100 --- [Carservice] [vice-producer-1] org.apache.kafka.clients.NetworkClient   : [Producer clientId=Carservice-producer-1] Node 0 disconnected.
2025-08-11T21:58:50.348+03:00  WARN 19100 --- [Carservice] [vice-producer-1] org.apache.kafka.clients.NetworkClient   : [Producer clientId=Carservice-producer-1] Connection to node 0 (localhost/127.0.0.1:9092) could not be established. Broker may not be available.
2025-08-11T21:58:51.386+03:00  INFO 19100 --- [Carservice] [vice-producer-1] org.apache.kafka.clients.NetworkClient   : [Producer clientId=Carservice-producer-1] Node 0 disconnected.
2025-08-11T21:58:51.386+03:00  WARN 19100 --- [Carservice] [vice-producer-1] org.apache.kafka.clients.NetworkClient   : [Producer clientId=Carservice-producer-1] Connection to node 0 (localhost/127.0.0.1:9092) could not be established. Broker may not be available.
2025-08-11T21:58:52.479+03:00  INFO 19100 --- [Carservice] [vice-producer-1] org.apache.kafka.clients.NetworkClient   : [Producer clientId=Carservice-producer-1] Node 0 disconnected.
2025-08-11T21:58:52.479+03:00  WARN 19100 --- [Carservice] [vice-producer-1] org.apache.kafka.clients.NetworkClient   : [Producer clientId=Carservice-producer-1] Connection to node 0 (localhost/127.0.0.1:9092) could not be established. Broker may not be available.
2025-08-11T21:58:53.395+03:00  INFO 19100 --- [Carservice] [vice-producer-1] org.apache.kafka.clients.NetworkClient   : [Producer clientId=Carservice-producer-1] Node 0 disconnected.
2025-08-11T21:58:53.395+03:00  WARN 19100 --- [Carservice] [vice-producer-1] org.apache.kafka.clients.NetworkClient   : [Producer clientId=Carservice-producer-1] Connection to node 0 (localhost/127.0.0.1:9092) could not be established. Broker may not be available.
2025-08-11T21:58:54.438+03:00  INFO 19100 --- [Carservice] [vice-producer-1] org.apache.kafka.clients.NetworkClient   : [Producer clientId=Carservice-producer-1] Node 0 disconnected.
2025-08-11T21:58:54.438+03:00  WARN 19100 --- [Carservice] [vice-producer-1] org.apache.kafka.clients.NetworkClient   : [Producer clientId=Carservice-producer-1] Connection to node 0 (localhost/127.0.0.1:9092) could not be established. Broker may not be available.
2025-08-11T21:58:55.668+03:00  INFO 19100 --- [Carservice] [vice-producer-1] org.apache.kafka.clients.NetworkClient   : [Producer clientId=Carservice-producer-1] Node 0 disconnected.
2025-08-11T21:58:55.668+03:00  WARN 19100 --- [Carservice] [vice-producer-1] org.apache.kafka.clients.NetworkClient   : [Producer clientId=Carservice-producer-1] Connection to node 0 (localhost/127.0.0.1:9092) could not be established. Broker may not be available.
2025-08-11T21:58:56.711+03:00  INFO 19100 --- [Carservice] [vice-producer-1] org.apache.kafka.clients.NetworkClient   : [Producer clientId=Carservice-producer-1] Node 0 disconnected.
2025-08-11T21:58:56.711+03:00  WARN 19100 --- [Carservice] [vice-producer-1] org.apache.kafka.clients.NetworkClient   : [Producer clientId=Carservice-producer-1] Connection to node 0 (localhost/127.0.0.1:9092) could not be established. Broker may not be available.
2025-08-11T21:58:57.816+03:00  INFO 19100 --- [Carservice] [vice-producer-1] org.apache.kafka.clients.NetworkClient   : [Producer clientId=Carservice-producer-1] Node 0 disconnected.
2025-08-11T21:58:57.816+03:00  WARN 19100 --- [Carservice] [vice-producer-1] org.apache.kafka.clients.NetworkClient   : [Producer clientId=Carservice-producer-1] Connection to node 0 (localhost/127.0.0.1:9092) could not be established. Broker may not be available.
2025-08-11T21:58:58.730+03:00  INFO 19100 --- [Carservice] [vice-producer-1] org.apache.kafka.clients.NetworkClient   : [Producer clientId=Carservice-producer-1] Node 0 disconnected.
2025-08-11T21:58:58.730+03:00  WARN 19100 --- [Carservice] [vice-producer-1] org.apache.kafka.clients.NetworkClient   : [Producer clientId=Carservice-producer-1] Connection to node 0 (localhost/127.0.0.1:9092) could not be established. Broker may not be available.
2025-08-11T21:58:59.708+03:00  INFO 19100 --- [Carservice] [vice-producer-1] org.apache.kafka.clients.NetworkClient   : [Producer clientId=Carservice-producer-1] Node 0 disconnected.
2025-08-11T21:58:59.708+03:00  WARN 19100 --- [Carservice] [vice-producer-1] org.apache.kafka.clients.NetworkClient   : [Producer clientId=Carservice-producer-1] Connection to node 0 (localhost/127.0.0.1:9092) could not be established. Broker may not be available.
2025-08-11T21:59:00.811+03:00  INFO 19100 --- [Carservice] [vice-producer-1] org.apache.kafka.clients.NetworkClient   : [Producer clientId=Carservice-producer-1] Node 0 disconnected.
2025-08-11T21:59:00.811+03:00  WARN 19100 --- [Carservice] [vice-producer-1] org.apache.kafka.clients.NetworkClient   : [Producer clientId=Carservice-producer-1] Connection to node 0 (localhost/127.0.0.1:9092) could not be established. Broker may not be available.
2025-08-11T21:59:01.698+03:00  INFO 19100 --- [Carservice] [vice-producer-1] org.apache.kafka.clients.NetworkClient   : [Producer clientId=Carservice-producer-1] Node 0 disconnected.
2025-08-11T21:59:01.699+03:00  WARN 19100 --- [Carservice] [vice-producer-1] org.apache.kafka.clients.NetworkClient   : [Producer clientId=Carservice-producer-1] Connection to node 0 (localhost/127.0.0.1:9092) could not be established. Broker may not be available.
2025-08-11T21:59:02.865+03:00  INFO 19100 --- [Carservice] [vice-producer-1] org.apache.kafka.clients.NetworkClient   : [Producer clientId=Carservice-producer-1] Node 0 disconnected.
2025-08-11T21:59:02.865+03:00  WARN 19100 --- [Carservice] [vice-producer-1] org.apache.kafka.clients.NetworkClient   : [Producer clientId=Carservice-producer-1] Connection to node 0 (localhost/127.0.0.1:9092) could not be established. Broker may not be available.
2025-08-11T21:59:03.841+03:00  INFO 19100 --- [Carservice] [vice-producer-1] org.apache.kafka.clients.NetworkClient   : [Producer clientId=Carservice-producer-1] Node 0 disconnected.
2025-08-11T21:59:03.841+03:00  WARN 19100 --- [Carservice] [vice-producer-1] org.apache.kafka.clients.NetworkClient   : [Producer clientId=Carservice-producer-1] Connection to node 0 (localhost/127.0.0.1:9092) could not be established. Broker may not be available.
2025-08-11T21:59:05.008+03:00  INFO 19100 --- [Carservice] [vice-producer-1] org.apache.kafka.clients.NetworkClient   : [Producer clientId=Carservice-producer-1] Node 0 disconnected.
2025-08-11T21:59:05.008+03:00  WARN 19100 --- [Carservice] [vice-producer-1] org.apache.kafka.clients.NetworkClient   : [Producer clientId=Carservice-producer-1] Connection to node 0 (localhost/127.0.0.1:9092) could not be established. Broker may not be available.
2025-08-11T21:59:05.861+03:00  INFO 19100 --- [Carservice] [vice-producer-1] org.apache.kafka.clients.NetworkClient   : [Producer clientId=Carservice-producer-1] Node 0 disconnected.
2025-08-11T21:59:05.861+03:00  WARN 19100 --- [Carservice] [vice-producer-1] org.apache.kafka.clients.NetworkClient   : [Producer clientId=Carservice-producer-1] Connection to node 0 (localhost/127.0.0.1:9092) could not be established. Broker may not be available.
2025-08-11T21:59:06.968+03:00  INFO 19100 --- [Carservice] [vice-producer-1] org.apache.kafka.clients.NetworkClient   : [Producer clientId=Carservice-producer-1] Node 0 disconnected.
2025-08-11T21:59:06.968+03:00  WARN 19100 --- [Carservice] [vice-producer-1] org.apache.kafka.clients.NetworkClient   : [Producer clientId=Carservice-producer-1] Connection to node 0 (localhost/127.0.0.1:9092) could not be established. Broker may not be available.
2025-08-11T21:59:07.948+03:00  INFO 19100 --- [Carservice] [vice-producer-1] org.apache.kafka.clients.NetworkClient   : [Producer clientId=Carservice-producer-1] Node 0 disconnected.
2025-08-11T21:59:07.948+03:00  WARN 19100 --- [Carservice] [vice-producer-1] org.apache.kafka.clients.NetworkClient   : [Producer clientId=Carservice-producer-1] Connection to node 0 (localhost/127.0.0.1:9092) could not be established. Broker may not be available.
2025-08-11T21:59:08.804+03:00  INFO 19100 --- [Carservice] [vice-producer-1] org.apache.kafka.clients.NetworkClient   : [Producer clientId=Carservice-producer-1] Node 0 disconnected.
2025-08-11T21:59:08.804+03:00  WARN 19100 --- [Carservice] [vice-producer-1] org.apache.kafka.clients.NetworkClient   : [Producer clientId=Carservice-producer-1] Connection to node 0 (localhost/127.0.0.1:9092) could not be established. Broker may not be available.
2025-08-11T21:59:09.720+03:00  INFO 19100 --- [Carservice] [vice-producer-1] org.apache.kafka.clients.NetworkClient   : [Producer clientId=Carservice-producer-1] Node 0 disconnected.
2025-08-11T21:59:09.720+03:00  WARN 19100 --- [Carservice] [vice-producer-1] org.apache.kafka.clients.NetworkClient   : [Producer clientId=Carservice-producer-1] Connection to node 0 (localhost/127.0.0.1:9092) could not be established. Broker may not be available.
2025-08-11T21:59:10.570+03:00  INFO 19100 --- [Carservice] [vice-producer-1] org.apache.kafka.clients.NetworkClient   : [Producer clientId=Carservice-producer-1] Node 0 disconnected.
2025-08-11T21:59:10.570+03:00  WARN 19100 --- [Carservice] [vice-producer-1] org.apache.kafka.clients.NetworkClient   : [Producer clientId=Carservice-producer-1] Connection to node 0 (localhost/127.0.0.1:9092) could not be established. Broker may not be available.
2025-08-11T21:59:11.740+03:00  INFO 19100 --- [Carservice] [vice-producer-1] org.apache.kafka.clients.NetworkClient   : [Producer clientId=Carservice-producer-1] Node 0 disconnected.
2025-08-11T21:59:11.740+03:00  WARN 19100 --- [Carservice] [vice-producer-1] org.apache.kafka.clients.NetworkClient   : [Producer clientId=Carservice-producer-1] Connection to node 0 (localhost/127.0.0.1:9092) could not be established. Broker may not be available.
2025-08-11T21:59:12.843+03:00  INFO 19100 --- [Carservice] [vice-producer-1] org.apache.kafka.clients.NetworkClient   : [Producer clientId=Carservice-producer-1] Node 0 disconnected.
2025-08-11T21:59:12.843+03:00  WARN 19100 --- [Carservice] [vice-producer-1] org.apache.kafka.clients.NetworkClient   : [Producer clientId=Carservice-producer-1] Connection to node 0 (localhost/127.0.0.1:9092) could not be established. Broker may not be available.
2025-08-11T21:59:13.946+03:00  INFO 19100 --- [Carservice] [vice-producer-1] org.apache.kafka.clients.NetworkClient   : [Producer clientId=Carservice-producer-1] Node 0 disconnected.
2025-08-11T21:59:13.946+03:00  WARN 19100 --- [Carservice] [vice-producer-1] org.apache.kafka.clients.NetworkClient   : [Producer clientId=Carservice-producer-1] Connection to node 0 (localhost/127.0.0.1:9092) could not be established. Broker may not be available.
2025-08-11T21:59:15.046+03:00  INFO 19100 --- [Carservice] [vice-producer-1] org.apache.kafka.clients.NetworkClient   : [Producer clientId=Carservice-producer-1] Node 0 disconnected.
2025-08-11T21:59:15.047+03:00  WARN 19100 --- [Carservice] [vice-producer-1] org.apache.kafka.clients.NetworkClient   : [Producer clientId=Carservice-producer-1] Connection to node 0 (localhost/127.0.0.1:9092) could not be established. Broker may not be available.
2025-08-11T21:59:15.964+03:00  INFO 19100 --- [Carservice] [vice-producer-1] org.apache.kafka.clients.NetworkClient   : [Producer clientId=Carservice-producer-1] Node 0 disconnected.
2025-08-11T21:59:15.964+03:00  WARN 19100 --- [Carservice] [vice-producer-1] org.apache.kafka.clients.NetworkClient   : [Producer clientId=Carservice-producer-1] Connection to node 0 (localhost/127.0.0.1:9092) could not be established. Broker may not be available.
2025-08-11T21:59:17.066+03:00  INFO 19100 --- [Carservice] [vice-producer-1] org.apache.kafka.clients.NetworkClient   : [Producer clientId=Carservice-producer-1] Node 0 disconnected.
2025-08-11T21:59:17.066+03:00  WARN 19100 --- [Carservice] [vice-producer-1] org.apache.kafka.clients.NetworkClient   : [Producer clientId=Carservice-producer-1] Connection to node 0 (localhost/127.0.0.1:9092) could not be established. Broker may not be available.
2025-08-11T21:59:18.170+03:00  INFO 19100 --- [Carservice] [vice-producer-1] org.apache.kafka.clients.NetworkClient   : [Producer clientId=Carservice-producer-1] Node 0 disconnected.
2025-08-11T21:59:18.170+03:00  WARN 19100 --- [Carservice] [vice-producer-1] org.apache.kafka.clients.NetworkClient   : [Producer clientId=Carservice-producer-1] Connection to node 0 (localhost/127.0.0.1:9092) could not be established. Broker may not be available.
2025-08-11T21:59:19.334+03:00  INFO 19100 --- [Carservice] [vice-producer-1] org.apache.kafka.clients.NetworkClient   : [Producer clientId=Carservice-producer-1] Node 0 disconnected.
2025-08-11T21:59:19.334+03:00  WARN 19100 --- [Carservice] [vice-producer-1] org.apache.kafka.clients.NetworkClient   : [Producer clientId=Carservice-producer-1] Connection to node 0 (localhost/127.0.0.1:9092) could not be established. Broker may not be available.
2025-08-11T21:59:20.378+03:00  INFO 19100 --- [Carservice] [vice-producer-1] org.apache.kafka.clients.NetworkClient   : [Producer clientId=Carservice-producer-1] Node 0 disconnected.
2025-08-11T21:59:20.378+03:00  WARN 19100 --- [Carservice] [vice-producer-1] org.apache.kafka.clients.NetworkClient   : [Producer clientId=Carservice-producer-1] Connection to node 0 (localhost/127.0.0.1:9092) could not be established. Broker may not be available.
2025-08-11T21:59:21.290+03:00  INFO 19100 --- [Carservice] [vice-producer-1] org.apache.kafka.clients.NetworkClient   : [Producer clientId=Carservice-producer-1] Node 0 disconnected.
2025-08-11T21:59:21.290+03:00  WARN 19100 --- [Carservice] [vice-producer-1] org.apache.kafka.clients.NetworkClient   : [Producer clientId=Carservice-producer-1] Connection to node 0 (localhost/127.0.0.1:9092) could not be established. Broker may not be available.
2025-08-11T21:59:22.454+03:00  INFO 19100 --- [Carservice] [vice-producer-1] org.apache.kafka.clients.NetworkClient   : [Producer clientId=Carservice-producer-1] Node 0 disconnected.
2025-08-11T21:59:22.454+03:00  WARN 19100 --- [Carservice] [vice-producer-1] org.apache.kafka.clients.NetworkClient   : [Producer clientId=Carservice-producer-1] Connection to node 0 (localhost/127.0.0.1:9092) could not be established. Broker may not be available.
2025-08-11T21:59:23.554+03:00  INFO 19100 --- [Carservice] [vice-producer-1] org.apache.kafka.clients.NetworkClient   : [Producer clientId=Carservice-producer-1] Node 0 disconnected.
2025-08-11T21:59:23.554+03:00  WARN 19100 --- [Carservice] [vice-producer-1] org.apache.kafka.clients.NetworkClient   : [Producer clientId=Carservice-producer-1] Connection to node 0 (localhost/127.0.0.1:9092) could not be established. Broker may not be available.
2025-08-11T21:59:24.533+03:00  INFO 19100 --- [Carservice] [vice-producer-1] org.apache.kafka.clients.NetworkClient   : [Producer clientId=Carservice-producer-1] Node 0 disconnected.
2025-08-11T21:59:24.533+03:00  WARN 19100 --- [Carservice] [vice-producer-1] org.apache.kafka.clients.NetworkClient   : [Producer clientId=Carservice-producer-1] Connection to node 0 (localhost/127.0.0.1:9092) could not be established. Broker may not be available.
2025-08-11T21:59:25.697+03:00  INFO 19100 --- [Carservice] [vice-producer-1] org.apache.kafka.clients.NetworkClient   : [Producer clientId=Carservice-producer-1] Node 0 disconnected.
2025-08-11T21:59:25.697+03:00  WARN 19100 --- [Carservice] [vice-producer-1] org.apache.kafka.clients.NetworkClient   : [Producer clientId=Carservice-producer-1] Connection to node 0 (localhost/127.0.0.1:9092) could not be established. Broker may not be available.
2025-08-11T21:59:26.803+03:00  INFO 19100 --- [Carservice] [vice-producer-1] org.apache.kafka.clients.NetworkClient   : [Producer clientId=Carservice-producer-1] Node 0 disconnected.
2025-08-11T21:59:26.803+03:00  WARN 19100 --- [Carservice] [vice-producer-1] org.apache.kafka.clients.NetworkClient   : [Producer clientId=Carservice-producer-1] Connection to node 0 (localhost/127.0.0.1:9092) could not be established. Broker may not be available.
2025-08-11T21:59:27.720+03:00  INFO 19100 --- [Carservice] [vice-producer-1] org.apache.kafka.clients.NetworkClient   : [Producer clientId=Carservice-producer-1] Node 0 disconnected.
2025-08-11T21:59:27.721+03:00  WARN 19100 --- [Carservice] [vice-producer-1] org.apache.kafka.clients.NetworkClient   : [Producer clientId=Carservice-producer-1] Connection to node 0 (localhost/127.0.0.1:9092) could not be established. Broker may not be available.
2025-08-11T21:59:28.581+03:00  INFO 19100 --- [Carservice] [vice-producer-1] org.apache.kafka.clients.NetworkClient   : [Producer clientId=Carservice-producer-1] Node 0 disconnected.
2025-08-11T21:59:28.581+03:00  WARN 19100 --- [Carservice] [vice-producer-1] org.apache.kafka.clients.NetworkClient   : [Producer clientId=Carservice-producer-1] Connection to node 0 (localhost/127.0.0.1:9092) could not be established. Broker may not be available.
2025-08-11T21:59:29.621+03:00  INFO 19100 --- [Carservice] [vice-producer-1] org.apache.kafka.clients.NetworkClient   : [Producer clientId=Carservice-producer-1] Node 0 disconnected.
2025-08-11T21:59:29.621+03:00  WARN 19100 --- [Carservice] [vice-producer-1] org.apache.kafka.clients.NetworkClient   : [Producer clientId=Carservice-producer-1] Connection to node 0 (localhost/127.0.0.1:9092) could not be established. Broker may not be available.
2025-08-11T21:59:30.666+03:00  INFO 19100 --- [Carservice] [vice-producer-1] org.apache.kafka.clients.NetworkClient   : [Producer clientId=Carservice-producer-1] Node 0 disconnected.
2025-08-11T21:59:30.666+03:00  WARN 19100 --- [Carservice] [vice-producer-1] org.apache.kafka.clients.NetworkClient   : [Producer clientId=Carservice-producer-1] Connection to node 0 (localhost/127.0.0.1:9092) could not be established. Broker may not be available.
2025-08-11T21:59:31.775+03:00  INFO 19100 --- [Carservice] [vice-producer-1] org.apache.kafka.clients.NetworkClient   : [Producer clientId=Carservice-producer-1] Node 0 disconnected.
2025-08-11T21:59:31.775+03:00  WARN 19100 --- [Carservice] [vice-producer-1] org.apache.kafka.clients.NetworkClient   : [Producer clientId=Carservice-producer-1] Connection to node 0 (localhost/127.0.0.1:9092) could not be established. Broker may not be available.
2025-08-11T21:59:32.629+03:00  INFO 19100 --- [Carservice] [vice-producer-1] org.apache.kafka.clients.NetworkClient   : [Producer clientId=Carservice-producer-1] Node 0 disconnected.
2025-08-11T21:59:32.630+03:00  WARN 19100 --- [Carservice] [vice-producer-1] org.apache.kafka.clients.NetworkClient   : [Producer clientId=Carservice-producer-1] Connection to node 0 (localhost/127.0.0.1:9092) could not be established. Broker may not be available.
2025-08-11T21:59:33.609+03:00  INFO 19100 --- [Carservice] [vice-producer-1] org.apache.kafka.clients.NetworkClient   : [Producer clientId=Carservice-producer-1] Node 0 disconnected.
2025-08-11T21:59:33.610+03:00  WARN 19100 --- [Carservice] [vice-producer-1] org.apache.kafka.clients.NetworkClient   : [Producer clientId=Carservice-producer-1] Connection to node 0 (localhost/127.0.0.1:9092) could not be established. Broker may not be available.
2025-08-11T21:59:34.776+03:00  INFO 19100 --- [Carservice] [vice-producer-1] org.apache.kafka.clients.NetworkClient   : [Producer clientId=Carservice-producer-1] Node 0 disconnected.
2025-08-11T21:59:34.776+03:00  WARN 19100 --- [Carservice] [vice-producer-1] org.apache.kafka.clients.NetworkClient   : [Producer clientId=Carservice-producer-1] Connection to node 0 (localhost/127.0.0.1:9092) could not be established. Broker may not be available.
2025-08-11T21:59:35.750+03:00  INFO 19100 --- [Carservice] [vice-producer-1] org.apache.kafka.clients.NetworkClient   : [Producer clientId=Carservice-producer-1] Node 0 disconnected.
2025-08-11T21:59:35.750+03:00  WARN 19100 --- [Carservice] [vice-producer-1] org.apache.kafka.clients.NetworkClient   : [Producer clientId=Carservice-producer-1] Connection to node 0 (localhost/127.0.0.1:9092) could not be established. Broker may not be available.
2025-08-11T21:59:36.908+03:00  INFO 19100 --- [Carservice] [vice-producer-1] org.apache.kafka.clients.NetworkClient   : [Producer clientId=Carservice-producer-1] Node 0 disconnected.
2025-08-11T21:59:36.908+03:00  WARN 19100 --- [Carservice] [vice-producer-1] org.apache.kafka.clients.NetworkClient   : [Producer clientId=Carservice-producer-1] Connection to node 0 (localhost/127.0.0.1:9092) could not be established. Broker may not be available.
2025-08-11T21:59:38.073+03:00  INFO 19100 --- [Carservice] [vice-producer-1] org.apache.kafka.clients.NetworkClient   : [Producer clientId=Carservice-producer-1] Node 0 disconnected.
2025-08-11T21:59:38.073+03:00  WARN 19100 --- [Carservice] [vice-producer-1] org.apache.kafka.clients.NetworkClient   : [Producer clientId=Carservice-producer-1] Connection to node 0 (localhost/127.0.0.1:9092) could not be established. Broker may not be available.
2025-08-11T21:59:39.055+03:00  INFO 19100 --- [Carservice] [vice-producer-1] org.apache.kafka.clients.NetworkClient   : [Producer clientId=Carservice-producer-1] Node 0 disconnected.
2025-08-11T21:59:39.055+03:00  WARN 19100 --- [Carservice] [vice-producer-1] org.apache.kafka.clients.NetworkClient   : [Producer clientId=Carservice-producer-1] Connection to node 0 (localhost/127.0.0.1:9092) could not be established. Broker may not be available.
2025-08-11T21:59:40.159+03:00  INFO 19100 --- [Carservice] [vice-producer-1] org.apache.kafka.clients.NetworkClient   : [Producer clientId=Carservice-producer-1] Node 0 disconnected.
2025-08-11T21:59:40.159+03:00  WARN 19100 --- [Carservice] [vice-producer-1] org.apache.kafka.clients.NetworkClient   : [Producer clientId=Carservice-producer-1] Connection to node 0 (localhost/127.0.0.1:9092) could not be established. Broker may not be available.
2025-08-11T21:59:41.075+03:00  INFO 19100 --- [Carservice] [vice-producer-1] org.apache.kafka.clients.NetworkClient   : [Producer clientId=Carservice-producer-1] Node 0 disconnected.
2025-08-11T21:59:41.075+03:00  WARN 19100 --- [Carservice] [vice-producer-1] org.apache.kafka.clients.NetworkClient   : [Producer clientId=Carservice-producer-1] Connection to node 0 (localhost/127.0.0.1:9092) could not be established. Broker may not be available.
2025-08-11T21:59:42.055+03:00  INFO 19100 --- [Carservice] [vice-producer-1] org.apache.kafka.clients.NetworkClient   : [Producer clientId=Carservice-producer-1] Node 0 disconnected.
2025-08-11T21:59:42.055+03:00  WARN 19100 --- [Carservice] [vice-producer-1] org.apache.kafka.clients.NetworkClient   : [Producer clientId=Carservice-producer-1] Connection to node 0 (localhost/127.0.0.1:9092) could not be established. Broker may not be available.
2025-08-11T21:59:43.283+03:00  INFO 19100 --- [Carservice] [vice-producer-1] org.apache.kafka.clients.NetworkClient   : [Producer clientId=Carservice-producer-1] Node 0 disconnected.
2025-08-11T21:59:43.283+03:00  WARN 19100 --- [Carservice] [vice-producer-1] org.apache.kafka.clients.NetworkClient   : [Producer clientId=Carservice-producer-1] Connection to node 0 (localhost/127.0.0.1:9092) could not be established. Broker may not be available.
2025-08-11T21:59:44.200+03:00  INFO 19100 --- [Carservice] [vice-producer-1] org.apache.kafka.clients.NetworkClient   : [Producer clientId=Carservice-producer-1] Node 0 disconnected.
2025-08-11T21:59:44.200+03:00  WARN 19100 --- [Carservice] [vice-producer-1] org.apache.kafka.clients.NetworkClient   : [Producer clientId=Carservice-producer-1] Connection to node 0 (localhost/127.0.0.1:9092) could not be established. Broker may not be available.
2025-08-11T21:59:45.054+03:00  INFO 19100 --- [Carservice] [vice-producer-1] org.apache.kafka.clients.NetworkClient   : [Producer clientId=Carservice-producer-1] Node 0 disconnected.
2025-08-11T21:59:45.055+03:00  WARN 19100 --- [Carservice] [vice-producer-1] org.apache.kafka.clients.NetworkClient   : [Producer clientId=Carservice-producer-1] Connection to node 0 (localhost/127.0.0.1:9092) could not be established. Broker may not be available.
2025-08-11T21:59:46.285+03:00  INFO 19100 --- [Carservice] [vice-producer-1] org.apache.kafka.clients.NetworkClient   : [Producer clientId=Carservice-producer-1] Node 0 disconnected.
2025-08-11T21:59:46.285+03:00  WARN 19100 --- [Carservice] [vice-producer-1] org.apache.kafka.clients.NetworkClient   : [Producer clientId=Carservice-producer-1] Connection to node 0 (localhost/127.0.0.1:9092) could not be established. Broker may not be available.
2025-08-11T21:59:47.205+03:00  INFO 19100 --- [Carservice] [vice-producer-1] org.apache.kafka.clients.NetworkClient   : [Producer clientId=Carservice-producer-1] Node 0 disconnected.
2025-08-11T21:59:47.205+03:00  WARN 19100 --- [Carservice] [vice-producer-1] org.apache.kafka.clients.NetworkClient   : [Producer clientId=Carservice-producer-1] Connection to node 0 (localhost/127.0.0.1:9092) could not be established. Broker may not be available.
2025-08-11T21:59:48.250+03:00  INFO 19100 --- [Carservice] [vice-producer-1] org.apache.kafka.clients.NetworkClient   : [Producer clientId=Carservice-producer-1] Node 0 disconnected.
2025-08-11T21:59:48.250+03:00  WARN 19100 --- [Carservice] [vice-producer-1] org.apache.kafka.clients.NetworkClient   : [Producer clientId=Carservice-producer-1] Connection to node 0 (localhost/127.0.0.1:9092) could not be established. Broker may not be available.
2025-08-11T21:59:49.352+03:00  INFO 19100 --- [Carservice] [vice-producer-1] org.apache.kafka.clients.NetworkClient   : [Producer clientId=Carservice-producer-1] Node 0 disconnected.
2025-08-11T21:59:49.352+03:00  WARN 19100 --- [Carservice] [vice-producer-1] org.apache.kafka.clients.NetworkClient   : [Producer clientId=Carservice-producer-1] Connection to node 0 (localhost/127.0.0.1:9092) could not be established. Broker may not be available.
2025-08-11T21:59:50.203+03:00  INFO 19100 --- [Carservice] [vice-producer-1] org.apache.kafka.clients.NetworkClient   : [Producer clientId=Carservice-producer-1] Node 0 disconnected.
2025-08-11T21:59:50.203+03:00  WARN 19100 --- [Carservice] [vice-producer-1] org.apache.kafka.clients.NetworkClient   : [Producer clientId=Carservice-producer-1] Connection to node 0 (localhost/127.0.0.1:9092) could not be established. Broker may not be available.
2025-08-11T21:59:51.434+03:00  INFO 19100 --- [Carservice] [vice-producer-1] org.apache.kafka.clients.NetworkClient   : [Producer clientId=Carservice-producer-1] Node 0 disconnected.
2025-08-11T21:59:51.434+03:00  WARN 19100 --- [Carservice] [vice-producer-1] org.apache.kafka.clients.NetworkClient   : [Producer clientId=Carservice-producer-1] Connection to node 0 (localhost/127.0.0.1:9092) could not be established. Broker may not be available.
2025-08-11T21:59:52.667+03:00  INFO 19100 --- [Carservice] [vice-producer-1] org.apache.kafka.clients.NetworkClient   : [Producer clientId=Carservice-producer-1] Node 0 disconnected.
2025-08-11T21:59:52.667+03:00  WARN 19100 --- [Carservice] [vice-producer-1] org.apache.kafka.clients.NetworkClient   : [Producer clientId=Carservice-producer-1] Connection to node 0 (localhost/127.0.0.1:9092) could not be established. Broker may not be available.
2025-08-11T21:59:53.895+03:00  INFO 19100 --- [Carservice] [vice-producer-1] org.apache.kafka.clients.NetworkClient   : [Producer clientId=Carservice-producer-1] Node 0 disconnected.
2025-08-11T21:59:53.895+03:00  WARN 19100 --- [Carservice] [vice-producer-1] org.apache.kafka.clients.NetworkClient   : [Producer clientId=Carservice-producer-1] Connection to node 0 (localhost/127.0.0.1:9092) could not be established. Broker may not be available.
2025-08-11T21:59:54.870+03:00  INFO 19100 --- [Carservice] [vice-producer-1] org.apache.kafka.clients.NetworkClient   : [Producer clientId=Carservice-producer-1] Node 0 disconnected.
2025-08-11T21:59:54.870+03:00  WARN 19100 --- [Carservice] [vice-producer-1] org.apache.kafka.clients.NetworkClient   : [Producer clientId=Carservice-producer-1] Connection to node 0 (localhost/127.0.0.1:9092) could not be established. Broker may not be available.
2025-08-11T21:59:56.041+03:00  INFO 19100 --- [Carservice] [vice-producer-1] org.apache.kafka.clients.NetworkClient   : [Producer clientId=Carservice-producer-1] Node 0 disconnected.
2025-08-11T21:59:56.041+03:00  WARN 19100 --- [Carservice] [vice-producer-1] org.apache.kafka.clients.NetworkClient   : [Producer clientId=Carservice-producer-1] Connection to node 0 (localhost/127.0.0.1:9092) could not be established. Broker may not be available.
2025-08-11T21:59:56.956+03:00  INFO 19100 --- [Carservice] [vice-producer-1] org.apache.kafka.clients.NetworkClient   : [Producer clientId=Carservice-producer-1] Node 0 disconnected.
2025-08-11T21:59:56.957+03:00  WARN 19100 --- [Carservice] [vice-producer-1] org.apache.kafka.clients.NetworkClient   : [Producer clientId=Carservice-producer-1] Connection to node 0 (localhost/127.0.0.1:9092) could not be established. Broker may not be available.
2025-08-11T21:59:58.121+03:00  INFO 19100 --- [Carservice] [vice-producer-1] org.apache.kafka.clients.NetworkClient   : [Producer clientId=Carservice-producer-1] Node 0 disconnected.
2025-08-11T21:59:58.121+03:00  WARN 19100 --- [Carservice] [vice-producer-1] org.apache.kafka.clients.NetworkClient   : [Producer clientId=Carservice-producer-1] Connection to node 0 (localhost/127.0.0.1:9092) could not be established. Broker may not be available.
2025-08-11T21:59:59.162+03:00  INFO 19100 --- [Carservice] [vice-producer-1] org.apache.kafka.clients.NetworkClient   : [Producer clientId=Carservice-producer-1] Node 0 disconnected.
2025-08-11T21:59:59.162+03:00  WARN 19100 --- [Carservice] [vice-producer-1] org.apache.kafka.clients.NetworkClient   : [Producer clientId=Carservice-producer-1] Connection to node 0 (localhost/127.0.0.1:9092) could not be established. Broker may not be available.
2025-08-11T22:00:00.143+03:00  INFO 19100 --- [Carservice] [vice-producer-1] org.apache.kafka.clients.NetworkClient   : [Producer clientId=Carservice-producer-1] Node 0 disconnected.
2025-08-11T22:00:00.143+03:00  WARN 19100 --- [Carservice] [vice-producer-1] org.apache.kafka.clients.NetworkClient   : [Producer clientId=Carservice-producer-1] Connection to node 0 (localhost/127.0.0.1:9092) could not be established. Broker may not be available.
2025-08-11T22:00:01.060+03:00  INFO 19100 --- [Carservice] [vice-producer-1] org.apache.kafka.clients.NetworkClient   : [Producer clientId=Carservice-producer-1] Node 0 disconnected.
2025-08-11T22:00:01.061+03:00  WARN 19100 --- [Carservice] [vice-producer-1] org.apache.kafka.clients.NetworkClient   : [Producer clientId=Carservice-producer-1] Connection to node 0 (localhost/127.0.0.1:9092) could not be established. Broker may not be available.
2025-08-11T22:00:02.233+03:00  INFO 19100 --- [Carservice] [vice-producer-1] org.apache.kafka.clients.NetworkClient   : [Producer clientId=Carservice-producer-1] Node 0 disconnected.
2025-08-11T22:00:02.233+03:00  WARN 19100 --- [Carservice] [vice-producer-1] org.apache.kafka.clients.NetworkClient   : [Producer clientId=Carservice-producer-1] Connection to node 0 (localhost/127.0.0.1:9092) could not be established. Broker may not be available.
2025-08-11T22:00:03.400+03:00  INFO 19100 --- [Carservice] [vice-producer-1] org.apache.kafka.clients.NetworkClient   : [Producer clientId=Carservice-producer-1] Node 0 disconnected.
2025-08-11T22:00:03.401+03:00  WARN 19100 --- [Carservice] [vice-producer-1] org.apache.kafka.clients.NetworkClient   : [Producer clientId=Carservice-producer-1] Connection to node 0 (localhost/127.0.0.1:9092) could not be established. Broker may not be available.
2025-08-11T22:00:04.502+03:00  INFO 19100 --- [Carservice] [vice-producer-1] org.apache.kafka.clients.NetworkClient   : [Producer clientId=Carservice-producer-1] Node 0 disconnected.
2025-08-11T22:00:04.502+03:00  WARN 19100 --- [Carservice] [vice-producer-1] org.apache.kafka.clients.NetworkClient   : [Producer clientId=Carservice-producer-1] Connection to node 0 (localhost/127.0.0.1:9092) could not be established. Broker may not be available.
2025-08-11T22:00:05.542+03:00  INFO 19100 --- [Carservice] [vice-producer-1] org.apache.kafka.clients.NetworkClient   : [Producer clientId=Carservice-producer-1] Node 0 disconnected.
2025-08-11T22:00:05.542+03:00  WARN 19100 --- [Carservice] [vice-producer-1] org.apache.kafka.clients.NetworkClient   : [Producer clientId=Carservice-producer-1] Connection to node 0 (localhost/127.0.0.1:9092) could not be established. Broker may not be available.
2025-08-11T22:00:06.709+03:00  INFO 19100 --- [Carservice] [vice-producer-1] org.apache.kafka.clients.NetworkClient   : [Producer clientId=Carservice-producer-1] Node 0 disconnected.
2025-08-11T22:00:06.709+03:00  WARN 19100 --- [Carservice] [vice-producer-1] org.apache.kafka.clients.NetworkClient   : [Producer clientId=Carservice-producer-1] Connection to node 0 (localhost/127.0.0.1:9092) could not be established. Broker may not be available.
2025-08-11T22:00:07.876+03:00  INFO 19100 --- [Carservice] [vice-producer-1] org.apache.kafka.clients.NetworkClient   : [Producer clientId=Carservice-producer-1] Node 0 disconnected.
2025-08-11T22:00:07.876+03:00  WARN 19100 --- [Carservice] [vice-producer-1] org.apache.kafka.clients.NetworkClient   : [Producer clientId=Carservice-producer-1] Connection to node 0 (localhost/127.0.0.1:9092) could not be established. Broker may not be available.
2025-08-11T22:00:09.039+03:00  INFO 19100 --- [Carservice] [vice-producer-1] org.apache.kafka.clients.NetworkClient   : [Producer clientId=Carservice-producer-1] Node 0 disconnected.
2025-08-11T22:00:09.039+03:00  WARN 19100 --- [Carservice] [vice-producer-1] org.apache.kafka.clients.NetworkClient   : [Producer clientId=Carservice-producer-1] Connection to node 0 (localhost/127.0.0.1:9092) could not be established. Broker may not be available.
2025-08-11T22:00:10.141+03:00  INFO 19100 --- [Carservice] [vice-producer-1] org.apache.kafka.clients.NetworkClient   : [Producer clientId=Carservice-producer-1] Node 0 disconnected.
2025-08-11T22:00:10.142+03:00  WARN 19100 --- [Carservice] [vice-producer-1] org.apache.kafka.clients.NetworkClient   : [Producer clientId=Carservice-producer-1] Connection to node 0 (localhost/127.0.0.1:9092) could not be established. Broker may not be available.
2025-08-11T22:00:11.119+03:00  INFO 19100 --- [Carservice] [vice-producer-1] org.apache.kafka.clients.NetworkClient   : [Producer clientId=Carservice-producer-1] Node 0 disconnected.
2025-08-11T22:00:11.119+03:00  WARN 19100 --- [Carservice] [vice-producer-1] org.apache.kafka.clients.NetworkClient   : [Producer clientId=Carservice-producer-1] Connection to node 0 (localhost/127.0.0.1:9092) could not be established. Broker may not be available.
2025-08-11T22:00:12.282+03:00  INFO 19100 --- [Carservice] [vice-producer-1] org.apache.kafka.clients.NetworkClient   : [Producer clientId=Carservice-producer-1] Node 0 disconnected.
2025-08-11T22:00:12.282+03:00  WARN 19100 --- [Carservice] [vice-producer-1] org.apache.kafka.clients.NetworkClient   : [Producer clientId=Carservice-producer-1] Connection to node 0 (localhost/127.0.0.1:9092) could not be established. Broker may not be available.
2025-08-11T22:00:13.324+03:00  INFO 19100 --- [Carservice] [vice-producer-1] org.apache.kafka.clients.NetworkClient   : [Producer clientId=Carservice-producer-1] Node 0 disconnected.
2025-08-11T22:00:13.324+03:00  WARN 19100 --- [Carservice] [vice-producer-1] org.apache.kafka.clients.NetworkClient   : [Producer clientId=Carservice-producer-1] Connection to node 0 (localhost/127.0.0.1:9092) could not be established. Broker may not be available.
2025-08-11T22:00:14.242+03:00  INFO 19100 --- [Carservice] [vice-producer-1] org.apache.kafka.clients.NetworkClient   : [Producer clientId=Carservice-producer-1] Node 0 disconnected.
2025-08-11T22:00:14.243+03:00  WARN 19100 --- [Carservice] [vice-producer-1] org.apache.kafka.clients.NetworkClient   : [Producer clientId=Carservice-producer-1] Connection to node 0 (localhost/127.0.0.1:9092) could not be established. Broker may not be available.
2025-08-11T22:00:15.284+03:00  INFO 19100 --- [Carservice] [vice-producer-1] org.apache.kafka.clients.NetworkClient   : [Producer clientId=Carservice-producer-1] Node 0 disconnected.
2025-08-11T22:00:15.284+03:00  WARN 19100 --- [Carservice] [vice-producer-1] org.apache.kafka.clients.NetworkClient   : [Producer clientId=Carservice-producer-1] Connection to node 0 (localhost/127.0.0.1:9092) could not be established. Broker may not be available.
2025-08-11T22:00:16.135+03:00  INFO 19100 --- [Carservice] [vice-producer-1] org.apache.kafka.clients.NetworkClient   : [Producer clientId=Carservice-producer-1] Node 0 disconnected.
2025-08-11T22:00:16.135+03:00  WARN 19100 --- [Carservice] [vice-producer-1] org.apache.kafka.clients.NetworkClient   : [Producer clientId=Carservice-producer-1] Connection to node 0 (localhost/127.0.0.1:9092) could not be established. Broker may not be available.
2025-08-11T22:00:17.055+03:00  INFO 19100 --- [Carservice] [vice-producer-1] org.apache.kafka.clients.NetworkClient   : [Producer clientId=Carservice-producer-1] Node 0 disconnected.
2025-08-11T22:00:17.056+03:00  WARN 19100 --- [Carservice] [vice-producer-1] org.apache.kafka.clients.NetworkClient   : [Producer clientId=Carservice-producer-1] Connection to node 0 (localhost/127.0.0.1:9092) could not be established. Broker may not be available.
2025-08-11T22:00:18.221+03:00  INFO 19100 --- [Carservice] [vice-producer-1] org.apache.kafka.clients.NetworkClient   : [Producer clientId=Carservice-producer-1] Node 0 disconnected.
2025-08-11T22:00:18.222+03:00  WARN 19100 --- [Carservice] [vice-producer-1] org.apache.kafka.clients.NetworkClient   : [Producer clientId=Carservice-producer-1] Connection to node 0 (localhost/127.0.0.1:9092) could not be established. Broker may not be available.
2025-08-11T22:00:19.325+03:00  INFO 19100 --- [Carservice] [vice-producer-1] org.apache.kafka.clients.NetworkClient   : [Producer clientId=Carservice-producer-1] Node 0 disconnected.
2025-08-11T22:00:19.326+03:00  WARN 19100 --- [Carservice] [vice-producer-1] org.apache.kafka.clients.NetworkClient   : [Producer clientId=Carservice-producer-1] Connection to node 0 (localhost/127.0.0.1:9092) could not be established. Broker may not be available.
2025-08-11T22:00:20.247+03:00  INFO 19100 --- [Carservice] [vice-producer-1] org.apache.kafka.clients.NetworkClient   : [Producer clientId=Carservice-producer-1] Node 0 disconnected.
2025-08-11T22:00:20.247+03:00  WARN 19100 --- [Carservice] [vice-producer-1] org.apache.kafka.clients.NetworkClient   : [Producer clientId=Carservice-producer-1] Connection to node 0 (localhost/127.0.0.1:9092) could not be established. Broker may not be available.
2025-08-11T22:00:21.413+03:00  INFO 19100 --- [Carservice] [vice-producer-1] org.apache.kafka.clients.NetworkClient   : [Producer clientId=Carservice-producer-1] Node 0 disconnected.
2025-08-11T22:00:21.414+03:00  WARN 19100 --- [Carservice] [vice-producer-1] org.apache.kafka.clients.NetworkClient   : [Producer clientId=Carservice-producer-1] Connection to node 0 (localhost/127.0.0.1:9092) could not be established. Broker may not be available.
2025-08-11T22:00:22.396+03:00  INFO 19100 --- [Carservice] [vice-producer-1] org.apache.kafka.clients.NetworkClient   : [Producer clientId=Carservice-producer-1] Node 0 disconnected.
2025-08-11T22:00:22.396+03:00  WARN 19100 --- [Carservice] [vice-producer-1] org.apache.kafka.clients.NetworkClient   : [Producer clientId=Carservice-producer-1] Connection to node 0 (localhost/127.0.0.1:9092) could not be established. Broker may not be available.
[INFO] ------------------------------------------------------------------------
[INFO] BUILD FAILURE
[INFO] ------------------------------------------------------------------------
[INFO] Total time:  17:12 min
[INFO] Finished at: 2025-08-11T22:00:22+03:00
[INFO] ------------------------------------------------------------------------
[ERROR] Failed to execute goal org.springframework.boot:spring-boot-maven-plugin:3.5.3:run (default-cli) on project Carservice: Process terminated with exit code: 1 -> [Help 1]
[ERROR] 
[ERROR] To see the full stack trace of the errors, re-run Maven with the -e switch.
[ERROR] Re-run Maven using the -X switch to enable full debug logging.
[ERROR] 
[ERROR] For more information about the errors and possible solutions, please read the following articles:
[ERROR] [Help 1] http://cwiki.apache.org/confluence/display/MAVEN/MojoExecutionException
[INFO] Scanning for projects...
[INFO] 
[INFO] -------------------------< com.Car:Carservice >-------------------------
[INFO] Building Carservice 0.0.1-SNAPSHOT
[INFO]   from pom.xml
[INFO] --------------------------------[ jar ]---------------------------------
[INFO] 
[INFO] >>> spring-boot:3.5.3:run (default-cli) > test-compile @ Carservice >>>
[INFO] 
[INFO] --- resources:3.3.1:resources (default-resources) @ Carservice ---
[INFO] Copying 1 resource from src\main\resources to target\classes
[INFO] Copying 0 resource from src\main\resources to target\classes
[INFO] 
[INFO] --- compiler:3.13.0:compile (default-compile) @ Carservice ---
[INFO] Recompiling the module because of changed source code.
[INFO] Compiling 18 source files with javac [debug parameters release 23] to target\classes
[INFO] /D:/2Kurs/MaksKiano/Carservice/src/main/java/com/Car/Carservice/Security/JwtRequestFilter.java: D:\2Kurs\MaksKiano\Carservice\src\main\java\com\Car\Carservice\Security\JwtRequestFilter.java uses or overrides a deprecated API.
[INFO] /D:/2Kurs/MaksKiano/Carservice/src/main/java/com/Car/Carservice/Security/JwtRequestFilter.java: Recompile with -Xlint:deprecation for details.
[INFO] 
[INFO] --- resources:3.3.1:testResources (default-testResources) @ Carservice ---
[INFO] skip non existing resourceDirectory D:\2Kurs\MaksKiano\Carservice\src\test\resources
[INFO] 
[INFO] --- compiler:3.13.0:testCompile (default-testCompile) @ Carservice ---
[INFO] Recompiling the module because of changed dependency.
[INFO] Compiling 1 source file with javac [debug parameters release 23] to target\test-classes
[INFO] 
[INFO] <<< spring-boot:3.5.3:run (default-cli) < test-compile @ Carservice <<<
[INFO] 
[INFO] 
[INFO] --- spring-boot:3.5.3:run (default-cli) @ Carservice ---
[INFO] Attaching agents: []

  .   ____          _            __ _ _
 /\\ / ___'_ __ _ _(_)_ __  __ _ \ \ \ \
( ( )\___ | '_ | '_| | '_ \/ _` | \ \ \ \
 \\/  ___)| |_)| | | | | || (_| |  ) ) ) )
  '  |____| .__|_| |_|_| |_\__, | / / / /
 =========|_|==============|___/=/_/_/_/

 :: Spring Boot ::                (v3.5.3)

2025-08-11T22:08:05.677+03:00  INFO 7548 --- [Carservice] [           main] c.Car.Carservice.CarserviceApplication   : Starting CarserviceApplication using Java 23 with PID 7548 (D:\2Kurs\MaksKiano\Carservice\target\classes started by semka in D:\2Kurs\MaksKiano\Carservice)
2025-08-11T22:08:05.681+03:00  INFO 7548 --- [Carservice] [           main] c.Car.Carservice.CarserviceApplication   : No active profile set, falling back to 1 default profile: "default"
2025-08-11T22:08:07.103+03:00  INFO 7548 --- [Carservice] [           main] .s.d.r.c.RepositoryConfigurationDelegate : Bootstrapping Spring Data JPA repositories in DEFAULT mode.
2025-08-11T22:08:07.217+03:00  INFO 7548 --- [Carservice] [           main] .s.d.r.c.RepositoryConfigurationDelegate : Finished Spring Data repository scanning in 96 ms. Found 3 JPA repository interfaces.
2025-08-11T22:08:08.321+03:00  INFO 7548 --- [Carservice] [           main] o.s.b.w.embedded.tomcat.TomcatWebServer  : Tomcat initialized with port 8081 (http)
2025-08-11T22:08:08.349+03:00  INFO 7548 --- [Carservice] [           main] o.apache.catalina.core.StandardService   : Starting service [Tomcat]
2025-08-11T22:08:08.349+03:00  INFO 7548 --- [Carservice] [           main] o.apache.catalina.core.StandardEngine    : Starting Servlet engine: [Apache Tomcat/10.1.42]
2025-08-11T22:08:08.455+03:00  INFO 7548 --- [Carservice] [           main] o.a.c.c.C.[Tomcat].[localhost].[/]       : Initializing Spring embedded WebApplicationContext
2025-08-11T22:08:08.456+03:00  INFO 7548 --- [Carservice] [           main] w.s.c.ServletWebServerApplicationContext : Root WebApplicationContext: initialization completed in 2666 ms
2025-08-11T22:08:08.611+03:00  INFO 7548 --- [Carservice] [           main] com.zaxxer.hikari.HikariDataSource       : HikariPool-1 - Starting...
2025-08-11T22:08:08.949+03:00  INFO 7548 --- [Carservice] [           main] com.zaxxer.hikari.pool.HikariPool        : HikariPool-1 - Added connection org.postgresql.jdbc.PgConnection@226de93c
2025-08-11T22:08:08.952+03:00  INFO 7548 --- [Carservice] [           main] com.zaxxer.hikari.HikariDataSource       : HikariPool-1 - Start completed.
2025-08-11T22:08:09.017+03:00  INFO 7548 --- [Carservice] [           main] o.hibernate.jpa.internal.util.LogHelper  : HHH000204: Processing PersistenceUnitInfo [name: default]
2025-08-11T22:08:09.123+03:00  INFO 7548 --- [Carservice] [           main] org.hibernate.Version                    : HHH000412: Hibernate ORM core version 6.6.18.Final
2025-08-11T22:08:09.210+03:00  INFO 7548 --- [Carservice] [           main] o.h.c.internal.RegionFactoryInitiator    : HHH000026: Second-level cache disabled
2025-08-11T22:08:09.711+03:00  INFO 7548 --- [Carservice] [           main] o.s.o.j.p.SpringPersistenceUnitInfo      : No LoadTimeWeaver setup: ignoring JPA class transformer
2025-08-11T22:08:09.867+03:00  INFO 7548 --- [Carservice] [           main] org.hibernate.orm.connections.pooling    : HHH10001005: Database info:
	Database JDBC URL [Connecting through datasource 'HikariDataSource (HikariPool-1)']
	Database driver: undefined/unknown
	Database version: 17.0
	Autocommit mode: undefined/unknown
	Isolation level: undefined/unknown
	Minimum pool size: undefined/unknown
	Maximum pool size: undefined/unknown
2025-08-11T22:08:11.646+03:00  INFO 7548 --- [Carservice] [           main] o.h.e.t.j.p.i.JtaPlatformInitiator       : HHH000489: No JTA platform available (set 'hibernate.transaction.jta.platform' to enable JTA platform integration)
2025-08-11T22:08:11.651+03:00  INFO 7548 --- [Carservice] [           main] j.LocalContainerEntityManagerFactoryBean : Initialized JPA EntityManagerFactory for persistence unit 'default'
2025-08-11T22:08:12.542+03:00  WARN 7548 --- [Carservice] [           main] JpaBaseConfiguration$JpaWebConfiguration : spring.jpa.open-in-view is enabled by default. Therefore, database queries may be performed during view rendering. Explicitly configure spring.jpa.open-in-view to disable this warning
2025-08-11T22:08:12.868+03:00  INFO 7548 --- [Carservice] [           main] r$InitializeUserDetailsManagerConfigurer : Global AuthenticationManager configured with UserDetailsService bean with name userDetailsServiceImpl
2025-08-11T22:08:13.441+03:00  INFO 7548 --- [Carservice] [           main] o.a.k.clients.admin.AdminClientConfig    : AdminClientConfig values: 
	auto.include.jmx.reporter = true
	bootstrap.servers = [localhost:9092]
	client.dns.lookup = use_all_dns_ips
	client.id = Carservice-admin-0
	connections.max.idle.ms = 300000
	default.api.timeout.ms = 60000
	metadata.max.age.ms = 300000
	metric.reporters = []
	metrics.num.samples = 2
	metrics.recording.level = INFO
	metrics.sample.window.ms = 30000
	receive.buffer.bytes = 65536
	reconnect.backoff.max.ms = 1000
	reconnect.backoff.ms = 50
	request.timeout.ms = 30000
	retries = 2147483647
	retry.backoff.ms = 100
	sasl.client.callback.handler.class = null
	sasl.jaas.config = null
	sasl.kerberos.kinit.cmd = /usr/bin/kinit
	sasl.kerberos.min.time.before.relogin = 60000
	sasl.kerberos.service.name = null
	sasl.kerberos.ticket.renew.jitter = 0.05
	sasl.kerberos.ticket.renew.window.factor = 0.8
	sasl.login.callback.handler.class = null
	sasl.login.class = null
	sasl.login.connect.timeout.ms = null
	sasl.login.read.timeout.ms = null
	sasl.login.refresh.buffer.seconds = 300
	sasl.login.refresh.min.period.seconds = 60
	sasl.login.refresh.window.factor = 0.8
	sasl.login.refresh.window.jitter = 0.05
	sasl.login.retry.backoff.max.ms = 10000
	sasl.login.retry.backoff.ms = 100
	sasl.mechanism = GSSAPI
	sasl.oauthbearer.clock.skew.seconds = 30
	sasl.oauthbearer.expected.audience = null
	sasl.oauthbearer.expected.issuer = null
	sasl.oauthbearer.jwks.endpoint.refresh.ms = 3600000
	sasl.oauthbearer.jwks.endpoint.retry.backoff.max.ms = 10000
	sasl.oauthbearer.jwks.endpoint.retry.backoff.ms = 100
	sasl.oauthbearer.jwks.endpoint.url = null
	sasl.oauthbearer.scope.claim.name = scope
	sasl.oauthbearer.sub.claim.name = sub
	sasl.oauthbearer.token.endpoint.url = null
	security.protocol = PLAINTEXT
	security.providers = null
	send.buffer.bytes = 131072
	socket.connection.setup.timeout.max.ms = 30000
	socket.connection.setup.timeout.ms = 10000
	ssl.cipher.suites = null
	ssl.enabled.protocols = [TLSv1.2, TLSv1.3]
	ssl.endpoint.identification.algorithm = https
	ssl.engine.factory.class = null
	ssl.key.password = null
	ssl.keymanager.algorithm = SunX509
	ssl.keystore.certificate.chain = null
	ssl.keystore.key = null
	ssl.keystore.location = null
	ssl.keystore.password = null
	ssl.keystore.type = JKS
	ssl.protocol = TLSv1.3
	ssl.provider = null
	ssl.secure.random.implementation = null
	ssl.trustmanager.algorithm = PKIX
	ssl.truststore.certificates = null
	ssl.truststore.location = null
	ssl.truststore.password = null
	ssl.truststore.type = JKS

2025-08-11T22:08:13.695+03:00  INFO 7548 --- [Carservice] [           main] o.a.kafka.common.utils.AppInfoParser     : Kafka version: 3.4.1
2025-08-11T22:08:13.695+03:00  INFO 7548 --- [Carservice] [           main] o.a.kafka.common.utils.AppInfoParser     : Kafka commitId: 8a516edc2755df89
2025-08-11T22:08:13.695+03:00  INFO 7548 --- [Carservice] [           main] o.a.kafka.common.utils.AppInfoParser     : Kafka startTimeMs: 1754939293693
2025-08-11T22:08:13.719+03:00  INFO 7548 --- [Carservice] [service-admin-0] org.apache.kafka.clients.NetworkClient   : [AdminClient clientId=Carservice-admin-0] Node -1 disconnected.
2025-08-11T22:08:13.721+03:00  WARN 7548 --- [Carservice] [service-admin-0] org.apache.kafka.clients.NetworkClient   : [AdminClient clientId=Carservice-admin-0] Connection to node -1 (localhost/127.0.0.1:9092) could not be established. Broker may not be available.
2025-08-11T22:08:13.834+03:00  INFO 7548 --- [Carservice] [service-admin-0] org.apache.kafka.clients.NetworkClient   : [AdminClient clientId=Carservice-admin-0] Node -1 disconnected.
2025-08-11T22:08:13.835+03:00  WARN 7548 --- [Carservice] [service-admin-0] org.apache.kafka.clients.NetworkClient   : [AdminClient clientId=Carservice-admin-0] Connection to node -1 (localhost/127.0.0.1:9092) could not be established. Broker may not be available.
2025-08-11T22:08:13.942+03:00  INFO 7548 --- [Carservice] [service-admin-0] org.apache.kafka.clients.NetworkClient   : [AdminClient clientId=Carservice-admin-0] Node -1 disconnected.
2025-08-11T22:08:13.942+03:00  WARN 7548 --- [Carservice] [service-admin-0] org.apache.kafka.clients.NetworkClient   : [AdminClient clientId=Carservice-admin-0] Connection to node -1 (localhost/127.0.0.1:9092) could not be established. Broker may not be available.
2025-08-11T22:08:14.271+03:00  INFO 7548 --- [Carservice] [service-admin-0] org.apache.kafka.clients.NetworkClient   : [AdminClient clientId=Carservice-admin-0] Node -1 disconnected.
2025-08-11T22:08:14.272+03:00  WARN 7548 --- [Carservice] [service-admin-0] org.apache.kafka.clients.NetworkClient   : [AdminClient clientId=Carservice-admin-0] Connection to node -1 (localhost/127.0.0.1:9092) could not be established. Broker may not be available.
2025-08-11T22:08:14.814+03:00  INFO 7548 --- [Carservice] [service-admin-0] org.apache.kafka.clients.NetworkClient   : [AdminClient clientId=Carservice-admin-0] Node -1 disconnected.
2025-08-11T22:08:14.815+03:00  WARN 7548 --- [Carservice] [service-admin-0] org.apache.kafka.clients.NetworkClient   : [AdminClient clientId=Carservice-admin-0] Connection to node -1 (localhost/127.0.0.1:9092) could not be established. Broker may not be available.
2025-08-11T22:08:15.688+03:00  INFO 7548 --- [Carservice] [service-admin-0] org.apache.kafka.clients.NetworkClient   : [AdminClient clientId=Carservice-admin-0] Node -1 disconnected.
2025-08-11T22:08:15.689+03:00  WARN 7548 --- [Carservice] [service-admin-0] org.apache.kafka.clients.NetworkClient   : [AdminClient clientId=Carservice-admin-0] Connection to node -1 (localhost/127.0.0.1:9092) could not be established. Broker may not be available.
2025-08-11T22:08:16.780+03:00  INFO 7548 --- [Carservice] [service-admin-0] org.apache.kafka.clients.NetworkClient   : [AdminClient clientId=Carservice-admin-0] Node -1 disconnected.
2025-08-11T22:08:16.780+03:00  WARN 7548 --- [Carservice] [service-admin-0] org.apache.kafka.clients.NetworkClient   : [AdminClient clientId=Carservice-admin-0] Connection to node -1 (localhost/127.0.0.1:9092) could not be established. Broker may not be available.
2025-08-11T22:08:17.988+03:00  INFO 7548 --- [Carservice] [service-admin-0] org.apache.kafka.clients.NetworkClient   : [AdminClient clientId=Carservice-admin-0] Node -1 disconnected.
2025-08-11T22:08:17.988+03:00  WARN 7548 --- [Carservice] [service-admin-0] org.apache.kafka.clients.NetworkClient   : [AdminClient clientId=Carservice-admin-0] Connection to node -1 (localhost/127.0.0.1:9092) could not be established. Broker may not be available.
2025-08-11T22:08:18.864+03:00  INFO 7548 --- [Carservice] [service-admin-0] org.apache.kafka.clients.NetworkClient   : [AdminClient clientId=Carservice-admin-0] Node -1 disconnected.
2025-08-11T22:08:18.865+03:00  WARN 7548 --- [Carservice] [service-admin-0] org.apache.kafka.clients.NetworkClient   : [AdminClient clientId=Carservice-admin-0] Connection to node -1 (localhost/127.0.0.1:9092) could not be established. Broker may not be available.
2025-08-11T22:08:20.057+03:00  INFO 7548 --- [Carservice] [service-admin-0] org.apache.kafka.clients.NetworkClient   : [AdminClient clientId=Carservice-admin-0] Node -1 disconnected.
2025-08-11T22:08:20.058+03:00  WARN 7548 --- [Carservice] [service-admin-0] org.apache.kafka.clients.NetworkClient   : [AdminClient clientId=Carservice-admin-0] Connection to node -1 (localhost/127.0.0.1:9092) could not be established. Broker may not be available.
2025-08-11T22:08:21.148+03:00  INFO 7548 --- [Carservice] [service-admin-0] org.apache.kafka.clients.NetworkClient   : [AdminClient clientId=Carservice-admin-0] Node -1 disconnected.
2025-08-11T22:08:21.149+03:00  WARN 7548 --- [Carservice] [service-admin-0] org.apache.kafka.clients.NetworkClient   : [AdminClient clientId=Carservice-admin-0] Connection to node -1 (localhost/127.0.0.1:9092) could not be established. Broker may not be available.
2025-08-11T22:08:22.350+03:00  INFO 7548 --- [Carservice] [service-admin-0] org.apache.kafka.clients.NetworkClient   : [AdminClient clientId=Carservice-admin-0] Node -1 disconnected.
2025-08-11T22:08:22.351+03:00  WARN 7548 --- [Carservice] [service-admin-0] org.apache.kafka.clients.NetworkClient   : [AdminClient clientId=Carservice-admin-0] Connection to node -1 (localhost/127.0.0.1:9092) could not be established. Broker may not be available.
2025-08-11T22:08:23.544+03:00  INFO 7548 --- [Carservice] [service-admin-0] org.apache.kafka.clients.NetworkClient   : [AdminClient clientId=Carservice-admin-0] Node -1 disconnected.
2025-08-11T22:08:23.545+03:00  WARN 7548 --- [Carservice] [service-admin-0] org.apache.kafka.clients.NetworkClient   : [AdminClient clientId=Carservice-admin-0] Connection to node -1 (localhost/127.0.0.1:9092) could not be established. Broker may not be available.
2025-08-11T22:08:24.524+03:00  INFO 7548 --- [Carservice] [service-admin-0] org.apache.kafka.clients.NetworkClient   : [AdminClient clientId=Carservice-admin-0] Node -1 disconnected.
2025-08-11T22:08:24.524+03:00  WARN 7548 --- [Carservice] [service-admin-0] org.apache.kafka.clients.NetworkClient   : [AdminClient clientId=Carservice-admin-0] Connection to node -1 (localhost/127.0.0.1:9092) could not be established. Broker may not be available.
2025-08-11T22:08:25.398+03:00  INFO 7548 --- [Carservice] [service-admin-0] org.apache.kafka.clients.NetworkClient   : [AdminClient clientId=Carservice-admin-0] Node -1 disconnected.
2025-08-11T22:08:25.399+03:00  WARN 7548 --- [Carservice] [service-admin-0] org.apache.kafka.clients.NetworkClient   : [AdminClient clientId=Carservice-admin-0] Connection to node -1 (localhost/127.0.0.1:9092) could not be established. Broker may not be available.
2025-08-11T22:08:26.378+03:00  INFO 7548 --- [Carservice] [service-admin-0] org.apache.kafka.clients.NetworkClient   : [AdminClient clientId=Carservice-admin-0] Node -1 disconnected.
2025-08-11T22:08:26.379+03:00  WARN 7548 --- [Carservice] [service-admin-0] org.apache.kafka.clients.NetworkClient   : [AdminClient clientId=Carservice-admin-0] Connection to node -1 (localhost/127.0.0.1:9092) could not be established. Broker may not be available.
2025-08-11T22:08:27.357+03:00  INFO 7548 --- [Carservice] [service-admin-0] org.apache.kafka.clients.NetworkClient   : [AdminClient clientId=Carservice-admin-0] Node -1 disconnected.
2025-08-11T22:08:27.358+03:00  WARN 7548 --- [Carservice] [service-admin-0] org.apache.kafka.clients.NetworkClient   : [AdminClient clientId=Carservice-admin-0] Connection to node -1 (localhost/127.0.0.1:9092) could not be established. Broker may not be available.
2025-08-11T22:08:28.225+03:00  INFO 7548 --- [Carservice] [service-admin-0] org.apache.kafka.clients.NetworkClient   : [AdminClient clientId=Carservice-admin-0] Node -1 disconnected.
2025-08-11T22:08:28.225+03:00  WARN 7548 --- [Carservice] [service-admin-0] org.apache.kafka.clients.NetworkClient   : [AdminClient clientId=Carservice-admin-0] Connection to node -1 (localhost/127.0.0.1:9092) could not be established. Broker may not be available.
2025-08-11T22:08:29.422+03:00  INFO 7548 --- [Carservice] [service-admin-0] org.apache.kafka.clients.NetworkClient   : [AdminClient clientId=Carservice-admin-0] Node -1 disconnected.
2025-08-11T22:08:29.423+03:00  WARN 7548 --- [Carservice] [service-admin-0] org.apache.kafka.clients.NetworkClient   : [AdminClient clientId=Carservice-admin-0] Connection to node -1 (localhost/127.0.0.1:9092) could not be established. Broker may not be available.
2025-08-11T22:08:30.509+03:00  INFO 7548 --- [Carservice] [service-admin-0] org.apache.kafka.clients.NetworkClient   : [AdminClient clientId=Carservice-admin-0] Node -1 disconnected.
2025-08-11T22:08:30.510+03:00  WARN 7548 --- [Carservice] [service-admin-0] org.apache.kafka.clients.NetworkClient   : [AdminClient clientId=Carservice-admin-0] Connection to node -1 (localhost/127.0.0.1:9092) could not be established. Broker may not be available.
2025-08-11T22:08:31.590+03:00  INFO 7548 --- [Carservice] [service-admin-0] org.apache.kafka.clients.NetworkClient   : [AdminClient clientId=Carservice-admin-0] Node -1 disconnected.
2025-08-11T22:08:31.590+03:00  WARN 7548 --- [Carservice] [service-admin-0] org.apache.kafka.clients.NetworkClient   : [AdminClient clientId=Carservice-admin-0] Connection to node -1 (localhost/127.0.0.1:9092) could not be established. Broker may not be available.
2025-08-11T22:08:32.456+03:00  INFO 7548 --- [Carservice] [service-admin-0] org.apache.kafka.clients.NetworkClient   : [AdminClient clientId=Carservice-admin-0] Node -1 disconnected.
2025-08-11T22:08:32.457+03:00  WARN 7548 --- [Carservice] [service-admin-0] org.apache.kafka.clients.NetworkClient   : [AdminClient clientId=Carservice-admin-0] Connection to node -1 (localhost/127.0.0.1:9092) could not be established. Broker may not be available.
2025-08-11T22:08:33.654+03:00  INFO 7548 --- [Carservice] [service-admin-0] org.apache.kafka.clients.NetworkClient   : [AdminClient clientId=Carservice-admin-0] Node -1 disconnected.
2025-08-11T22:08:33.654+03:00  WARN 7548 --- [Carservice] [service-admin-0] org.apache.kafka.clients.NetworkClient   : [AdminClient clientId=Carservice-admin-0] Connection to node -1 (localhost/127.0.0.1:9092) could not be established. Broker may not be available.
2025-08-11T22:08:34.623+03:00  INFO 7548 --- [Carservice] [service-admin-0] org.apache.kafka.clients.NetworkClient   : [AdminClient clientId=Carservice-admin-0] Node -1 disconnected.
2025-08-11T22:08:34.623+03:00  WARN 7548 --- [Carservice] [service-admin-0] org.apache.kafka.clients.NetworkClient   : [AdminClient clientId=Carservice-admin-0] Connection to node -1 (localhost/127.0.0.1:9092) could not be established. Broker may not be available.
2025-08-11T22:08:35.702+03:00  INFO 7548 --- [Carservice] [service-admin-0] org.apache.kafka.clients.NetworkClient   : [AdminClient clientId=Carservice-admin-0] Node -1 disconnected.
2025-08-11T22:08:35.704+03:00  WARN 7548 --- [Carservice] [service-admin-0] org.apache.kafka.clients.NetworkClient   : [AdminClient clientId=Carservice-admin-0] Connection to node -1 (localhost/127.0.0.1:9092) could not be established. Broker may not be available.
2025-08-11T22:08:36.622+03:00  INFO 7548 --- [Carservice] [service-admin-0] org.apache.kafka.clients.NetworkClient   : [AdminClient clientId=Carservice-admin-0] Node -1 disconnected.
2025-08-11T22:08:36.623+03:00  WARN 7548 --- [Carservice] [service-admin-0] org.apache.kafka.clients.NetworkClient   : [AdminClient clientId=Carservice-admin-0] Connection to node -1 (localhost/127.0.0.1:9092) could not be established. Broker may not be available.
2025-08-11T22:08:37.707+03:00  INFO 7548 --- [Carservice] [service-admin-0] org.apache.kafka.clients.NetworkClient   : [AdminClient clientId=Carservice-admin-0] Node -1 disconnected.
2025-08-11T22:08:37.707+03:00  WARN 7548 --- [Carservice] [service-admin-0] org.apache.kafka.clients.NetworkClient   : [AdminClient clientId=Carservice-admin-0] Connection to node -1 (localhost/127.0.0.1:9092) could not be established. Broker may not be available.
2025-08-11T22:08:38.687+03:00  INFO 7548 --- [Carservice] [service-admin-0] org.apache.kafka.clients.NetworkClient   : [AdminClient clientId=Carservice-admin-0] Node -1 disconnected.
2025-08-11T22:08:38.687+03:00  WARN 7548 --- [Carservice] [service-admin-0] org.apache.kafka.clients.NetworkClient   : [AdminClient clientId=Carservice-admin-0] Connection to node -1 (localhost/127.0.0.1:9092) could not be established. Broker may not be available.
2025-08-11T22:08:39.774+03:00  INFO 7548 --- [Carservice] [service-admin-0] org.apache.kafka.clients.NetworkClient   : [AdminClient clientId=Carservice-admin-0] Node -1 disconnected.
2025-08-11T22:08:39.775+03:00  WARN 7548 --- [Carservice] [service-admin-0] org.apache.kafka.clients.NetworkClient   : [AdminClient clientId=Carservice-admin-0] Connection to node -1 (localhost/127.0.0.1:9092) could not be established. Broker may not be available.
2025-08-11T22:08:40.756+03:00  INFO 7548 --- [Carservice] [service-admin-0] org.apache.kafka.clients.NetworkClient   : [AdminClient clientId=Carservice-admin-0] Node -1 disconnected.
2025-08-11T22:08:40.756+03:00  WARN 7548 --- [Carservice] [service-admin-0] org.apache.kafka.clients.NetworkClient   : [AdminClient clientId=Carservice-admin-0] Connection to node -1 (localhost/127.0.0.1:9092) could not be established. Broker may not be available.
2025-08-11T22:08:41.734+03:00  INFO 7548 --- [Carservice] [service-admin-0] org.apache.kafka.clients.NetworkClient   : [AdminClient clientId=Carservice-admin-0] Node -1 disconnected.
2025-08-11T22:08:41.734+03:00  WARN 7548 --- [Carservice] [service-admin-0] org.apache.kafka.clients.NetworkClient   : [AdminClient clientId=Carservice-admin-0] Connection to node -1 (localhost/127.0.0.1:9092) could not be established. Broker may not be available.
2025-08-11T22:08:42.607+03:00  INFO 7548 --- [Carservice] [service-admin-0] org.apache.kafka.clients.NetworkClient   : [AdminClient clientId=Carservice-admin-0] Node -1 disconnected.
2025-08-11T22:08:42.608+03:00  WARN 7548 --- [Carservice] [service-admin-0] org.apache.kafka.clients.NetworkClient   : [AdminClient clientId=Carservice-admin-0] Connection to node -1 (localhost/127.0.0.1:9092) could not be established. Broker may not be available.
2025-08-11T22:08:43.706+03:00  INFO 7548 --- [Carservice] [service-admin-0] o.a.k.c.a.i.AdminMetadataManager         : [AdminClient clientId=Carservice-admin-0] Metadata update failed

org.apache.kafka.common.errors.TimeoutException: Timed out waiting for a node assignment. Call: fetchMetadata

2025-08-11T22:08:43.707+03:00 ERROR 7548 --- [Carservice] [           main] o.springframework.kafka.core.KafkaAdmin  : Could not configure topics

org.springframework.kafka.KafkaException: Timed out waiting to get existing topics
	at org.springframework.kafka.core.KafkaAdmin.lambda$checkPartitions$13(KafkaAdmin.java:571) ~[spring-kafka-3.3.7.jar:3.3.7]
	at java.base/java.util.HashMap.forEach(HashMap.java:1430) ~[na:na]
	at org.springframework.kafka.core.KafkaAdmin.checkPartitions(KafkaAdmin.java:550) ~[spring-kafka-3.3.7.jar:3.3.7]
	at org.springframework.kafka.core.KafkaAdmin.addOrModifyTopicsIfNeeded(KafkaAdmin.java:443) ~[spring-kafka-3.3.7.jar:3.3.7]
	at org.springframework.kafka.core.KafkaAdmin.initialize(KafkaAdmin.java:276) ~[spring-kafka-3.3.7.jar:3.3.7]
	at org.springframework.kafka.core.KafkaAdmin.afterSingletonsInstantiated(KafkaAdmin.java:245) ~[spring-kafka-3.3.7.jar:3.3.7]
	at org.springframework.beans.factory.support.DefaultListableBeanFactory.preInstantiateSingletons(DefaultListableBeanFactory.java:1150) ~[spring-beans-6.2.8.jar:6.2.8]
	at org.springframework.context.support.AbstractApplicationContext.finishBeanFactoryInitialization(AbstractApplicationContext.java:987) ~[spring-context-6.2.8.jar:6.2.8]
	at org.springframework.context.support.AbstractApplicationContext.refresh(AbstractApplicationContext.java:627) ~[spring-context-6.2.8.jar:6.2.8]
	at org.springframework.boot.web.servlet.context.ServletWebServerApplicationContext.refresh(ServletWebServerApplicationContext.java:146) ~[spring-boot-3.5.3.jar:3.5.3]
	at org.springframework.boot.SpringApplication.refresh(SpringApplication.java:752) ~[spring-boot-3.5.3.jar:3.5.3]
	at org.springframework.boot.SpringApplication.refreshContext(SpringApplication.java:439) ~[spring-boot-3.5.3.jar:3.5.3]
	at org.springframework.boot.SpringApplication.run(SpringApplication.java:318) ~[spring-boot-3.5.3.jar:3.5.3]
	at org.springframework.boot.SpringApplication.run(SpringApplication.java:1361) ~[spring-boot-3.5.3.jar:3.5.3]
	at org.springframework.boot.SpringApplication.run(SpringApplication.java:1350) ~[spring-boot-3.5.3.jar:3.5.3]
	at com.Car.Carservice.CarserviceApplication.main(CarserviceApplication.java:10) ~[classes/:na]
Caused by: java.util.concurrent.TimeoutException: null
	at java.base/java.util.concurrent.CompletableFuture.timedGet(CompletableFuture.java:2004) ~[na:na]
	at java.base/java.util.concurrent.CompletableFuture.get(CompletableFuture.java:2139) ~[na:na]
	at org.apache.kafka.common.internals.KafkaFutureImpl.get(KafkaFutureImpl.java:180) ~[kafka-clients-3.4.1.jar:na]
	at org.springframework.kafka.core.KafkaAdmin.lambda$checkPartitions$13(KafkaAdmin.java:553) ~[spring-kafka-3.3.7.jar:3.3.7]
	... 15 common frames omitted

2025-08-11T22:08:43.712+03:00  INFO 7548 --- [Carservice] [service-admin-0] org.apache.kafka.clients.NetworkClient   : [AdminClient clientId=Carservice-admin-0] Node -1 disconnected.
2025-08-11T22:08:43.712+03:00  WARN 7548 --- [Carservice] [service-admin-0] org.apache.kafka.clients.NetworkClient   : [AdminClient clientId=Carservice-admin-0] Connection to node -1 (localhost/127.0.0.1:9092) could not be established. Broker may not be available.
2025-08-11T22:08:45.466+03:00  INFO 7548 --- [Carservice] [service-admin-0] o.a.kafka.common.utils.AppInfoParser     : App info kafka.admin.client for Carservice-admin-0 unregistered
2025-08-11T22:08:45.472+03:00  INFO 7548 --- [Carservice] [service-admin-0] o.apache.kafka.common.metrics.Metrics    : Metrics scheduler closed
2025-08-11T22:08:45.472+03:00  INFO 7548 --- [Carservice] [service-admin-0] o.apache.kafka.common.metrics.Metrics    : Closing reporter org.apache.kafka.common.metrics.JmxReporter
2025-08-11T22:08:45.472+03:00  INFO 7548 --- [Carservice] [service-admin-0] o.apache.kafka.common.metrics.Metrics    : Metrics reporters closed
2025-08-11T22:08:45.493+03:00  INFO 7548 --- [Carservice] [           main] o.s.b.w.embedded.tomcat.TomcatWebServer  : Tomcat started on port 8081 (http) with context path '/'
2025-08-11T22:08:45.505+03:00  INFO 7548 --- [Carservice] [           main] c.Car.Carservice.CarserviceApplication   : Started CarserviceApplication in 40.744 seconds (process running for 41.751)
[INFO] ------------------------------------------------------------------------
[INFO] BUILD FAILURE
[INFO] ------------------------------------------------------------------------
[INFO] Total time:  08:53 min
[INFO] Finished at: 2025-08-11T22:16:47+03:00
[INFO] ------------------------------------------------------------------------
[ERROR] Failed to execute goal org.springframework.boot:spring-boot-maven-plugin:3.5.3:run (default-cli) on project Carservice: Process terminated with exit code: 1 -> [Help 1]
[ERROR] 
[ERROR] To see the full stack trace of the errors, re-run Maven with the -e switch.
[ERROR] Re-run Maven using the -X switch to enable full debug logging.
[ERROR] 
[ERROR] For more information about the errors and possible solutions, please read the following articles:
[ERROR] [Help 1] http://cwiki.apache.org/confluence/display/MAVEN/MojoExecutionException
[INFO] Scanning for projects...
[INFO] 
[INFO] -------------------------< com.Car:Carservice >-------------------------
[INFO] Building Carservice 0.0.1-SNAPSHOT
[INFO]   from pom.xml
[INFO] --------------------------------[ jar ]---------------------------------
[INFO] 
[INFO] >>> spring-boot:3.5.3:run (default-cli) > test-compile @ Carservice >>>
[INFO] 
[INFO] --- resources:3.3.1:resources (default-resources) @ Carservice ---
[INFO] Copying 1 resource from src\main\resources to target\classes
[INFO] Copying 0 resource from src\main\resources to target\classes
[INFO] 
[INFO] --- compiler:3.13.0:compile (default-compile) @ Carservice ---
[INFO] Recompiling the module because of changed source code.
[INFO] Compiling 18 source files with javac [debug parameters release 23] to target\classes
[INFO] /D:/2Kurs/MaksKiano/Carservice/src/main/java/com/Car/Carservice/Security/JwtRequestFilter.java: D:\2Kurs\MaksKiano\Carservice\src\main\java\com\Car\Carservice\Security\JwtRequestFilter.java uses or overrides a deprecated API.
[INFO] /D:/2Kurs/MaksKiano/Carservice/src/main/java/com/Car/Carservice/Security/JwtRequestFilter.java: Recompile with -Xlint:deprecation for details.
[INFO] 
[INFO] --- resources:3.3.1:testResources (default-testResources) @ Carservice ---
[INFO] skip non existing resourceDirectory D:\2Kurs\MaksKiano\Carservice\src\test\resources
[INFO] 
[INFO] --- compiler:3.13.0:testCompile (default-testCompile) @ Carservice ---
[INFO] Recompiling the module because of changed dependency.
[INFO] Compiling 1 source file with javac [debug parameters release 23] to target\test-classes
[INFO] 
[INFO] <<< spring-boot:3.5.3:run (default-cli) < test-compile @ Carservice <<<
[INFO] 
[INFO] 
[INFO] --- spring-boot:3.5.3:run (default-cli) @ Carservice ---
[INFO] Attaching agents: []

  .   ____          _            __ _ _
 /\\ / ___'_ __ _ _(_)_ __  __ _ \ \ \ \
( ( )\___ | '_ | '_| | '_ \/ _` | \ \ \ \
 \\/  ___)| |_)| | | | | || (_| |  ) ) ) )
  '  |____| .__|_| |_|_| |_\__, | / / / /
 =========|_|==============|___/=/_/_/_/

 :: Spring Boot ::                (v3.5.3)

2025-08-11T22:24:13.914+03:00  INFO 18688 --- [Carservice] [           main] c.Car.Carservice.CarserviceApplication   : Starting CarserviceApplication using Java 23 with PID 18688 (D:\2Kurs\MaksKiano\Carservice\target\classes started by semka in D:\2Kurs\MaksKiano\Carservice)
2025-08-11T22:24:13.918+03:00  INFO 18688 --- [Carservice] [           main] c.Car.Carservice.CarserviceApplication   : No active profile set, falling back to 1 default profile: "default"
2025-08-11T22:24:15.224+03:00  INFO 18688 --- [Carservice] [           main] .s.d.r.c.RepositoryConfigurationDelegate : Bootstrapping Spring Data JPA repositories in DEFAULT mode.
2025-08-11T22:24:15.341+03:00  INFO 18688 --- [Carservice] [           main] .s.d.r.c.RepositoryConfigurationDelegate : Finished Spring Data repository scanning in 100 ms. Found 3 JPA repository interfaces.
2025-08-11T22:24:16.454+03:00  INFO 18688 --- [Carservice] [           main] o.s.b.w.embedded.tomcat.TomcatWebServer  : Tomcat initialized with port 8081 (http)
2025-08-11T22:24:16.481+03:00  INFO 18688 --- [Carservice] [           main] o.apache.catalina.core.StandardService   : Starting service [Tomcat]
2025-08-11T22:24:16.482+03:00  INFO 18688 --- [Carservice] [           main] o.apache.catalina.core.StandardEngine    : Starting Servlet engine: [Apache Tomcat/10.1.42]
2025-08-11T22:24:16.585+03:00  INFO 18688 --- [Carservice] [           main] o.a.c.c.C.[Tomcat].[localhost].[/]       : Initializing Spring embedded WebApplicationContext
2025-08-11T22:24:16.587+03:00  INFO 18688 --- [Carservice] [           main] w.s.c.ServletWebServerApplicationContext : Root WebApplicationContext: initialization completed in 2586 ms
2025-08-11T22:24:16.768+03:00  INFO 18688 --- [Carservice] [           main] com.zaxxer.hikari.HikariDataSource       : HikariPool-1 - Starting...
2025-08-11T22:24:17.089+03:00  INFO 18688 --- [Carservice] [           main] com.zaxxer.hikari.pool.HikariPool        : HikariPool-1 - Added connection org.postgresql.jdbc.PgConnection@2eb60c71
2025-08-11T22:24:17.092+03:00  INFO 18688 --- [Carservice] [           main] com.zaxxer.hikari.HikariDataSource       : HikariPool-1 - Start completed.
2025-08-11T22:24:17.174+03:00  INFO 18688 --- [Carservice] [           main] o.hibernate.jpa.internal.util.LogHelper  : HHH000204: Processing PersistenceUnitInfo [name: default]
2025-08-11T22:24:17.279+03:00  INFO 18688 --- [Carservice] [           main] org.hibernate.Version                    : HHH000412: Hibernate ORM core version 6.6.18.Final
2025-08-11T22:24:17.357+03:00  INFO 18688 --- [Carservice] [           main] o.h.c.internal.RegionFactoryInitiator    : HHH000026: Second-level cache disabled
2025-08-11T22:24:17.854+03:00  INFO 18688 --- [Carservice] [           main] o.s.o.j.p.SpringPersistenceUnitInfo      : No LoadTimeWeaver setup: ignoring JPA class transformer
2025-08-11T22:24:18.000+03:00  INFO 18688 --- [Carservice] [           main] org.hibernate.orm.connections.pooling    : HHH10001005: Database info:
	Database JDBC URL [Connecting through datasource 'HikariDataSource (HikariPool-1)']
	Database driver: undefined/unknown
	Database version: 17.0
	Autocommit mode: undefined/unknown
	Isolation level: undefined/unknown
	Minimum pool size: undefined/unknown
	Maximum pool size: undefined/unknown
2025-08-11T22:24:19.910+03:00  INFO 18688 --- [Carservice] [           main] o.h.e.t.j.p.i.JtaPlatformInitiator       : HHH000489: No JTA platform available (set 'hibernate.transaction.jta.platform' to enable JTA platform integration)
2025-08-11T22:24:19.917+03:00  INFO 18688 --- [Carservice] [           main] j.LocalContainerEntityManagerFactoryBean : Initialized JPA EntityManagerFactory for persistence unit 'default'
2025-08-11T22:24:20.975+03:00  WARN 18688 --- [Carservice] [           main] JpaBaseConfiguration$JpaWebConfiguration : spring.jpa.open-in-view is enabled by default. Therefore, database queries may be performed during view rendering. Explicitly configure spring.jpa.open-in-view to disable this warning
2025-08-11T22:24:21.398+03:00  INFO 18688 --- [Carservice] [           main] r$InitializeUserDetailsManagerConfigurer : Global AuthenticationManager configured with UserDetailsService bean with name userDetailsServiceImpl
2025-08-11T22:24:22.156+03:00  INFO 18688 --- [Carservice] [           main] o.a.k.clients.admin.AdminClientConfig    : AdminClientConfig values: 
	auto.include.jmx.reporter = true
	bootstrap.servers = [localhost:9092]
	client.dns.lookup = use_all_dns_ips
	client.id = Carservice-admin-0
	connections.max.idle.ms = 300000
	default.api.timeout.ms = 60000
	metadata.max.age.ms = 300000
	metric.reporters = []
	metrics.num.samples = 2
	metrics.recording.level = INFO
	metrics.sample.window.ms = 30000
	receive.buffer.bytes = 65536
	reconnect.backoff.max.ms = 1000
	reconnect.backoff.ms = 50
	request.timeout.ms = 30000
	retries = 2147483647
	retry.backoff.ms = 100
	sasl.client.callback.handler.class = null
	sasl.jaas.config = null
	sasl.kerberos.kinit.cmd = /usr/bin/kinit
	sasl.kerberos.min.time.before.relogin = 60000
	sasl.kerberos.service.name = null
	sasl.kerberos.ticket.renew.jitter = 0.05
	sasl.kerberos.ticket.renew.window.factor = 0.8
	sasl.login.callback.handler.class = null
	sasl.login.class = null
	sasl.login.connect.timeout.ms = null
	sasl.login.read.timeout.ms = null
	sasl.login.refresh.buffer.seconds = 300
	sasl.login.refresh.min.period.seconds = 60
	sasl.login.refresh.window.factor = 0.8
	sasl.login.refresh.window.jitter = 0.05
	sasl.login.retry.backoff.max.ms = 10000
	sasl.login.retry.backoff.ms = 100
	sasl.mechanism = GSSAPI
	sasl.oauthbearer.clock.skew.seconds = 30
	sasl.oauthbearer.expected.audience = null
	sasl.oauthbearer.expected.issuer = null
	sasl.oauthbearer.jwks.endpoint.refresh.ms = 3600000
	sasl.oauthbearer.jwks.endpoint.retry.backoff.max.ms = 10000
	sasl.oauthbearer.jwks.endpoint.retry.backoff.ms = 100
	sasl.oauthbearer.jwks.endpoint.url = null
	sasl.oauthbearer.scope.claim.name = scope
	sasl.oauthbearer.sub.claim.name = sub
	sasl.oauthbearer.token.endpoint.url = null
	security.protocol = PLAINTEXT
	security.providers = null
	send.buffer.bytes = 131072
	socket.connection.setup.timeout.max.ms = 30000
	socket.connection.setup.timeout.ms = 10000
	ssl.cipher.suites = null
	ssl.enabled.protocols = [TLSv1.2, TLSv1.3]
	ssl.endpoint.identification.algorithm = https
	ssl.engine.factory.class = null
	ssl.key.password = null
	ssl.keymanager.algorithm = SunX509
	ssl.keystore.certificate.chain = null
	ssl.keystore.key = null
	ssl.keystore.location = null
	ssl.keystore.password = null
	ssl.keystore.type = JKS
	ssl.protocol = TLSv1.3
	ssl.provider = null
	ssl.secure.random.implementation = null
	ssl.trustmanager.algorithm = PKIX
	ssl.truststore.certificates = null
	ssl.truststore.location = null
	ssl.truststore.password = null
	ssl.truststore.type = JKS

2025-08-11T22:24:22.470+03:00  INFO 18688 --- [Carservice] [           main] o.a.kafka.common.utils.AppInfoParser     : Kafka version: 3.4.1
2025-08-11T22:24:22.470+03:00  INFO 18688 --- [Carservice] [           main] o.a.kafka.common.utils.AppInfoParser     : Kafka commitId: 8a516edc2755df89
2025-08-11T22:24:22.470+03:00  INFO 18688 --- [Carservice] [           main] o.a.kafka.common.utils.AppInfoParser     : Kafka startTimeMs: 1754940262468
2025-08-11T22:24:22.496+03:00  INFO 18688 --- [Carservice] [service-admin-0] org.apache.kafka.clients.NetworkClient   : [AdminClient clientId=Carservice-admin-0] Node -1 disconnected.
2025-08-11T22:24:22.500+03:00  WARN 18688 --- [Carservice] [service-admin-0] org.apache.kafka.clients.NetworkClient   : [AdminClient clientId=Carservice-admin-0] Connection to node -1 (localhost/127.0.0.1:9092) could not be established. Broker may not be available.
2025-08-11T22:24:22.611+03:00  INFO 18688 --- [Carservice] [service-admin-0] org.apache.kafka.clients.NetworkClient   : [AdminClient clientId=Carservice-admin-0] Node -1 disconnected.
2025-08-11T22:24:22.611+03:00  WARN 18688 --- [Carservice] [service-admin-0] org.apache.kafka.clients.NetworkClient   : [AdminClient clientId=Carservice-admin-0] Connection to node -1 (localhost/127.0.0.1:9092) could not be established. Broker may not be available.
2025-08-11T22:24:22.722+03:00  INFO 18688 --- [Carservice] [service-admin-0] org.apache.kafka.clients.NetworkClient   : [AdminClient clientId=Carservice-admin-0] Node -1 disconnected.
2025-08-11T22:24:22.722+03:00  WARN 18688 --- [Carservice] [service-admin-0] org.apache.kafka.clients.NetworkClient   : [AdminClient clientId=Carservice-admin-0] Connection to node -1 (localhost/127.0.0.1:9092) could not be established. Broker may not be available.
2025-08-11T22:24:22.938+03:00  INFO 18688 --- [Carservice] [service-admin-0] org.apache.kafka.clients.NetworkClient   : [AdminClient clientId=Carservice-admin-0] Node -1 disconnected.
2025-08-11T22:24:22.938+03:00  WARN 18688 --- [Carservice] [service-admin-0] org.apache.kafka.clients.NetworkClient   : [AdminClient clientId=Carservice-admin-0] Connection to node -1 (localhost/127.0.0.1:9092) could not be established. Broker may not be available.
2025-08-11T22:24:23.475+03:00  INFO 18688 --- [Carservice] [service-admin-0] org.apache.kafka.clients.NetworkClient   : [AdminClient clientId=Carservice-admin-0] Node -1 disconnected.
2025-08-11T22:24:23.476+03:00  WARN 18688 --- [Carservice] [service-admin-0] org.apache.kafka.clients.NetworkClient   : [AdminClient clientId=Carservice-admin-0] Connection to node -1 (localhost/127.0.0.1:9092) could not be established. Broker may not be available.
2025-08-11T22:24:24.454+03:00  INFO 18688 --- [Carservice] [service-admin-0] org.apache.kafka.clients.NetworkClient   : [AdminClient clientId=Carservice-admin-0] Node -1 disconnected.
2025-08-11T22:24:24.455+03:00  WARN 18688 --- [Carservice] [service-admin-0] org.apache.kafka.clients.NetworkClient   : [AdminClient clientId=Carservice-admin-0] Connection to node -1 (localhost/127.0.0.1:9092) could not be established. Broker may not be available.
2025-08-11T22:24:25.432+03:00  INFO 18688 --- [Carservice] [service-admin-0] org.apache.kafka.clients.NetworkClient   : [AdminClient clientId=Carservice-admin-0] Node -1 disconnected.
2025-08-11T22:24:25.433+03:00  WARN 18688 --- [Carservice] [service-admin-0] org.apache.kafka.clients.NetworkClient   : [AdminClient clientId=Carservice-admin-0] Connection to node -1 (localhost/127.0.0.1:9092) could not be established. Broker may not be available.
2025-08-11T22:24:26.629+03:00  INFO 18688 --- [Carservice] [service-admin-0] org.apache.kafka.clients.NetworkClient   : [AdminClient clientId=Carservice-admin-0] Node -1 disconnected.
2025-08-11T22:24:26.629+03:00  WARN 18688 --- [Carservice] [service-admin-0] org.apache.kafka.clients.NetworkClient   : [AdminClient clientId=Carservice-admin-0] Connection to node -1 (localhost/127.0.0.1:9092) could not be established. Broker may not be available.
2025-08-11T22:24:27.608+03:00  INFO 18688 --- [Carservice] [service-admin-0] org.apache.kafka.clients.NetworkClient   : [AdminClient clientId=Carservice-admin-0] Node -1 disconnected.
2025-08-11T22:24:27.608+03:00  WARN 18688 --- [Carservice] [service-admin-0] org.apache.kafka.clients.NetworkClient   : [AdminClient clientId=Carservice-admin-0] Connection to node -1 (localhost/127.0.0.1:9092) could not be established. Broker may not be available.
2025-08-11T22:24:28.804+03:00  INFO 18688 --- [Carservice] [service-admin-0] org.apache.kafka.clients.NetworkClient   : [AdminClient clientId=Carservice-admin-0] Node -1 disconnected.
2025-08-11T22:24:28.805+03:00  WARN 18688 --- [Carservice] [service-admin-0] org.apache.kafka.clients.NetworkClient   : [AdminClient clientId=Carservice-admin-0] Connection to node -1 (localhost/127.0.0.1:9092) could not be established. Broker may not be available.
2025-08-11T22:24:29.945+03:00  INFO 18688 --- [Carservice] [service-admin-0] org.apache.kafka.clients.NetworkClient   : [AdminClient clientId=Carservice-admin-0] Node -1 disconnected.
2025-08-11T22:24:29.946+03:00  WARN 18688 --- [Carservice] [service-admin-0] org.apache.kafka.clients.NetworkClient   : [AdminClient clientId=Carservice-admin-0] Connection to node -1 (localhost/127.0.0.1:9092) could not be established. Broker may not be available.
2025-08-11T22:24:31.076+03:00  INFO 18688 --- [Carservice] [service-admin-0] org.apache.kafka.clients.NetworkClient   : [AdminClient clientId=Carservice-admin-0] Node -1 disconnected.
2025-08-11T22:24:31.076+03:00  WARN 18688 --- [Carservice] [service-admin-0] org.apache.kafka.clients.NetworkClient   : [AdminClient clientId=Carservice-admin-0] Connection to node -1 (localhost/127.0.0.1:9092) could not be established. Broker may not be available.
2025-08-11T22:24:32.060+03:00  INFO 18688 --- [Carservice] [service-admin-0] org.apache.kafka.clients.NetworkClient   : [AdminClient clientId=Carservice-admin-0] Node -1 disconnected.
2025-08-11T22:24:32.060+03:00  WARN 18688 --- [Carservice] [service-admin-0] org.apache.kafka.clients.NetworkClient   : [AdminClient clientId=Carservice-admin-0] Connection to node -1 (localhost/127.0.0.1:9092) could not be established. Broker may not be available.
2025-08-11T22:24:33.850+03:00  INFO 18688 --- [Carservice] [service-admin-0] o.a.kafka.common.utils.AppInfoParser     : App info kafka.admin.client for Carservice-admin-0 unregistered
2025-08-11T22:24:33.857+03:00  INFO 18688 --- [Carservice] [service-admin-0] o.apache.kafka.common.metrics.Metrics    : Metrics scheduler closed
2025-08-11T22:24:33.857+03:00  INFO 18688 --- [Carservice] [service-admin-0] o.apache.kafka.common.metrics.Metrics    : Closing reporter org.apache.kafka.common.metrics.JmxReporter
2025-08-11T22:24:33.857+03:00  INFO 18688 --- [Carservice] [service-admin-0] o.apache.kafka.common.metrics.Metrics    : Metrics reporters closed
2025-08-11T22:24:33.884+03:00  INFO 18688 --- [Carservice] [           main] o.s.b.w.embedded.tomcat.TomcatWebServer  : Tomcat started on port 8081 (http) with context path '/'
2025-08-11T22:24:33.896+03:00  INFO 18688 --- [Carservice] [           main] c.Car.Carservice.CarserviceApplication   : Started CarserviceApplication in 20.772 seconds (process running for 21.464)
2025-08-11T22:27:14.164+03:00  INFO 18688 --- [Carservice] [nio-8081-exec-1] o.a.c.c.C.[Tomcat].[localhost].[/]       : Initializing Spring DispatcherServlet 'dispatcherServlet'
2025-08-11T22:27:14.167+03:00  INFO 18688 --- [Carservice] [nio-8081-exec-1] o.s.web.servlet.DispatcherServlet        : Initializing Servlet 'dispatcherServlet'
2025-08-11T22:27:14.201+03:00  INFO 18688 --- [Carservice] [nio-8081-exec-1] o.s.web.servlet.DispatcherServlet        : Completed initialization in 32 ms
[INFO] ------------------------------------------------------------------------
[INFO] BUILD FAILURE
[INFO] ------------------------------------------------------------------------
[INFO] Total time:  30:50 min
[INFO] Finished at: 2025-08-11T22:54:53+03:00
[INFO] ------------------------------------------------------------------------
[ERROR] Failed to execute goal org.springframework.boot:spring-boot-maven-plugin:3.5.3:run (default-cli) on project Carservice: Process terminated with exit code: 1 -> [Help 1]
[ERROR] 
[ERROR] To see the full stack trace of the errors, re-run Maven with the -e switch.
[ERROR] Re-run Maven using the -X switch to enable full debug logging.
[ERROR] 
[ERROR] For more information about the errors and possible solutions, please read the following articles:
[ERROR] [Help 1] http://cwiki.apache.org/confluence/display/MAVEN/MojoExecutionException
[INFO] Scanning for projects...
[INFO] 
[INFO] -------------------------< com.Car:Carservice >-------------------------
[INFO] Building Carservice 0.0.1-SNAPSHOT
[INFO]   from pom.xml
[INFO] --------------------------------[ jar ]---------------------------------
[INFO] 
[INFO] >>> spring-boot:3.5.3:run (default-cli) > test-compile @ Carservice >>>
[INFO] 
[INFO] --- resources:3.3.1:resources (default-resources) @ Carservice ---
[INFO] Copying 1 resource from src\main\resources to target\classes
[INFO] Copying 0 resource from src\main\resources to target\classes
[INFO] 
[INFO] --- compiler:3.13.0:compile (default-compile) @ Carservice ---
[INFO] Recompiling the module because of changed source code.
[INFO] Compiling 18 source files with javac [debug parameters release 23] to target\classes
[INFO] /D:/2Kurs/MaksKiano/Carservice/src/main/java/com/Car/Carservice/Security/JwtRequestFilter.java: D:\2Kurs\MaksKiano\Carservice\src\main\java\com\Car\Carservice\Security\JwtRequestFilter.java uses or overrides a deprecated API.
[INFO] /D:/2Kurs/MaksKiano/Carservice/src/main/java/com/Car/Carservice/Security/JwtRequestFilter.java: Recompile with -Xlint:deprecation for details.
[INFO] 
[INFO] --- resources:3.3.1:testResources (default-testResources) @ Carservice ---
[INFO] skip non existing resourceDirectory D:\2Kurs\MaksKiano\Carservice\src\test\resources
[INFO] 
[INFO] --- compiler:3.13.0:testCompile (default-testCompile) @ Carservice ---
[INFO] Recompiling the module because of changed dependency.
[INFO] Compiling 1 source file with javac [debug parameters release 23] to target\test-classes
[INFO] 
[INFO] <<< spring-boot:3.5.3:run (default-cli) < test-compile @ Carservice <<<
[INFO] 
[INFO] 
[INFO] --- spring-boot:3.5.3:run (default-cli) @ Carservice ---
[INFO] Attaching agents: []

  .   ____          _            __ _ _
 /\\ / ___'_ __ _ _(_)_ __  __ _ \ \ \ \
( ( )\___ | '_ | '_| | '_ \/ _` | \ \ \ \
 \\/  ___)| |_)| | | | | || (_| |  ) ) ) )
  '  |____| .__|_| |_|_| |_\__, | / / / /
 =========|_|==============|___/=/_/_/_/

 :: Spring Boot ::                (v3.5.3)

2025-08-11T22:58:10.132+03:00  INFO 18908 --- [Carservice] [           main] c.Car.Carservice.CarserviceApplication   : Starting CarserviceApplication using Java 23 with PID 18908 (D:\2Kurs\MaksKiano\Carservice\target\classes started by semka in D:\2Kurs\MaksKiano\Carservice)
2025-08-11T22:58:10.134+03:00  INFO 18908 --- [Carservice] [           main] c.Car.Carservice.CarserviceApplication   : No active profile set, falling back to 1 default profile: "default"
2025-08-11T22:58:10.710+03:00  INFO 18908 --- [Carservice] [           main] .s.d.r.c.RepositoryConfigurationDelegate : Bootstrapping Spring Data JPA repositories in DEFAULT mode.
2025-08-11T22:58:10.760+03:00  INFO 18908 --- [Carservice] [           main] .s.d.r.c.RepositoryConfigurationDelegate : Finished Spring Data repository scanning in 42 ms. Found 3 JPA repository interfaces.
2025-08-11T22:58:11.228+03:00  INFO 18908 --- [Carservice] [           main] o.s.b.w.embedded.tomcat.TomcatWebServer  : Tomcat initialized with port 8081 (http)
2025-08-11T22:58:11.241+03:00  INFO 18908 --- [Carservice] [           main] o.apache.catalina.core.StandardService   : Starting service [Tomcat]
2025-08-11T22:58:11.241+03:00  INFO 18908 --- [Carservice] [           main] o.apache.catalina.core.StandardEngine    : Starting Servlet engine: [Apache Tomcat/10.1.42]
2025-08-11T22:58:11.288+03:00  INFO 18908 --- [Carservice] [           main] o.a.c.c.C.[Tomcat].[localhost].[/]       : Initializing Spring embedded WebApplicationContext
2025-08-11T22:58:11.289+03:00  INFO 18908 --- [Carservice] [           main] w.s.c.ServletWebServerApplicationContext : Root WebApplicationContext: initialization completed in 1113 ms
2025-08-11T22:58:11.351+03:00  INFO 18908 --- [Carservice] [           main] com.zaxxer.hikari.HikariDataSource       : HikariPool-1 - Starting...
2025-08-11T22:58:11.492+03:00  INFO 18908 --- [Carservice] [           main] com.zaxxer.hikari.pool.HikariPool        : HikariPool-1 - Added connection org.postgresql.jdbc.PgConnection@2c604965
2025-08-11T22:58:11.493+03:00  INFO 18908 --- [Carservice] [           main] com.zaxxer.hikari.HikariDataSource       : HikariPool-1 - Start completed.
2025-08-11T22:58:11.532+03:00  INFO 18908 --- [Carservice] [           main] o.hibernate.jpa.internal.util.LogHelper  : HHH000204: Processing PersistenceUnitInfo [name: default]
2025-08-11T22:58:11.583+03:00  INFO 18908 --- [Carservice] [           main] org.hibernate.Version                    : HHH000412: Hibernate ORM core version 6.6.18.Final
2025-08-11T22:58:11.622+03:00  INFO 18908 --- [Carservice] [           main] o.h.c.internal.RegionFactoryInitiator    : HHH000026: Second-level cache disabled
2025-08-11T22:58:11.853+03:00  INFO 18908 --- [Carservice] [           main] o.s.o.j.p.SpringPersistenceUnitInfo      : No LoadTimeWeaver setup: ignoring JPA class transformer
2025-08-11T22:58:11.927+03:00  INFO 18908 --- [Carservice] [           main] org.hibernate.orm.connections.pooling    : HHH10001005: Database info:
	Database JDBC URL [Connecting through datasource 'HikariDataSource (HikariPool-1)']
	Database driver: undefined/unknown
	Database version: 17.0
	Autocommit mode: undefined/unknown
	Isolation level: undefined/unknown
	Minimum pool size: undefined/unknown
	Maximum pool size: undefined/unknown
2025-08-11T22:58:12.690+03:00  INFO 18908 --- [Carservice] [           main] o.h.e.t.j.p.i.JtaPlatformInitiator       : HHH000489: No JTA platform available (set 'hibernate.transaction.jta.platform' to enable JTA platform integration)
2025-08-11T22:58:12.692+03:00  INFO 18908 --- [Carservice] [           main] j.LocalContainerEntityManagerFactoryBean : Initialized JPA EntityManagerFactory for persistence unit 'default'
2025-08-11T22:58:13.086+03:00  WARN 18908 --- [Carservice] [           main] JpaBaseConfiguration$JpaWebConfiguration : spring.jpa.open-in-view is enabled by default. Therefore, database queries may be performed during view rendering. Explicitly configure spring.jpa.open-in-view to disable this warning
2025-08-11T22:58:13.227+03:00  INFO 18908 --- [Carservice] [           main] r$InitializeUserDetailsManagerConfigurer : Global AuthenticationManager configured with UserDetailsService bean with name userDetailsServiceImpl
2025-08-11T22:58:13.478+03:00  INFO 18908 --- [Carservice] [           main] o.a.k.clients.admin.AdminClientConfig    : AdminClientConfig values: 
	auto.include.jmx.reporter = true
	bootstrap.servers = [localhost:9092]
	client.dns.lookup = use_all_dns_ips
	client.id = Carservice-admin-0
	connections.max.idle.ms = 300000
	default.api.timeout.ms = 60000
	metadata.max.age.ms = 300000
	metric.reporters = []
	metrics.num.samples = 2
	metrics.recording.level = INFO
	metrics.sample.window.ms = 30000
	receive.buffer.bytes = 65536
	reconnect.backoff.max.ms = 1000
	reconnect.backoff.ms = 50
	request.timeout.ms = 30000
	retries = 2147483647
	retry.backoff.ms = 100
	sasl.client.callback.handler.class = null
	sasl.jaas.config = null
	sasl.kerberos.kinit.cmd = /usr/bin/kinit
	sasl.kerberos.min.time.before.relogin = 60000
	sasl.kerberos.service.name = null
	sasl.kerberos.ticket.renew.jitter = 0.05
	sasl.kerberos.ticket.renew.window.factor = 0.8
	sasl.login.callback.handler.class = null
	sasl.login.class = null
	sasl.login.connect.timeout.ms = null
	sasl.login.read.timeout.ms = null
	sasl.login.refresh.buffer.seconds = 300
	sasl.login.refresh.min.period.seconds = 60
	sasl.login.refresh.window.factor = 0.8
	sasl.login.refresh.window.jitter = 0.05
	sasl.login.retry.backoff.max.ms = 10000
	sasl.login.retry.backoff.ms = 100
	sasl.mechanism = GSSAPI
	sasl.oauthbearer.clock.skew.seconds = 30
	sasl.oauthbearer.expected.audience = null
	sasl.oauthbearer.expected.issuer = null
	sasl.oauthbearer.jwks.endpoint.refresh.ms = 3600000
	sasl.oauthbearer.jwks.endpoint.retry.backoff.max.ms = 10000
	sasl.oauthbearer.jwks.endpoint.retry.backoff.ms = 100
	sasl.oauthbearer.jwks.endpoint.url = null
	sasl.oauthbearer.scope.claim.name = scope
	sasl.oauthbearer.sub.claim.name = sub
	sasl.oauthbearer.token.endpoint.url = null
	security.protocol = PLAINTEXT
	security.providers = null
	send.buffer.bytes = 131072
	socket.connection.setup.timeout.max.ms = 30000
	socket.connection.setup.timeout.ms = 10000
	ssl.cipher.suites = null
	ssl.enabled.protocols = [TLSv1.2, TLSv1.3]
	ssl.endpoint.identification.algorithm = https
	ssl.engine.factory.class = null
	ssl.key.password = null
	ssl.keymanager.algorithm = SunX509
	ssl.keystore.certificate.chain = null
	ssl.keystore.key = null
	ssl.keystore.location = null
	ssl.keystore.password = null
	ssl.keystore.type = JKS
	ssl.protocol = TLSv1.3
	ssl.provider = null
	ssl.secure.random.implementation = null
	ssl.trustmanager.algorithm = PKIX
	ssl.truststore.certificates = null
	ssl.truststore.location = null
	ssl.truststore.password = null
	ssl.truststore.type = JKS

2025-08-11T22:58:13.600+03:00  INFO 18908 --- [Carservice] [           main] o.a.kafka.common.utils.AppInfoParser     : Kafka version: 3.4.1
2025-08-11T22:58:13.600+03:00  INFO 18908 --- [Carservice] [           main] o.a.kafka.common.utils.AppInfoParser     : Kafka commitId: 8a516edc2755df89
2025-08-11T22:58:13.600+03:00  INFO 18908 --- [Carservice] [           main] o.a.kafka.common.utils.AppInfoParser     : Kafka startTimeMs: 1754942293599
2025-08-11T22:58:13.863+03:00  INFO 18908 --- [Carservice] [service-admin-0] o.a.kafka.common.utils.AppInfoParser     : App info kafka.admin.client for Carservice-admin-0 unregistered
2025-08-11T22:58:13.866+03:00  INFO 18908 --- [Carservice] [service-admin-0] o.apache.kafka.common.metrics.Metrics    : Metrics scheduler closed
2025-08-11T22:58:13.866+03:00  INFO 18908 --- [Carservice] [service-admin-0] o.apache.kafka.common.metrics.Metrics    : Closing reporter org.apache.kafka.common.metrics.JmxReporter
2025-08-11T22:58:13.866+03:00  INFO 18908 --- [Carservice] [service-admin-0] o.apache.kafka.common.metrics.Metrics    : Metrics reporters closed
2025-08-11T22:58:13.877+03:00  INFO 18908 --- [Carservice] [           main] o.s.b.w.embedded.tomcat.TomcatWebServer  : Tomcat started on port 8081 (http) with context path '/'
2025-08-11T22:58:13.883+03:00  INFO 18908 --- [Carservice] [           main] c.Car.Carservice.CarserviceApplication   : Started CarserviceApplication in 4.092 seconds (process running for 4.401)
2025-08-11T23:06:18.190+03:00  INFO 18908 --- [Carservice] [nio-8081-exec-1] o.a.c.c.C.[Tomcat].[localhost].[/]       : Initializing Spring DispatcherServlet 'dispatcherServlet'
2025-08-11T23:06:18.199+03:00  INFO 18908 --- [Carservice] [nio-8081-exec-1] o.s.web.servlet.DispatcherServlet        : Initializing Servlet 'dispatcherServlet'
2025-08-11T23:06:18.255+03:00  INFO 18908 --- [Carservice] [nio-8081-exec-1] o.s.web.servlet.DispatcherServlet        : Completed initialization in 53 ms
[INFO] ------------------------------------------------------------------------
[INFO] BUILD FAILURE
[INFO] ------------------------------------------------------------------------
[INFO] Total time:  21:18 min
[INFO] Finished at: 2025-08-11T23:19:23+03:00
[INFO] ------------------------------------------------------------------------
[ERROR] Failed to execute goal org.springframework.boot:spring-boot-maven-plugin:3.5.3:run (default-cli) on project Carservice: Process terminated with exit code: 1 -> [Help 1]
[ERROR] 
[ERROR] To see the full stack trace of the errors, re-run Maven with the -e switch.
[ERROR] Re-run Maven using the -X switch to enable full debug logging.
[ERROR] 
[ERROR] For more information about the errors and possible solutions, please read the following articles:
[ERROR] [Help 1] http://cwiki.apache.org/confluence/display/MAVEN/MojoExecutionException
[INFO] Scanning for projects...
[INFO] 
[INFO] -------------------------< com.Car:Carservice >-------------------------
[INFO] Building Carservice 0.0.1-SNAPSHOT
[INFO]   from pom.xml
[INFO] --------------------------------[ jar ]---------------------------------
[INFO] 
[INFO] >>> spring-boot:3.5.3:run (default-cli) > test-compile @ Carservice >>>
[INFO] 
[INFO] --- resources:3.3.1:resources (default-resources) @ Carservice ---
[INFO] Copying 1 resource from src\main\resources to target\classes
[INFO] Copying 0 resource from src\main\resources to target\classes
[INFO] 
[INFO] --- compiler:3.13.0:compile (default-compile) @ Carservice ---
[INFO] Recompiling the module because of changed source code.
[INFO] Compiling 18 source files with javac [debug parameters release 23] to target\classes
[INFO] /D:/2Kurs/MaksKiano/Carservice/src/main/java/com/Car/Carservice/Security/JwtRequestFilter.java: D:\2Kurs\MaksKiano\Carservice\src\main\java\com\Car\Carservice\Security\JwtRequestFilter.java uses or overrides a deprecated API.
[INFO] /D:/2Kurs/MaksKiano/Carservice/src/main/java/com/Car/Carservice/Security/JwtRequestFilter.java: Recompile with -Xlint:deprecation for details.
[INFO] 
[INFO] --- resources:3.3.1:testResources (default-testResources) @ Carservice ---
[INFO] skip non existing resourceDirectory D:\2Kurs\MaksKiano\Carservice\src\test\resources
[INFO] 
[INFO] --- compiler:3.13.0:testCompile (default-testCompile) @ Carservice ---
[INFO] Recompiling the module because of changed dependency.
[INFO] Compiling 1 source file with javac [debug parameters release 23] to target\test-classes
[INFO] 
[INFO] <<< spring-boot:3.5.3:run (default-cli) < test-compile @ Carservice <<<
[INFO] 
[INFO] 
[INFO] --- spring-boot:3.5.3:run (default-cli) @ Carservice ---
[INFO] Attaching agents: []

  .   ____          _            __ _ _
 /\\ / ___'_ __ _ _(_)_ __  __ _ \ \ \ \
( ( )\___ | '_ | '_| | '_ \/ _` | \ \ \ \
 \\/  ___)| |_)| | | | | || (_| |  ) ) ) )
  '  |____| .__|_| |_|_| |_\__, | / / / /
 =========|_|==============|___/=/_/_/_/

 :: Spring Boot ::                (v3.5.3)

2025-08-11T23:35:26.014+03:00  INFO 11964 --- [Carservice] [           main] c.Car.Carservice.CarserviceApplication   : Starting CarserviceApplication using Java 23 with PID 11964 (D:\2Kurs\MaksKiano\Carservice\target\classes started by semka in D:\2Kurs\MaksKiano\Carservice)
2025-08-11T23:35:26.015+03:00  INFO 11964 --- [Carservice] [           main] c.Car.Carservice.CarserviceApplication   : No active profile set, falling back to 1 default profile: "default"
2025-08-11T23:35:26.595+03:00  INFO 11964 --- [Carservice] [           main] .s.d.r.c.RepositoryConfigurationDelegate : Bootstrapping Spring Data JPA repositories in DEFAULT mode.
2025-08-11T23:35:26.644+03:00  INFO 11964 --- [Carservice] [           main] .s.d.r.c.RepositoryConfigurationDelegate : Finished Spring Data repository scanning in 42 ms. Found 3 JPA repository interfaces.
2025-08-11T23:35:27.087+03:00  INFO 11964 --- [Carservice] [           main] o.s.b.w.embedded.tomcat.TomcatWebServer  : Tomcat initialized with port 8081 (http)
2025-08-11T23:35:27.100+03:00  INFO 11964 --- [Carservice] [           main] o.apache.catalina.core.StandardService   : Starting service [Tomcat]
2025-08-11T23:35:27.100+03:00  INFO 11964 --- [Carservice] [           main] o.apache.catalina.core.StandardEngine    : Starting Servlet engine: [Apache Tomcat/10.1.42]
2025-08-11T23:35:27.148+03:00  INFO 11964 --- [Carservice] [           main] o.a.c.c.C.[Tomcat].[localhost].[/]       : Initializing Spring embedded WebApplicationContext
2025-08-11T23:35:27.149+03:00  INFO 11964 --- [Carservice] [           main] w.s.c.ServletWebServerApplicationContext : Root WebApplicationContext: initialization completed in 1091 ms
2025-08-11T23:35:27.214+03:00  INFO 11964 --- [Carservice] [           main] com.zaxxer.hikari.HikariDataSource       : HikariPool-1 - Starting...
2025-08-11T23:35:27.358+03:00  INFO 11964 --- [Carservice] [           main] com.zaxxer.hikari.pool.HikariPool        : HikariPool-1 - Added connection org.postgresql.jdbc.PgConnection@2eb60c71
2025-08-11T23:35:27.360+03:00  INFO 11964 --- [Carservice] [           main] com.zaxxer.hikari.HikariDataSource       : HikariPool-1 - Start completed.
2025-08-11T23:35:27.391+03:00  INFO 11964 --- [Carservice] [           main] o.hibernate.jpa.internal.util.LogHelper  : HHH000204: Processing PersistenceUnitInfo [name: default]
2025-08-11T23:35:27.461+03:00  INFO 11964 --- [Carservice] [           main] org.hibernate.Version                    : HHH000412: Hibernate ORM core version 6.6.18.Final
2025-08-11T23:35:27.521+03:00  INFO 11964 --- [Carservice] [           main] o.h.c.internal.RegionFactoryInitiator    : HHH000026: Second-level cache disabled
2025-08-11T23:35:27.747+03:00  INFO 11964 --- [Carservice] [           main] o.s.o.j.p.SpringPersistenceUnitInfo      : No LoadTimeWeaver setup: ignoring JPA class transformer
2025-08-11T23:35:27.819+03:00  INFO 11964 --- [Carservice] [           main] org.hibernate.orm.connections.pooling    : HHH10001005: Database info:
	Database JDBC URL [Connecting through datasource 'HikariDataSource (HikariPool-1)']
	Database driver: undefined/unknown
	Database version: 17.0
	Autocommit mode: undefined/unknown
	Isolation level: undefined/unknown
	Minimum pool size: undefined/unknown
	Maximum pool size: undefined/unknown
2025-08-11T23:35:28.720+03:00  INFO 11964 --- [Carservice] [           main] o.h.e.t.j.p.i.JtaPlatformInitiator       : HHH000489: No JTA platform available (set 'hibernate.transaction.jta.platform' to enable JTA platform integration)
2025-08-11T23:35:28.723+03:00  INFO 11964 --- [Carservice] [           main] j.LocalContainerEntityManagerFactoryBean : Initialized JPA EntityManagerFactory for persistence unit 'default'
2025-08-11T23:35:29.205+03:00  WARN 11964 --- [Carservice] [           main] JpaBaseConfiguration$JpaWebConfiguration : spring.jpa.open-in-view is enabled by default. Therefore, database queries may be performed during view rendering. Explicitly configure spring.jpa.open-in-view to disable this warning
2025-08-11T23:35:29.418+03:00  INFO 11964 --- [Carservice] [           main] r$InitializeUserDetailsManagerConfigurer : Global AuthenticationManager configured with UserDetailsService bean with name userDetailsServiceImpl
2025-08-11T23:35:29.782+03:00  INFO 11964 --- [Carservice] [           main] o.a.k.clients.admin.AdminClientConfig    : AdminClientConfig values: 
	auto.include.jmx.reporter = true
	bootstrap.servers = [localhost:9092]
	client.dns.lookup = use_all_dns_ips
	client.id = Carservice-admin-0
	connections.max.idle.ms = 300000
	default.api.timeout.ms = 60000
	metadata.max.age.ms = 300000
	metric.reporters = []
	metrics.num.samples = 2
	metrics.recording.level = INFO
	metrics.sample.window.ms = 30000
	receive.buffer.bytes = 65536
	reconnect.backoff.max.ms = 1000
	reconnect.backoff.ms = 50
	request.timeout.ms = 30000
	retries = 2147483647
	retry.backoff.ms = 100
	sasl.client.callback.handler.class = null
	sasl.jaas.config = null
	sasl.kerberos.kinit.cmd = /usr/bin/kinit
	sasl.kerberos.min.time.before.relogin = 60000
	sasl.kerberos.service.name = null
	sasl.kerberos.ticket.renew.jitter = 0.05
	sasl.kerberos.ticket.renew.window.factor = 0.8
	sasl.login.callback.handler.class = null
	sasl.login.class = null
	sasl.login.connect.timeout.ms = null
	sasl.login.read.timeout.ms = null
	sasl.login.refresh.buffer.seconds = 300
	sasl.login.refresh.min.period.seconds = 60
	sasl.login.refresh.window.factor = 0.8
	sasl.login.refresh.window.jitter = 0.05
	sasl.login.retry.backoff.max.ms = 10000
	sasl.login.retry.backoff.ms = 100
	sasl.mechanism = GSSAPI
	sasl.oauthbearer.clock.skew.seconds = 30
	sasl.oauthbearer.expected.audience = null
	sasl.oauthbearer.expected.issuer = null
	sasl.oauthbearer.jwks.endpoint.refresh.ms = 3600000
	sasl.oauthbearer.jwks.endpoint.retry.backoff.max.ms = 10000
	sasl.oauthbearer.jwks.endpoint.retry.backoff.ms = 100
	sasl.oauthbearer.jwks.endpoint.url = null
	sasl.oauthbearer.scope.claim.name = scope
	sasl.oauthbearer.sub.claim.name = sub
	sasl.oauthbearer.token.endpoint.url = null
	security.protocol = PLAINTEXT
	security.providers = null
	send.buffer.bytes = 131072
	socket.connection.setup.timeout.max.ms = 30000
	socket.connection.setup.timeout.ms = 10000
	ssl.cipher.suites = null
	ssl.enabled.protocols = [TLSv1.2, TLSv1.3]
	ssl.endpoint.identification.algorithm = https
	ssl.engine.factory.class = null
	ssl.key.password = null
	ssl.keymanager.algorithm = SunX509
	ssl.keystore.certificate.chain = null
	ssl.keystore.key = null
	ssl.keystore.location = null
	ssl.keystore.password = null
	ssl.keystore.type = JKS
	ssl.protocol = TLSv1.3
	ssl.provider = null
	ssl.secure.random.implementation = null
	ssl.trustmanager.algorithm = PKIX
	ssl.truststore.certificates = null
	ssl.truststore.location = null
	ssl.truststore.password = null
	ssl.truststore.type = JKS

2025-08-11T23:35:29.937+03:00  INFO 11964 --- [Carservice] [           main] o.a.kafka.common.utils.AppInfoParser     : Kafka version: 3.4.1
2025-08-11T23:35:29.937+03:00  INFO 11964 --- [Carservice] [           main] o.a.kafka.common.utils.AppInfoParser     : Kafka commitId: 8a516edc2755df89
2025-08-11T23:35:29.937+03:00  INFO 11964 --- [Carservice] [           main] o.a.kafka.common.utils.AppInfoParser     : Kafka startTimeMs: 1754944529936
2025-08-11T23:35:30.233+03:00  INFO 11964 --- [Carservice] [service-admin-0] o.a.kafka.common.utils.AppInfoParser     : App info kafka.admin.client for Carservice-admin-0 unregistered
2025-08-11T23:35:30.237+03:00  INFO 11964 --- [Carservice] [service-admin-0] o.apache.kafka.common.metrics.Metrics    : Metrics scheduler closed
2025-08-11T23:35:30.237+03:00  INFO 11964 --- [Carservice] [service-admin-0] o.apache.kafka.common.metrics.Metrics    : Closing reporter org.apache.kafka.common.metrics.JmxReporter
2025-08-11T23:35:30.237+03:00  INFO 11964 --- [Carservice] [service-admin-0] o.apache.kafka.common.metrics.Metrics    : Metrics reporters closed
2025-08-11T23:35:30.248+03:00  INFO 11964 --- [Carservice] [           main] o.s.b.w.embedded.tomcat.TomcatWebServer  : Tomcat started on port 8081 (http) with context path '/'
2025-08-11T23:35:30.255+03:00  INFO 11964 --- [Carservice] [           main] c.Car.Carservice.CarserviceApplication   : Started CarserviceApplication in 4.592 seconds (process running for 4.887)
2025-08-11T23:36:24.076+03:00  INFO 11964 --- [Carservice] [nio-8081-exec-1] o.a.c.c.C.[Tomcat].[localhost].[/]       : Initializing Spring DispatcherServlet 'dispatcherServlet'
2025-08-11T23:36:24.077+03:00  INFO 11964 --- [Carservice] [nio-8081-exec-1] o.s.web.servlet.DispatcherServlet        : Initializing Servlet 'dispatcherServlet'
2025-08-11T23:36:24.078+03:00  INFO 11964 --- [Carservice] [nio-8081-exec-1] o.s.web.servlet.DispatcherServlet        : Completed initialization in 1 ms
[INFO] ------------------------------------------------------------------------
[INFO] BUILD FAILURE
[INFO] ------------------------------------------------------------------------
[INFO] Total time:  01:58 min
[INFO] Finished at: 2025-08-11T23:37:19+03:00
[INFO] ------------------------------------------------------------------------
[ERROR] Failed to execute goal org.springframework.boot:spring-boot-maven-plugin:3.5.3:run (default-cli) on project Carservice: Process terminated with exit code: 1 -> [Help 1]
[ERROR] 
[ERROR] To see the full stack trace of the errors, re-run Maven with the -e switch.
[ERROR] Re-run Maven using the -X switch to enable full debug logging.
[ERROR] 
[ERROR] For more information about the errors and possible solutions, please read the following articles:
[ERROR] [Help 1] http://cwiki.apache.org/confluence/display/MAVEN/MojoExecutionException
[INFO] Scanning for projects...
[INFO] 
[INFO] -------------------------< com.Car:Carservice >-------------------------
[INFO] Building Carservice 0.0.1-SNAPSHOT
[INFO]   from pom.xml
[INFO] --------------------------------[ jar ]---------------------------------
[INFO] 
[INFO] >>> spring-boot:3.5.3:run (default-cli) > test-compile @ Carservice >>>
[INFO] 
[INFO] --- resources:3.3.1:resources (default-resources) @ Carservice ---
[INFO] Copying 1 resource from src\main\resources to target\classes
[INFO] Copying 0 resource from src\main\resources to target\classes
[INFO] 
[INFO] --- compiler:3.13.0:compile (default-compile) @ Carservice ---
[INFO] Recompiling the module because of changed source code.
[INFO] Compiling 18 source files with javac [debug parameters release 23] to target\classes
[INFO] /D:/2Kurs/MaksKiano/Carservice/src/main/java/com/Car/Carservice/Security/JwtRequestFilter.java: D:\2Kurs\MaksKiano\Carservice\src\main\java\com\Car\Carservice\Security\JwtRequestFilter.java uses or overrides a deprecated API.
[INFO] /D:/2Kurs/MaksKiano/Carservice/src/main/java/com/Car/Carservice/Security/JwtRequestFilter.java: Recompile with -Xlint:deprecation for details.
[INFO] 
[INFO] --- resources:3.3.1:testResources (default-testResources) @ Carservice ---
[INFO] skip non existing resourceDirectory D:\2Kurs\MaksKiano\Carservice\src\test\resources
[INFO] 
[INFO] --- compiler:3.13.0:testCompile (default-testCompile) @ Carservice ---
[INFO] Recompiling the module because of changed dependency.
[INFO] Compiling 1 source file with javac [debug parameters release 23] to target\test-classes
[INFO] 
[INFO] <<< spring-boot:3.5.3:run (default-cli) < test-compile @ Carservice <<<
[INFO] 
[INFO] 
[INFO] --- spring-boot:3.5.3:run (default-cli) @ Carservice ---
[INFO] Attaching agents: []

  .   ____          _            __ _ _
 /\\ / ___'_ __ _ _(_)_ __  __ _ \ \ \ \
( ( )\___ | '_ | '_| | '_ \/ _` | \ \ \ \
 \\/  ___)| |_)| | | | | || (_| |  ) ) ) )
  '  |____| .__|_| |_|_| |_\__, | / / / /
 =========|_|==============|___/=/_/_/_/

 :: Spring Boot ::                (v3.5.3)

2025-08-12T16:26:02.989+03:00  INFO 25036 --- [Carservice] [           main] c.Car.Carservice.CarserviceApplication   : Starting CarserviceApplication using Java 23 with PID 25036 (D:\2Kurs\MaksKiano\Carservice\target\classes started by semka in D:\2Kurs\MaksKiano\Carservice)
2025-08-12T16:26:02.993+03:00  INFO 25036 --- [Carservice] [           main] c.Car.Carservice.CarserviceApplication   : No active profile set, falling back to 1 default profile: "default"
2025-08-12T16:26:04.234+03:00  INFO 25036 --- [Carservice] [           main] .s.d.r.c.RepositoryConfigurationDelegate : Bootstrapping Spring Data JPA repositories in DEFAULT mode.
2025-08-12T16:26:04.348+03:00  INFO 25036 --- [Carservice] [           main] .s.d.r.c.RepositoryConfigurationDelegate : Finished Spring Data repository scanning in 99 ms. Found 3 JPA repository interfaces.
2025-08-12T16:26:05.389+03:00  INFO 25036 --- [Carservice] [           main] o.s.b.w.embedded.tomcat.TomcatWebServer  : Tomcat initialized with port 8081 (http)
2025-08-12T16:26:05.424+03:00  INFO 25036 --- [Carservice] [           main] o.apache.catalina.core.StandardService   : Starting service [Tomcat]
2025-08-12T16:26:05.424+03:00  INFO 25036 --- [Carservice] [           main] o.apache.catalina.core.StandardEngine    : Starting Servlet engine: [Apache Tomcat/10.1.42]
2025-08-12T16:26:05.547+03:00  INFO 25036 --- [Carservice] [           main] o.a.c.c.C.[Tomcat].[localhost].[/]       : Initializing Spring embedded WebApplicationContext
2025-08-12T16:26:05.549+03:00  INFO 25036 --- [Carservice] [           main] w.s.c.ServletWebServerApplicationContext : Root WebApplicationContext: initialization completed in 2463 ms
2025-08-12T16:26:05.689+03:00  INFO 25036 --- [Carservice] [           main] com.zaxxer.hikari.HikariDataSource       : HikariPool-1 - Starting...
2025-08-12T16:26:06.037+03:00  INFO 25036 --- [Carservice] [           main] com.zaxxer.hikari.pool.HikariPool        : HikariPool-1 - Added connection org.postgresql.jdbc.PgConnection@a54acec
2025-08-12T16:26:06.040+03:00  INFO 25036 --- [Carservice] [           main] com.zaxxer.hikari.HikariDataSource       : HikariPool-1 - Start completed.
2025-08-12T16:26:06.104+03:00  INFO 25036 --- [Carservice] [           main] o.hibernate.jpa.internal.util.LogHelper  : HHH000204: Processing PersistenceUnitInfo [name: default]
2025-08-12T16:26:06.208+03:00  INFO 25036 --- [Carservice] [           main] org.hibernate.Version                    : HHH000412: Hibernate ORM core version 6.6.18.Final
2025-08-12T16:26:06.287+03:00  INFO 25036 --- [Carservice] [           main] o.h.c.internal.RegionFactoryInitiator    : HHH000026: Second-level cache disabled
2025-08-12T16:26:06.796+03:00  INFO 25036 --- [Carservice] [           main] o.s.o.j.p.SpringPersistenceUnitInfo      : No LoadTimeWeaver setup: ignoring JPA class transformer
2025-08-12T16:26:06.977+03:00  INFO 25036 --- [Carservice] [           main] org.hibernate.orm.connections.pooling    : HHH10001005: Database info:
	Database JDBC URL [Connecting through datasource 'HikariDataSource (HikariPool-1)']
	Database driver: undefined/unknown
	Database version: 17.0
	Autocommit mode: undefined/unknown
	Isolation level: undefined/unknown
	Minimum pool size: undefined/unknown
	Maximum pool size: undefined/unknown
2025-08-12T16:26:08.745+03:00  INFO 25036 --- [Carservice] [           main] o.h.e.t.j.p.i.JtaPlatformInitiator       : HHH000489: No JTA platform available (set 'hibernate.transaction.jta.platform' to enable JTA platform integration)
2025-08-12T16:26:08.750+03:00  INFO 25036 --- [Carservice] [           main] j.LocalContainerEntityManagerFactoryBean : Initialized JPA EntityManagerFactory for persistence unit 'default'
2025-08-12T16:26:09.729+03:00  WARN 25036 --- [Carservice] [           main] JpaBaseConfiguration$JpaWebConfiguration : spring.jpa.open-in-view is enabled by default. Therefore, database queries may be performed during view rendering. Explicitly configure spring.jpa.open-in-view to disable this warning
2025-08-12T16:26:10.288+03:00  INFO 25036 --- [Carservice] [           main] r$InitializeUserDetailsManagerConfigurer : Global AuthenticationManager configured with UserDetailsService bean with name userDetailsServiceImpl
2025-08-12T16:26:11.025+03:00  INFO 25036 --- [Carservice] [           main] o.a.k.clients.admin.AdminClientConfig    : AdminClientConfig values: 
	auto.include.jmx.reporter = true
	bootstrap.servers = [localhost:9092]
	client.dns.lookup = use_all_dns_ips
	client.id = Carservice-admin-0
	connections.max.idle.ms = 300000
	default.api.timeout.ms = 60000
	metadata.max.age.ms = 300000
	metric.reporters = []
	metrics.num.samples = 2
	metrics.recording.level = INFO
	metrics.sample.window.ms = 30000
	receive.buffer.bytes = 65536
	reconnect.backoff.max.ms = 1000
	reconnect.backoff.ms = 50
	request.timeout.ms = 30000
	retries = 2147483647
	retry.backoff.ms = 100
	sasl.client.callback.handler.class = null
	sasl.jaas.config = null
	sasl.kerberos.kinit.cmd = /usr/bin/kinit
	sasl.kerberos.min.time.before.relogin = 60000
	sasl.kerberos.service.name = null
	sasl.kerberos.ticket.renew.jitter = 0.05
	sasl.kerberos.ticket.renew.window.factor = 0.8
	sasl.login.callback.handler.class = null
	sasl.login.class = null
	sasl.login.connect.timeout.ms = null
	sasl.login.read.timeout.ms = null
	sasl.login.refresh.buffer.seconds = 300
	sasl.login.refresh.min.period.seconds = 60
	sasl.login.refresh.window.factor = 0.8
	sasl.login.refresh.window.jitter = 0.05
	sasl.login.retry.backoff.max.ms = 10000
	sasl.login.retry.backoff.ms = 100
	sasl.mechanism = GSSAPI
	sasl.oauthbearer.clock.skew.seconds = 30
	sasl.oauthbearer.expected.audience = null
	sasl.oauthbearer.expected.issuer = null
	sasl.oauthbearer.jwks.endpoint.refresh.ms = 3600000
	sasl.oauthbearer.jwks.endpoint.retry.backoff.max.ms = 10000
	sasl.oauthbearer.jwks.endpoint.retry.backoff.ms = 100
	sasl.oauthbearer.jwks.endpoint.url = null
	sasl.oauthbearer.scope.claim.name = scope
	sasl.oauthbearer.sub.claim.name = sub
	sasl.oauthbearer.token.endpoint.url = null
	security.protocol = PLAINTEXT
	security.providers = null
	send.buffer.bytes = 131072
	socket.connection.setup.timeout.max.ms = 30000
	socket.connection.setup.timeout.ms = 10000
	ssl.cipher.suites = null
	ssl.enabled.protocols = [TLSv1.2, TLSv1.3]
	ssl.endpoint.identification.algorithm = https
	ssl.engine.factory.class = null
	ssl.key.password = null
	ssl.keymanager.algorithm = SunX509
	ssl.keystore.certificate.chain = null
	ssl.keystore.key = null
	ssl.keystore.location = null
	ssl.keystore.password = null
	ssl.keystore.type = JKS
	ssl.protocol = TLSv1.3
	ssl.provider = null
	ssl.secure.random.implementation = null
	ssl.trustmanager.algorithm = PKIX
	ssl.truststore.certificates = null
	ssl.truststore.location = null
	ssl.truststore.password = null
	ssl.truststore.type = JKS

2025-08-12T16:26:11.315+03:00  INFO 25036 --- [Carservice] [           main] o.a.kafka.common.utils.AppInfoParser     : Kafka version: 3.4.1
2025-08-12T16:26:11.316+03:00  INFO 25036 --- [Carservice] [           main] o.a.kafka.common.utils.AppInfoParser     : Kafka commitId: 8a516edc2755df89
2025-08-12T16:26:11.316+03:00  INFO 25036 --- [Carservice] [           main] o.a.kafka.common.utils.AppInfoParser     : Kafka startTimeMs: 1755005171313
2025-08-12T16:26:11.889+03:00  INFO 25036 --- [Carservice] [service-admin-0] o.a.kafka.common.utils.AppInfoParser     : App info kafka.admin.client for Carservice-admin-0 unregistered
2025-08-12T16:26:11.899+03:00  INFO 25036 --- [Carservice] [service-admin-0] o.apache.kafka.common.metrics.Metrics    : Metrics scheduler closed
2025-08-12T16:26:11.899+03:00  INFO 25036 --- [Carservice] [service-admin-0] o.apache.kafka.common.metrics.Metrics    : Closing reporter org.apache.kafka.common.metrics.JmxReporter
2025-08-12T16:26:11.899+03:00  INFO 25036 --- [Carservice] [service-admin-0] o.apache.kafka.common.metrics.Metrics    : Metrics reporters closed
2025-08-12T16:26:11.927+03:00  INFO 25036 --- [Carservice] [           main] o.s.b.w.embedded.tomcat.TomcatWebServer  : Tomcat started on port 8081 (http) with context path '/'
2025-08-12T16:26:11.940+03:00  INFO 25036 --- [Carservice] [           main] c.Car.Carservice.CarserviceApplication   : Started CarserviceApplication in 9.732 seconds (process running for 10.42)
2025-08-12T16:27:30.059+03:00  INFO 25036 --- [Carservice] [nio-8081-exec-1] o.a.c.c.C.[Tomcat].[localhost].[/]       : Initializing Spring DispatcherServlet 'dispatcherServlet'
2025-08-12T16:27:30.060+03:00  INFO 25036 --- [Carservice] [nio-8081-exec-1] o.s.web.servlet.DispatcherServlet        : Initializing Servlet 'dispatcherServlet'
2025-08-12T16:27:30.062+03:00  INFO 25036 --- [Carservice] [nio-8081-exec-1] o.s.web.servlet.DispatcherServlet        : Completed initialization in 2 ms
[INFO] ------------------------------------------------------------------------
[INFO] BUILD FAILURE
[INFO] ------------------------------------------------------------------------
[INFO] Total time:  08:01 min
[INFO] Finished at: 2025-08-12T16:33:52+03:00
[INFO] ------------------------------------------------------------------------
[ERROR] Failed to execute goal org.springframework.boot:spring-boot-maven-plugin:3.5.3:run (default-cli) on project Carservice: Process terminated with exit code: 1 -> [Help 1]
[ERROR] 
[ERROR] To see the full stack trace of the errors, re-run Maven with the -e switch.
[ERROR] Re-run Maven using the -X switch to enable full debug logging.
[ERROR] 
[ERROR] For more information about the errors and possible solutions, please read the following articles:
[ERROR] [Help 1] http://cwiki.apache.org/confluence/display/MAVEN/MojoExecutionException
[INFO] Scanning for projects...
[INFO] 
[INFO] -------------------------< com.Car:Carservice >-------------------------
[INFO] Building Carservice 0.0.1-SNAPSHOT
[INFO]   from pom.xml
[INFO] --------------------------------[ jar ]---------------------------------
[INFO] 
[INFO] >>> spring-boot:3.5.3:run (default-cli) > test-compile @ Carservice >>>
[INFO] 
[INFO] --- resources:3.3.1:resources (default-resources) @ Carservice ---
[INFO] Copying 1 resource from src\main\resources to target\classes
[INFO] Copying 0 resource from src\main\resources to target\classes
[INFO] 
[INFO] --- compiler:3.13.0:compile (default-compile) @ Carservice ---
[INFO] Recompiling the module because of changed source code.
[INFO] Compiling 18 source files with javac [debug parameters release 23] to target\classes
[INFO] /D:/2Kurs/MaksKiano/Carservice/src/main/java/com/Car/Carservice/Security/JwtRequestFilter.java: D:\2Kurs\MaksKiano\Carservice\src\main\java\com\Car\Carservice\Security\JwtRequestFilter.java uses or overrides a deprecated API.
[INFO] /D:/2Kurs/MaksKiano/Carservice/src/main/java/com/Car/Carservice/Security/JwtRequestFilter.java: Recompile with -Xlint:deprecation for details.
[INFO] 
[INFO] --- resources:3.3.1:testResources (default-testResources) @ Carservice ---
[INFO] skip non existing resourceDirectory D:\2Kurs\MaksKiano\Carservice\src\test\resources
[INFO] 
[INFO] --- compiler:3.13.0:testCompile (default-testCompile) @ Carservice ---
[INFO] Recompiling the module because of changed dependency.
[INFO] Compiling 1 source file with javac [debug parameters release 23] to target\test-classes
[INFO] 
[INFO] <<< spring-boot:3.5.3:run (default-cli) < test-compile @ Carservice <<<
[INFO] 
[INFO] 
[INFO] --- spring-boot:3.5.3:run (default-cli) @ Carservice ---
[INFO] Attaching agents: []

  .   ____          _            __ _ _
 /\\ / ___'_ __ _ _(_)_ __  __ _ \ \ \ \
( ( )\___ | '_ | '_| | '_ \/ _` | \ \ \ \
 \\/  ___)| |_)| | | | | || (_| |  ) ) ) )
  '  |____| .__|_| |_|_| |_\__, | / / / /
 =========|_|==============|___/=/_/_/_/

 :: Spring Boot ::                (v3.5.3)

2025-08-12T16:37:54.463+03:00  INFO 17908 --- [Carservice] [           main] c.Car.Carservice.CarserviceApplication   : Starting CarserviceApplication using Java 23 with PID 17908 (D:\2Kurs\MaksKiano\Carservice\target\classes started by semka in D:\2Kurs\MaksKiano\Carservice)
2025-08-12T16:37:54.466+03:00  INFO 17908 --- [Carservice] [           main] c.Car.Carservice.CarserviceApplication   : No active profile set, falling back to 1 default profile: "default"
2025-08-12T16:37:55.685+03:00  INFO 17908 --- [Carservice] [           main] .s.d.r.c.RepositoryConfigurationDelegate : Bootstrapping Spring Data JPA repositories in DEFAULT mode.
2025-08-12T16:37:55.797+03:00  INFO 17908 --- [Carservice] [           main] .s.d.r.c.RepositoryConfigurationDelegate : Finished Spring Data repository scanning in 95 ms. Found 3 JPA repository interfaces.
2025-08-12T16:37:56.800+03:00  INFO 17908 --- [Carservice] [           main] o.s.b.w.embedded.tomcat.TomcatWebServer  : Tomcat initialized with port 8081 (http)
2025-08-12T16:37:56.831+03:00  INFO 17908 --- [Carservice] [           main] o.apache.catalina.core.StandardService   : Starting service [Tomcat]
2025-08-12T16:37:56.831+03:00  INFO 17908 --- [Carservice] [           main] o.apache.catalina.core.StandardEngine    : Starting Servlet engine: [Apache Tomcat/10.1.42]
2025-08-12T16:37:56.961+03:00  INFO 17908 --- [Carservice] [           main] o.a.c.c.C.[Tomcat].[localhost].[/]       : Initializing Spring embedded WebApplicationContext
2025-08-12T16:37:56.963+03:00  INFO 17908 --- [Carservice] [           main] w.s.c.ServletWebServerApplicationContext : Root WebApplicationContext: initialization completed in 2401 ms
2025-08-12T16:37:57.111+03:00  INFO 17908 --- [Carservice] [           main] com.zaxxer.hikari.HikariDataSource       : HikariPool-1 - Starting...
2025-08-12T16:37:57.555+03:00  INFO 17908 --- [Carservice] [           main] com.zaxxer.hikari.pool.HikariPool        : HikariPool-1 - Added connection org.postgresql.jdbc.PgConnection@a54acec
2025-08-12T16:37:57.558+03:00  INFO 17908 --- [Carservice] [           main] com.zaxxer.hikari.HikariDataSource       : HikariPool-1 - Start completed.
2025-08-12T16:37:57.638+03:00  INFO 17908 --- [Carservice] [           main] o.hibernate.jpa.internal.util.LogHelper  : HHH000204: Processing PersistenceUnitInfo [name: default]
2025-08-12T16:37:57.764+03:00  INFO 17908 --- [Carservice] [           main] org.hibernate.Version                    : HHH000412: Hibernate ORM core version 6.6.18.Final
2025-08-12T16:37:57.861+03:00  INFO 17908 --- [Carservice] [           main] o.h.c.internal.RegionFactoryInitiator    : HHH000026: Second-level cache disabled
2025-08-12T16:37:58.347+03:00  INFO 17908 --- [Carservice] [           main] o.s.o.j.p.SpringPersistenceUnitInfo      : No LoadTimeWeaver setup: ignoring JPA class transformer
2025-08-12T16:37:58.550+03:00  INFO 17908 --- [Carservice] [           main] org.hibernate.orm.connections.pooling    : HHH10001005: Database info:
	Database JDBC URL [Connecting through datasource 'HikariDataSource (HikariPool-1)']
	Database driver: undefined/unknown
	Database version: 17.0
	Autocommit mode: undefined/unknown
	Isolation level: undefined/unknown
	Minimum pool size: undefined/unknown
	Maximum pool size: undefined/unknown
2025-08-12T16:38:00.370+03:00  INFO 17908 --- [Carservice] [           main] o.h.e.t.j.p.i.JtaPlatformInitiator       : HHH000489: No JTA platform available (set 'hibernate.transaction.jta.platform' to enable JTA platform integration)
2025-08-12T16:38:00.374+03:00  INFO 17908 --- [Carservice] [           main] j.LocalContainerEntityManagerFactoryBean : Initialized JPA EntityManagerFactory for persistence unit 'default'
2025-08-12T16:38:01.304+03:00  WARN 17908 --- [Carservice] [           main] JpaBaseConfiguration$JpaWebConfiguration : spring.jpa.open-in-view is enabled by default. Therefore, database queries may be performed during view rendering. Explicitly configure spring.jpa.open-in-view to disable this warning
2025-08-12T16:38:01.640+03:00  INFO 17908 --- [Carservice] [           main] r$InitializeUserDetailsManagerConfigurer : Global AuthenticationManager configured with UserDetailsService bean with name userDetailsServiceImpl
2025-08-12T16:38:02.226+03:00  INFO 17908 --- [Carservice] [           main] o.a.k.clients.admin.AdminClientConfig    : AdminClientConfig values: 
	auto.include.jmx.reporter = true
	bootstrap.servers = [localhost:9092]
	client.dns.lookup = use_all_dns_ips
	client.id = Carservice-admin-0
	connections.max.idle.ms = 300000
	default.api.timeout.ms = 60000
	metadata.max.age.ms = 300000
	metric.reporters = []
	metrics.num.samples = 2
	metrics.recording.level = INFO
	metrics.sample.window.ms = 30000
	receive.buffer.bytes = 65536
	reconnect.backoff.max.ms = 1000
	reconnect.backoff.ms = 50
	request.timeout.ms = 30000
	retries = 2147483647
	retry.backoff.ms = 100
	sasl.client.callback.handler.class = null
	sasl.jaas.config = null
	sasl.kerberos.kinit.cmd = /usr/bin/kinit
	sasl.kerberos.min.time.before.relogin = 60000
	sasl.kerberos.service.name = null
	sasl.kerberos.ticket.renew.jitter = 0.05
	sasl.kerberos.ticket.renew.window.factor = 0.8
	sasl.login.callback.handler.class = null
	sasl.login.class = null
	sasl.login.connect.timeout.ms = null
	sasl.login.read.timeout.ms = null
	sasl.login.refresh.buffer.seconds = 300
	sasl.login.refresh.min.period.seconds = 60
	sasl.login.refresh.window.factor = 0.8
	sasl.login.refresh.window.jitter = 0.05
	sasl.login.retry.backoff.max.ms = 10000
	sasl.login.retry.backoff.ms = 100
	sasl.mechanism = GSSAPI
	sasl.oauthbearer.clock.skew.seconds = 30
	sasl.oauthbearer.expected.audience = null
	sasl.oauthbearer.expected.issuer = null
	sasl.oauthbearer.jwks.endpoint.refresh.ms = 3600000
	sasl.oauthbearer.jwks.endpoint.retry.backoff.max.ms = 10000
	sasl.oauthbearer.jwks.endpoint.retry.backoff.ms = 100
	sasl.oauthbearer.jwks.endpoint.url = null
	sasl.oauthbearer.scope.claim.name = scope
	sasl.oauthbearer.sub.claim.name = sub
	sasl.oauthbearer.token.endpoint.url = null
	security.protocol = PLAINTEXT
	security.providers = null
	send.buffer.bytes = 131072
	socket.connection.setup.timeout.max.ms = 30000
	socket.connection.setup.timeout.ms = 10000
	ssl.cipher.suites = null
	ssl.enabled.protocols = [TLSv1.2, TLSv1.3]
	ssl.endpoint.identification.algorithm = https
	ssl.engine.factory.class = null
	ssl.key.password = null
	ssl.keymanager.algorithm = SunX509
	ssl.keystore.certificate.chain = null
	ssl.keystore.key = null
	ssl.keystore.location = null
	ssl.keystore.password = null
	ssl.keystore.type = JKS
	ssl.protocol = TLSv1.3
	ssl.provider = null
	ssl.secure.random.implementation = null
	ssl.trustmanager.algorithm = PKIX
	ssl.truststore.certificates = null
	ssl.truststore.location = null
	ssl.truststore.password = null
	ssl.truststore.type = JKS

2025-08-12T16:38:02.514+03:00  INFO 17908 --- [Carservice] [           main] o.a.kafka.common.utils.AppInfoParser     : Kafka version: 3.4.1
2025-08-12T16:38:02.514+03:00  INFO 17908 --- [Carservice] [           main] o.a.kafka.common.utils.AppInfoParser     : Kafka commitId: 8a516edc2755df89
2025-08-12T16:38:02.514+03:00  INFO 17908 --- [Carservice] [           main] o.a.kafka.common.utils.AppInfoParser     : Kafka startTimeMs: 1755005882512
2025-08-12T16:38:02.536+03:00  INFO 17908 --- [Carservice] [service-admin-0] org.apache.kafka.clients.NetworkClient   : [AdminClient clientId=Carservice-admin-0] Node -1 disconnected.
2025-08-12T16:38:02.539+03:00  WARN 17908 --- [Carservice] [service-admin-0] org.apache.kafka.clients.NetworkClient   : [AdminClient clientId=Carservice-admin-0] Connection to node -1 (localhost/127.0.0.1:9092) could not be established. Broker may not be available.
2025-08-12T16:38:02.644+03:00  INFO 17908 --- [Carservice] [service-admin-0] org.apache.kafka.clients.NetworkClient   : [AdminClient clientId=Carservice-admin-0] Node -1 disconnected.
2025-08-12T16:38:02.644+03:00  WARN 17908 --- [Carservice] [service-admin-0] org.apache.kafka.clients.NetworkClient   : [AdminClient clientId=Carservice-admin-0] Connection to node -1 (localhost/127.0.0.1:9092) could not be established. Broker may not be available.
2025-08-12T16:38:02.755+03:00  INFO 17908 --- [Carservice] [service-admin-0] org.apache.kafka.clients.NetworkClient   : [AdminClient clientId=Carservice-admin-0] Node -1 disconnected.
2025-08-12T16:38:02.756+03:00  WARN 17908 --- [Carservice] [service-admin-0] org.apache.kafka.clients.NetworkClient   : [AdminClient clientId=Carservice-admin-0] Connection to node -1 (localhost/127.0.0.1:9092) could not be established. Broker may not be available.
2025-08-12T16:38:02.973+03:00  INFO 17908 --- [Carservice] [service-admin-0] org.apache.kafka.clients.NetworkClient   : [AdminClient clientId=Carservice-admin-0] Node -1 disconnected.
2025-08-12T16:38:02.974+03:00  WARN 17908 --- [Carservice] [service-admin-0] org.apache.kafka.clients.NetworkClient   : [AdminClient clientId=Carservice-admin-0] Connection to node -1 (localhost/127.0.0.1:9092) could not be established. Broker may not be available.
2025-08-12T16:38:03.410+03:00  INFO 17908 --- [Carservice] [service-admin-0] org.apache.kafka.clients.NetworkClient   : [AdminClient clientId=Carservice-admin-0] Node -1 disconnected.
2025-08-12T16:38:03.411+03:00  WARN 17908 --- [Carservice] [service-admin-0] org.apache.kafka.clients.NetworkClient   : [AdminClient clientId=Carservice-admin-0] Connection to node -1 (localhost/127.0.0.1:9092) could not be established. Broker may not be available.
2025-08-12T16:38:04.293+03:00  INFO 17908 --- [Carservice] [service-admin-0] org.apache.kafka.clients.NetworkClient   : [AdminClient clientId=Carservice-admin-0] Node -1 disconnected.
2025-08-12T16:38:04.294+03:00  WARN 17908 --- [Carservice] [service-admin-0] org.apache.kafka.clients.NetworkClient   : [AdminClient clientId=Carservice-admin-0] Connection to node -1 (localhost/127.0.0.1:9092) could not be established. Broker may not be available.
2025-08-12T16:38:05.511+03:00  INFO 17908 --- [Carservice] [service-admin-0] org.apache.kafka.clients.NetworkClient   : [AdminClient clientId=Carservice-admin-0] Node -1 disconnected.
2025-08-12T16:38:05.511+03:00  WARN 17908 --- [Carservice] [service-admin-0] org.apache.kafka.clients.NetworkClient   : [AdminClient clientId=Carservice-admin-0] Connection to node -1 (localhost/127.0.0.1:9092) could not be established. Broker may not be available.
2025-08-12T16:38:06.397+03:00  INFO 17908 --- [Carservice] [service-admin-0] org.apache.kafka.clients.NetworkClient   : [AdminClient clientId=Carservice-admin-0] Node -1 disconnected.
2025-08-12T16:38:06.398+03:00  WARN 17908 --- [Carservice] [service-admin-0] org.apache.kafka.clients.NetworkClient   : [AdminClient clientId=Carservice-admin-0] Connection to node -1 (localhost/127.0.0.1:9092) could not be established. Broker may not be available.
2025-08-12T16:38:07.615+03:00  INFO 17908 --- [Carservice] [service-admin-0] org.apache.kafka.clients.NetworkClient   : [AdminClient clientId=Carservice-admin-0] Node -1 disconnected.
2025-08-12T16:38:07.616+03:00  WARN 17908 --- [Carservice] [service-admin-0] org.apache.kafka.clients.NetworkClient   : [AdminClient clientId=Carservice-admin-0] Connection to node -1 (localhost/127.0.0.1:9092) could not be established. Broker may not be available.
2025-08-12T16:38:08.494+03:00  INFO 17908 --- [Carservice] [service-admin-0] org.apache.kafka.clients.NetworkClient   : [AdminClient clientId=Carservice-admin-0] Node -1 disconnected.
2025-08-12T16:38:08.494+03:00  WARN 17908 --- [Carservice] [service-admin-0] org.apache.kafka.clients.NetworkClient   : [AdminClient clientId=Carservice-admin-0] Connection to node -1 (localhost/127.0.0.1:9092) could not be established. Broker may not be available.
2025-08-12T16:38:09.479+03:00  INFO 17908 --- [Carservice] [service-admin-0] org.apache.kafka.clients.NetworkClient   : [AdminClient clientId=Carservice-admin-0] Node -1 disconnected.
2025-08-12T16:38:09.479+03:00  WARN 17908 --- [Carservice] [service-admin-0] org.apache.kafka.clients.NetworkClient   : [AdminClient clientId=Carservice-admin-0] Connection to node -1 (localhost/127.0.0.1:9092) could not be established. Broker may not be available.
2025-08-12T16:38:10.686+03:00  INFO 17908 --- [Carservice] [service-admin-0] org.apache.kafka.clients.NetworkClient   : [AdminClient clientId=Carservice-admin-0] Node -1 disconnected.
2025-08-12T16:38:10.687+03:00  WARN 17908 --- [Carservice] [service-admin-0] org.apache.kafka.clients.NetworkClient   : [AdminClient clientId=Carservice-admin-0] Connection to node -1 (localhost/127.0.0.1:9092) could not be established. Broker may not be available.
2025-08-12T16:38:11.775+03:00  INFO 17908 --- [Carservice] [service-admin-0] org.apache.kafka.clients.NetworkClient   : [AdminClient clientId=Carservice-admin-0] Node -1 disconnected.
2025-08-12T16:38:11.775+03:00  WARN 17908 --- [Carservice] [service-admin-0] org.apache.kafka.clients.NetworkClient   : [AdminClient clientId=Carservice-admin-0] Connection to node -1 (localhost/127.0.0.1:9092) could not be established. Broker may not be available.
2025-08-12T16:38:12.757+03:00  INFO 17908 --- [Carservice] [service-admin-0] org.apache.kafka.clients.NetworkClient   : [AdminClient clientId=Carservice-admin-0] Node -1 disconnected.
2025-08-12T16:38:12.758+03:00  WARN 17908 --- [Carservice] [service-admin-0] org.apache.kafka.clients.NetworkClient   : [AdminClient clientId=Carservice-admin-0] Connection to node -1 (localhost/127.0.0.1:9092) could not be established. Broker may not be available.
2025-08-12T16:38:13.631+03:00  INFO 17908 --- [Carservice] [service-admin-0] org.apache.kafka.clients.NetworkClient   : [AdminClient clientId=Carservice-admin-0] Node -1 disconnected.
2025-08-12T16:38:13.632+03:00  WARN 17908 --- [Carservice] [service-admin-0] org.apache.kafka.clients.NetworkClient   : [AdminClient clientId=Carservice-admin-0] Connection to node -1 (localhost/127.0.0.1:9092) could not be established. Broker may not be available.
2025-08-12T16:38:14.722+03:00  INFO 17908 --- [Carservice] [service-admin-0] org.apache.kafka.clients.NetworkClient   : [AdminClient clientId=Carservice-admin-0] Node -1 disconnected.
2025-08-12T16:38:14.722+03:00  WARN 17908 --- [Carservice] [service-admin-0] org.apache.kafka.clients.NetworkClient   : [AdminClient clientId=Carservice-admin-0] Connection to node -1 (localhost/127.0.0.1:9092) could not be established. Broker may not be available.
2025-08-12T16:38:15.811+03:00  INFO 17908 --- [Carservice] [service-admin-0] org.apache.kafka.clients.NetworkClient   : [AdminClient clientId=Carservice-admin-0] Node -1 disconnected.
2025-08-12T16:38:15.812+03:00  WARN 17908 --- [Carservice] [service-admin-0] org.apache.kafka.clients.NetworkClient   : [AdminClient clientId=Carservice-admin-0] Connection to node -1 (localhost/127.0.0.1:9092) could not be established. Broker may not be available.
2025-08-12T16:38:16.788+03:00  INFO 17908 --- [Carservice] [service-admin-0] org.apache.kafka.clients.NetworkClient   : [AdminClient clientId=Carservice-admin-0] Node -1 disconnected.
2025-08-12T16:38:16.789+03:00  WARN 17908 --- [Carservice] [service-admin-0] org.apache.kafka.clients.NetworkClient   : [AdminClient clientId=Carservice-admin-0] Connection to node -1 (localhost/127.0.0.1:9092) could not be established. Broker may not be available.
2025-08-12T16:38:17.875+03:00  INFO 17908 --- [Carservice] [service-admin-0] org.apache.kafka.clients.NetworkClient   : [AdminClient clientId=Carservice-admin-0] Node -1 disconnected.
2025-08-12T16:38:17.876+03:00  WARN 17908 --- [Carservice] [service-admin-0] org.apache.kafka.clients.NetworkClient   : [AdminClient clientId=Carservice-admin-0] Connection to node -1 (localhost/127.0.0.1:9092) could not be established. Broker may not be available.
2025-08-12T16:38:19.074+03:00  INFO 17908 --- [Carservice] [service-admin-0] org.apache.kafka.clients.NetworkClient   : [AdminClient clientId=Carservice-admin-0] Node -1 disconnected.
2025-08-12T16:38:19.074+03:00  WARN 17908 --- [Carservice] [service-admin-0] org.apache.kafka.clients.NetworkClient   : [AdminClient clientId=Carservice-admin-0] Connection to node -1 (localhost/127.0.0.1:9092) could not be established. Broker may not be available.
2025-08-12T16:38:20.162+03:00  INFO 17908 --- [Carservice] [service-admin-0] org.apache.kafka.clients.NetworkClient   : [AdminClient clientId=Carservice-admin-0] Node -1 disconnected.
2025-08-12T16:38:20.163+03:00  WARN 17908 --- [Carservice] [service-admin-0] org.apache.kafka.clients.NetworkClient   : [AdminClient clientId=Carservice-admin-0] Connection to node -1 (localhost/127.0.0.1:9092) could not be established. Broker may not be available.
2025-08-12T16:38:21.372+03:00  INFO 17908 --- [Carservice] [service-admin-0] org.apache.kafka.clients.NetworkClient   : [AdminClient clientId=Carservice-admin-0] Node -1 disconnected.
2025-08-12T16:38:21.373+03:00  WARN 17908 --- [Carservice] [service-admin-0] org.apache.kafka.clients.NetworkClient   : [AdminClient clientId=Carservice-admin-0] Connection to node -1 (localhost/127.0.0.1:9092) could not be established. Broker may not be available.
2025-08-12T16:38:22.470+03:00  INFO 17908 --- [Carservice] [service-admin-0] org.apache.kafka.clients.NetworkClient   : [AdminClient clientId=Carservice-admin-0] Node -1 disconnected.
2025-08-12T16:38:22.470+03:00  WARN 17908 --- [Carservice] [service-admin-0] org.apache.kafka.clients.NetworkClient   : [AdminClient clientId=Carservice-admin-0] Connection to node -1 (localhost/127.0.0.1:9092) could not be established. Broker may not be available.
2025-08-12T16:38:23.569+03:00  INFO 17908 --- [Carservice] [service-admin-0] org.apache.kafka.clients.NetworkClient   : [AdminClient clientId=Carservice-admin-0] Node -1 disconnected.
2025-08-12T16:38:23.570+03:00  WARN 17908 --- [Carservice] [service-admin-0] org.apache.kafka.clients.NetworkClient   : [AdminClient clientId=Carservice-admin-0] Connection to node -1 (localhost/127.0.0.1:9092) could not be established. Broker may not be available.
2025-08-12T16:38:24.776+03:00  INFO 17908 --- [Carservice] [service-admin-0] org.apache.kafka.clients.NetworkClient   : [AdminClient clientId=Carservice-admin-0] Node -1 disconnected.
2025-08-12T16:38:24.776+03:00  WARN 17908 --- [Carservice] [service-admin-0] org.apache.kafka.clients.NetworkClient   : [AdminClient clientId=Carservice-admin-0] Connection to node -1 (localhost/127.0.0.1:9092) could not be established. Broker may not be available.
2025-08-12T16:38:26.513+03:00  INFO 17908 --- [Carservice] [service-admin-0] o.a.kafka.common.utils.AppInfoParser     : App info kafka.admin.client for Carservice-admin-0 unregistered
2025-08-12T16:38:26.519+03:00  INFO 17908 --- [Carservice] [service-admin-0] o.apache.kafka.common.metrics.Metrics    : Metrics scheduler closed
2025-08-12T16:38:26.520+03:00  INFO 17908 --- [Carservice] [service-admin-0] o.apache.kafka.common.metrics.Metrics    : Closing reporter org.apache.kafka.common.metrics.JmxReporter
2025-08-12T16:38:26.520+03:00  INFO 17908 --- [Carservice] [service-admin-0] o.apache.kafka.common.metrics.Metrics    : Metrics reporters closed
2025-08-12T16:38:26.547+03:00  INFO 17908 --- [Carservice] [           main] o.s.b.w.embedded.tomcat.TomcatWebServer  : Tomcat started on port 8081 (http) with context path '/'
2025-08-12T16:38:26.559+03:00  INFO 17908 --- [Carservice] [           main] c.Car.Carservice.CarserviceApplication   : Started CarserviceApplication in 32.908 seconds (process running for 33.616)
2025-08-12T16:40:56.377+03:00  INFO 17908 --- [Carservice] [nio-8081-exec-1] o.a.c.c.C.[Tomcat].[localhost].[/]       : Initializing Spring DispatcherServlet 'dispatcherServlet'
2025-08-12T16:40:56.377+03:00  INFO 17908 --- [Carservice] [nio-8081-exec-1] o.s.web.servlet.DispatcherServlet        : Initializing Servlet 'dispatcherServlet'
2025-08-12T16:40:56.380+03:00  INFO 17908 --- [Carservice] [nio-8081-exec-1] o.s.web.servlet.DispatcherServlet        : Completed initialization in 2 ms
[INFO] ------------------------------------------------------------------------
[INFO] BUILD FAILURE
[INFO] ------------------------------------------------------------------------
[INFO] Total time:  06:54 min
[INFO] Finished at: 2025-08-12T16:44:37+03:00
[INFO] ------------------------------------------------------------------------
[ERROR] Failed to execute goal org.springframework.boot:spring-boot-maven-plugin:3.5.3:run (default-cli) on project Carservice: Process terminated with exit code: 1 -> [Help 1]
[ERROR] 
[ERROR] To see the full stack trace of the errors, re-run Maven with the -e switch.
[ERROR] Re-run Maven using the -X switch to enable full debug logging.
[ERROR] 
[ERROR] For more information about the errors and possible solutions, please read the following articles:
[ERROR] [Help 1] http://cwiki.apache.org/confluence/display/MAVEN/MojoExecutionException
[INFO] Scanning for projects...
[INFO] 
[INFO] -------------------------< com.Car:Carservice >-------------------------
[INFO] Building Carservice 0.0.1-SNAPSHOT
[INFO]   from pom.xml
[INFO] --------------------------------[ jar ]---------------------------------
[INFO] 
[INFO] >>> spring-boot:3.5.3:run (default-cli) > test-compile @ Carservice >>>
[INFO] 
[INFO] --- resources:3.3.1:resources (default-resources) @ Carservice ---
[INFO] Copying 1 resource from src\main\resources to target\classes
[INFO] Copying 0 resource from src\main\resources to target\classes
[INFO] 
[INFO] --- compiler:3.13.0:compile (default-compile) @ Carservice ---
[INFO] Recompiling the module because of changed source code.
[INFO] Compiling 18 source files with javac [debug parameters release 23] to target\classes
[INFO] /D:/2Kurs/MaksKiano/Carservice/src/main/java/com/Car/Carservice/Security/JwtRequestFilter.java: D:\2Kurs\MaksKiano\Carservice\src\main\java\com\Car\Carservice\Security\JwtRequestFilter.java uses or overrides a deprecated API.
[INFO] /D:/2Kurs/MaksKiano/Carservice/src/main/java/com/Car/Carservice/Security/JwtRequestFilter.java: Recompile with -Xlint:deprecation for details.
[INFO] 
[INFO] --- resources:3.3.1:testResources (default-testResources) @ Carservice ---
[INFO] skip non existing resourceDirectory D:\2Kurs\MaksKiano\Carservice\src\test\resources
[INFO] 
[INFO] --- compiler:3.13.0:testCompile (default-testCompile) @ Carservice ---
[INFO] Recompiling the module because of changed dependency.
[INFO] Compiling 1 source file with javac [debug parameters release 23] to target\test-classes
[INFO] 
[INFO] <<< spring-boot:3.5.3:run (default-cli) < test-compile @ Carservice <<<
[INFO] 
[INFO] 
[INFO] --- spring-boot:3.5.3:run (default-cli) @ Carservice ---
[INFO] Attaching agents: []

  .   ____          _            __ _ _
 /\\ / ___'_ __ _ _(_)_ __  __ _ \ \ \ \
( ( )\___ | '_ | '_| | '_ \/ _` | \ \ \ \
 \\/  ___)| |_)| | | | | || (_| |  ) ) ) )
  '  |____| .__|_| |_|_| |_\__, | / / / /
 =========|_|==============|___/=/_/_/_/

 :: Spring Boot ::                (v3.5.3)

2025-08-12T16:56:18.005+03:00  INFO 11684 --- [Carservice] [           main] c.Car.Carservice.CarserviceApplication   : Starting CarserviceApplication using Java 23 with PID 11684 (D:\2Kurs\MaksKiano\Carservice\target\classes started by semka in D:\2Kurs\MaksKiano\Carservice)
2025-08-12T16:56:18.008+03:00  INFO 11684 --- [Carservice] [           main] c.Car.Carservice.CarserviceApplication   : No active profile set, falling back to 1 default profile: "default"
2025-08-12T16:56:19.232+03:00  INFO 11684 --- [Carservice] [           main] .s.d.r.c.RepositoryConfigurationDelegate : Bootstrapping Spring Data JPA repositories in DEFAULT mode.
2025-08-12T16:56:19.341+03:00  INFO 11684 --- [Carservice] [           main] .s.d.r.c.RepositoryConfigurationDelegate : Finished Spring Data repository scanning in 93 ms. Found 3 JPA repository interfaces.
2025-08-12T16:56:20.383+03:00  INFO 11684 --- [Carservice] [           main] o.s.b.w.embedded.tomcat.TomcatWebServer  : Tomcat initialized with port 8081 (http)
2025-08-12T16:56:20.409+03:00  INFO 11684 --- [Carservice] [           main] o.apache.catalina.core.StandardService   : Starting service [Tomcat]
2025-08-12T16:56:20.410+03:00  INFO 11684 --- [Carservice] [           main] o.apache.catalina.core.StandardEngine    : Starting Servlet engine: [Apache Tomcat/10.1.42]
2025-08-12T16:56:20.512+03:00  INFO 11684 --- [Carservice] [           main] o.a.c.c.C.[Tomcat].[localhost].[/]       : Initializing Spring embedded WebApplicationContext
2025-08-12T16:56:20.514+03:00  INFO 11684 --- [Carservice] [           main] w.s.c.ServletWebServerApplicationContext : Root WebApplicationContext: initialization completed in 2415 ms
2025-08-12T16:56:20.679+03:00  INFO 11684 --- [Carservice] [           main] com.zaxxer.hikari.HikariDataSource       : HikariPool-1 - Starting...
2025-08-12T16:56:20.998+03:00  INFO 11684 --- [Carservice] [           main] com.zaxxer.hikari.pool.HikariPool        : HikariPool-1 - Added connection org.postgresql.jdbc.PgConnection@2eb60c71
2025-08-12T16:56:21.001+03:00  INFO 11684 --- [Carservice] [           main] com.zaxxer.hikari.HikariDataSource       : HikariPool-1 - Start completed.
2025-08-12T16:56:21.080+03:00  INFO 11684 --- [Carservice] [           main] o.hibernate.jpa.internal.util.LogHelper  : HHH000204: Processing PersistenceUnitInfo [name: default]
2025-08-12T16:56:21.213+03:00  INFO 11684 --- [Carservice] [           main] org.hibernate.Version                    : HHH000412: Hibernate ORM core version 6.6.18.Final
2025-08-12T16:56:21.304+03:00  INFO 11684 --- [Carservice] [           main] o.h.c.internal.RegionFactoryInitiator    : HHH000026: Second-level cache disabled
2025-08-12T16:56:21.792+03:00  INFO 11684 --- [Carservice] [           main] o.s.o.j.p.SpringPersistenceUnitInfo      : No LoadTimeWeaver setup: ignoring JPA class transformer
2025-08-12T16:56:21.949+03:00  INFO 11684 --- [Carservice] [           main] org.hibernate.orm.connections.pooling    : HHH10001005: Database info:
	Database JDBC URL [Connecting through datasource 'HikariDataSource (HikariPool-1)']
	Database driver: undefined/unknown
	Database version: 17.0
	Autocommit mode: undefined/unknown
	Isolation level: undefined/unknown
	Minimum pool size: undefined/unknown
	Maximum pool size: undefined/unknown
2025-08-12T16:56:23.719+03:00  INFO 11684 --- [Carservice] [           main] o.h.e.t.j.p.i.JtaPlatformInitiator       : HHH000489: No JTA platform available (set 'hibernate.transaction.jta.platform' to enable JTA platform integration)
2025-08-12T16:56:23.723+03:00  INFO 11684 --- [Carservice] [           main] j.LocalContainerEntityManagerFactoryBean : Initialized JPA EntityManagerFactory for persistence unit 'default'
2025-08-12T16:56:24.633+03:00  WARN 11684 --- [Carservice] [           main] JpaBaseConfiguration$JpaWebConfiguration : spring.jpa.open-in-view is enabled by default. Therefore, database queries may be performed during view rendering. Explicitly configure spring.jpa.open-in-view to disable this warning
2025-08-12T16:56:24.948+03:00  INFO 11684 --- [Carservice] [           main] r$InitializeUserDetailsManagerConfigurer : Global AuthenticationManager configured with UserDetailsService bean with name userDetailsServiceImpl
2025-08-12T16:56:25.522+03:00  INFO 11684 --- [Carservice] [           main] o.a.k.clients.admin.AdminClientConfig    : AdminClientConfig values: 
	auto.include.jmx.reporter = true
	bootstrap.servers = [localhost:9092]
	client.dns.lookup = use_all_dns_ips
	client.id = Carservice-admin-0
	connections.max.idle.ms = 300000
	default.api.timeout.ms = 60000
	metadata.max.age.ms = 300000
	metric.reporters = []
	metrics.num.samples = 2
	metrics.recording.level = INFO
	metrics.sample.window.ms = 30000
	receive.buffer.bytes = 65536
	reconnect.backoff.max.ms = 1000
	reconnect.backoff.ms = 50
	request.timeout.ms = 30000
	retries = 2147483647
	retry.backoff.ms = 100
	sasl.client.callback.handler.class = null
	sasl.jaas.config = null
	sasl.kerberos.kinit.cmd = /usr/bin/kinit
	sasl.kerberos.min.time.before.relogin = 60000
	sasl.kerberos.service.name = null
	sasl.kerberos.ticket.renew.jitter = 0.05
	sasl.kerberos.ticket.renew.window.factor = 0.8
	sasl.login.callback.handler.class = null
	sasl.login.class = null
	sasl.login.connect.timeout.ms = null
	sasl.login.read.timeout.ms = null
	sasl.login.refresh.buffer.seconds = 300
	sasl.login.refresh.min.period.seconds = 60
	sasl.login.refresh.window.factor = 0.8
	sasl.login.refresh.window.jitter = 0.05
	sasl.login.retry.backoff.max.ms = 10000
	sasl.login.retry.backoff.ms = 100
	sasl.mechanism = GSSAPI
	sasl.oauthbearer.clock.skew.seconds = 30
	sasl.oauthbearer.expected.audience = null
	sasl.oauthbearer.expected.issuer = null
	sasl.oauthbearer.jwks.endpoint.refresh.ms = 3600000
	sasl.oauthbearer.jwks.endpoint.retry.backoff.max.ms = 10000
	sasl.oauthbearer.jwks.endpoint.retry.backoff.ms = 100
	sasl.oauthbearer.jwks.endpoint.url = null
	sasl.oauthbearer.scope.claim.name = scope
	sasl.oauthbearer.sub.claim.name = sub
	sasl.oauthbearer.token.endpoint.url = null
	security.protocol = PLAINTEXT
	security.providers = null
	send.buffer.bytes = 131072
	socket.connection.setup.timeout.max.ms = 30000
	socket.connection.setup.timeout.ms = 10000
	ssl.cipher.suites = null
	ssl.enabled.protocols = [TLSv1.2, TLSv1.3]
	ssl.endpoint.identification.algorithm = https
	ssl.engine.factory.class = null
	ssl.key.password = null
	ssl.keymanager.algorithm = SunX509
	ssl.keystore.certificate.chain = null
	ssl.keystore.key = null
	ssl.keystore.location = null
	ssl.keystore.password = null
	ssl.keystore.type = JKS
	ssl.protocol = TLSv1.3
	ssl.provider = null
	ssl.secure.random.implementation = null
	ssl.trustmanager.algorithm = PKIX
	ssl.truststore.certificates = null
	ssl.truststore.location = null
	ssl.truststore.password = null
	ssl.truststore.type = JKS

2025-08-12T16:56:25.797+03:00  INFO 11684 --- [Carservice] [           main] o.a.kafka.common.utils.AppInfoParser     : Kafka version: 3.4.1
2025-08-12T16:56:25.797+03:00  INFO 11684 --- [Carservice] [           main] o.a.kafka.common.utils.AppInfoParser     : Kafka commitId: 8a516edc2755df89
2025-08-12T16:56:25.797+03:00  INFO 11684 --- [Carservice] [           main] o.a.kafka.common.utils.AppInfoParser     : Kafka startTimeMs: 1755006985795
2025-08-12T16:56:25.824+03:00  INFO 11684 --- [Carservice] [service-admin-0] org.apache.kafka.clients.NetworkClient   : [AdminClient clientId=Carservice-admin-0] Node -1 disconnected.
2025-08-12T16:56:25.826+03:00  WARN 11684 --- [Carservice] [service-admin-0] org.apache.kafka.clients.NetworkClient   : [AdminClient clientId=Carservice-admin-0] Connection to node -1 (localhost/127.0.0.1:9092) could not be established. Broker may not be available.
2025-08-12T16:56:25.939+03:00  INFO 11684 --- [Carservice] [service-admin-0] org.apache.kafka.clients.NetworkClient   : [AdminClient clientId=Carservice-admin-0] Node -1 disconnected.
2025-08-12T16:56:25.939+03:00  WARN 11684 --- [Carservice] [service-admin-0] org.apache.kafka.clients.NetworkClient   : [AdminClient clientId=Carservice-admin-0] Connection to node -1 (localhost/127.0.0.1:9092) could not be established. Broker may not be available.
2025-08-12T16:56:26.048+03:00  INFO 11684 --- [Carservice] [service-admin-0] org.apache.kafka.clients.NetworkClient   : [AdminClient clientId=Carservice-admin-0] Node -1 disconnected.
2025-08-12T16:56:26.048+03:00  WARN 11684 --- [Carservice] [service-admin-0] org.apache.kafka.clients.NetworkClient   : [AdminClient clientId=Carservice-admin-0] Connection to node -1 (localhost/127.0.0.1:9092) could not be established. Broker may not be available.
2025-08-12T16:56:26.264+03:00  INFO 11684 --- [Carservice] [service-admin-0] org.apache.kafka.clients.NetworkClient   : [AdminClient clientId=Carservice-admin-0] Node -1 disconnected.
2025-08-12T16:56:26.265+03:00  WARN 11684 --- [Carservice] [service-admin-0] org.apache.kafka.clients.NetworkClient   : [AdminClient clientId=Carservice-admin-0] Connection to node -1 (localhost/127.0.0.1:9092) could not be established. Broker may not be available.
2025-08-12T16:56:26.703+03:00  INFO 11684 --- [Carservice] [service-admin-0] org.apache.kafka.clients.NetworkClient   : [AdminClient clientId=Carservice-admin-0] Node -1 disconnected.
2025-08-12T16:56:26.703+03:00  WARN 11684 --- [Carservice] [service-admin-0] org.apache.kafka.clients.NetworkClient   : [AdminClient clientId=Carservice-admin-0] Connection to node -1 (localhost/127.0.0.1:9092) could not be established. Broker may not be available.
2025-08-12T16:56:27.358+03:00  INFO 11684 --- [Carservice] [service-admin-0] org.apache.kafka.clients.NetworkClient   : [AdminClient clientId=Carservice-admin-0] Node -1 disconnected.
2025-08-12T16:56:27.358+03:00  WARN 11684 --- [Carservice] [service-admin-0] org.apache.kafka.clients.NetworkClient   : [AdminClient clientId=Carservice-admin-0] Connection to node -1 (localhost/127.0.0.1:9092) could not be established. Broker may not be available.
2025-08-12T16:56:28.558+03:00  INFO 11684 --- [Carservice] [service-admin-0] org.apache.kafka.clients.NetworkClient   : [AdminClient clientId=Carservice-admin-0] Node -1 disconnected.
2025-08-12T16:56:28.558+03:00  WARN 11684 --- [Carservice] [service-admin-0] org.apache.kafka.clients.NetworkClient   : [AdminClient clientId=Carservice-admin-0] Connection to node -1 (localhost/127.0.0.1:9092) could not be established. Broker may not be available.
2025-08-12T16:56:29.654+03:00  INFO 11684 --- [Carservice] [service-admin-0] org.apache.kafka.clients.NetworkClient   : [AdminClient clientId=Carservice-admin-0] Node -1 disconnected.
2025-08-12T16:56:29.654+03:00  WARN 11684 --- [Carservice] [service-admin-0] org.apache.kafka.clients.NetworkClient   : [AdminClient clientId=Carservice-admin-0] Connection to node -1 (localhost/127.0.0.1:9092) could not be established. Broker may not be available.
2025-08-12T16:56:30.632+03:00  INFO 11684 --- [Carservice] [service-admin-0] org.apache.kafka.clients.NetworkClient   : [AdminClient clientId=Carservice-admin-0] Node -1 disconnected.
2025-08-12T16:56:30.633+03:00  WARN 11684 --- [Carservice] [service-admin-0] org.apache.kafka.clients.NetworkClient   : [AdminClient clientId=Carservice-admin-0] Connection to node -1 (localhost/127.0.0.1:9092) could not be established. Broker may not be available.
2025-08-12T16:56:31.831+03:00  INFO 11684 --- [Carservice] [service-admin-0] org.apache.kafka.clients.NetworkClient   : [AdminClient clientId=Carservice-admin-0] Node -1 disconnected.
2025-08-12T16:56:31.832+03:00  WARN 11684 --- [Carservice] [service-admin-0] org.apache.kafka.clients.NetworkClient   : [AdminClient clientId=Carservice-admin-0] Connection to node -1 (localhost/127.0.0.1:9092) could not be established. Broker may not be available.
2025-08-12T16:56:33.042+03:00  INFO 11684 --- [Carservice] [service-admin-0] org.apache.kafka.clients.NetworkClient   : [AdminClient clientId=Carservice-admin-0] Node -1 disconnected.
2025-08-12T16:56:33.043+03:00  WARN 11684 --- [Carservice] [service-admin-0] org.apache.kafka.clients.NetworkClient   : [AdminClient clientId=Carservice-admin-0] Connection to node -1 (localhost/127.0.0.1:9092) could not be established. Broker may not be available.
2025-08-12T16:56:34.021+03:00  INFO 11684 --- [Carservice] [service-admin-0] org.apache.kafka.clients.NetworkClient   : [AdminClient clientId=Carservice-admin-0] Node -1 disconnected.
2025-08-12T16:56:34.021+03:00  WARN 11684 --- [Carservice] [service-admin-0] org.apache.kafka.clients.NetworkClient   : [AdminClient clientId=Carservice-admin-0] Connection to node -1 (localhost/127.0.0.1:9092) could not be established. Broker may not be available.
2025-08-12T16:56:35.114+03:00  INFO 11684 --- [Carservice] [service-admin-0] org.apache.kafka.clients.NetworkClient   : [AdminClient clientId=Carservice-admin-0] Node -1 disconnected.
2025-08-12T16:56:35.114+03:00  WARN 11684 --- [Carservice] [service-admin-0] org.apache.kafka.clients.NetworkClient   : [AdminClient clientId=Carservice-admin-0] Connection to node -1 (localhost/127.0.0.1:9092) could not be established. Broker may not be available.
2025-08-12T16:56:36.321+03:00  INFO 11684 --- [Carservice] [service-admin-0] org.apache.kafka.clients.NetworkClient   : [AdminClient clientId=Carservice-admin-0] Node -1 disconnected.
2025-08-12T16:56:36.322+03:00  WARN 11684 --- [Carservice] [service-admin-0] org.apache.kafka.clients.NetworkClient   : [AdminClient clientId=Carservice-admin-0] Connection to node -1 (localhost/127.0.0.1:9092) could not be established. Broker may not be available.
2025-08-12T16:56:37.522+03:00  INFO 11684 --- [Carservice] [service-admin-0] org.apache.kafka.clients.NetworkClient   : [AdminClient clientId=Carservice-admin-0] Node -1 disconnected.
2025-08-12T16:56:37.522+03:00  WARN 11684 --- [Carservice] [service-admin-0] org.apache.kafka.clients.NetworkClient   : [AdminClient clientId=Carservice-admin-0] Connection to node -1 (localhost/127.0.0.1:9092) could not be established. Broker may not be available.
2025-08-12T16:56:38.614+03:00  INFO 11684 --- [Carservice] [service-admin-0] org.apache.kafka.clients.NetworkClient   : [AdminClient clientId=Carservice-admin-0] Node -1 disconnected.
2025-08-12T16:56:38.614+03:00  WARN 11684 --- [Carservice] [service-admin-0] org.apache.kafka.clients.NetworkClient   : [AdminClient clientId=Carservice-admin-0] Connection to node -1 (localhost/127.0.0.1:9092) could not be established. Broker may not be available.
2025-08-12T16:56:39.604+03:00  INFO 11684 --- [Carservice] [service-admin-0] org.apache.kafka.clients.NetworkClient   : [AdminClient clientId=Carservice-admin-0] Node -1 disconnected.
2025-08-12T16:56:39.604+03:00  WARN 11684 --- [Carservice] [service-admin-0] org.apache.kafka.clients.NetworkClient   : [AdminClient clientId=Carservice-admin-0] Connection to node -1 (localhost/127.0.0.1:9092) could not be established. Broker may not be available.
2025-08-12T16:56:40.594+03:00  INFO 11684 --- [Carservice] [service-admin-0] org.apache.kafka.clients.NetworkClient   : [AdminClient clientId=Carservice-admin-0] Node -1 disconnected.
2025-08-12T16:56:40.594+03:00  WARN 11684 --- [Carservice] [service-admin-0] org.apache.kafka.clients.NetworkClient   : [AdminClient clientId=Carservice-admin-0] Connection to node -1 (localhost/127.0.0.1:9092) could not be established. Broker may not be available.
2025-08-12T16:56:41.580+03:00  INFO 11684 --- [Carservice] [service-admin-0] org.apache.kafka.clients.NetworkClient   : [AdminClient clientId=Carservice-admin-0] Node -1 disconnected.
2025-08-12T16:56:41.581+03:00  WARN 11684 --- [Carservice] [service-admin-0] org.apache.kafka.clients.NetworkClient   : [AdminClient clientId=Carservice-admin-0] Connection to node -1 (localhost/127.0.0.1:9092) could not be established. Broker may not be available.
2025-08-12T16:56:43.407+03:00  INFO 11684 --- [Carservice] [service-admin-0] o.a.kafka.common.utils.AppInfoParser     : App info kafka.admin.client for Carservice-admin-0 unregistered
2025-08-12T16:56:43.415+03:00  INFO 11684 --- [Carservice] [service-admin-0] o.apache.kafka.common.metrics.Metrics    : Metrics scheduler closed
2025-08-12T16:56:43.415+03:00  INFO 11684 --- [Carservice] [service-admin-0] o.apache.kafka.common.metrics.Metrics    : Closing reporter org.apache.kafka.common.metrics.JmxReporter
2025-08-12T16:56:43.415+03:00  INFO 11684 --- [Carservice] [service-admin-0] o.apache.kafka.common.metrics.Metrics    : Metrics reporters closed
2025-08-12T16:56:43.441+03:00  INFO 11684 --- [Carservice] [           main] o.s.b.w.embedded.tomcat.TomcatWebServer  : Tomcat started on port 8081 (http) with context path '/'
2025-08-12T16:56:43.453+03:00  INFO 11684 --- [Carservice] [           main] c.Car.Carservice.CarserviceApplication   : Started CarserviceApplication in 26.225 seconds (process running for 26.899)
2025-08-12T16:58:23.598+03:00  INFO 11684 --- [Carservice] [nio-8081-exec-1] o.a.c.c.C.[Tomcat].[localhost].[/]       : Initializing Spring DispatcherServlet 'dispatcherServlet'
2025-08-12T16:58:23.598+03:00  INFO 11684 --- [Carservice] [nio-8081-exec-1] o.s.web.servlet.DispatcherServlet        : Initializing Servlet 'dispatcherServlet'
2025-08-12T16:58:23.600+03:00  INFO 11684 --- [Carservice] [nio-8081-exec-1] o.s.web.servlet.DispatcherServlet        : Completed initialization in 2 ms
[INFO] ------------------------------------------------------------------------
[INFO] BUILD FAILURE
[INFO] ------------------------------------------------------------------------
[INFO] Total time:  10:38 min
[INFO] Finished at: 2025-08-12T17:06:45+03:00
[INFO] ------------------------------------------------------------------------
[ERROR] Failed to execute goal org.springframework.boot:spring-boot-maven-plugin:3.5.3:run (default-cli) on project Carservice: Process terminated with exit code: 1 -> [Help 1]
[ERROR] 
[ERROR] To see the full stack trace of the errors, re-run Maven with the -e switch.
[ERROR] Re-run Maven using the -X switch to enable full debug logging.
[ERROR] 
[ERROR] For more information about the errors and possible solutions, please read the following articles:
[ERROR] [Help 1] http://cwiki.apache.org/confluence/display/MAVEN/MojoExecutionException
[INFO] Scanning for projects...
[INFO] 
[INFO] -------------------------< com.Car:Carservice >-------------------------
[INFO] Building Carservice 0.0.1-SNAPSHOT
[INFO]   from pom.xml
[INFO] --------------------------------[ jar ]---------------------------------
[INFO] 
[INFO] >>> spring-boot:3.5.3:run (default-cli) > test-compile @ Carservice >>>
[INFO] 
[INFO] --- resources:3.3.1:resources (default-resources) @ Carservice ---
[INFO] Copying 1 resource from src\main\resources to target\classes
[INFO] Copying 0 resource from src\main\resources to target\classes
[INFO] 
[INFO] --- compiler:3.13.0:compile (default-compile) @ Carservice ---
[INFO] Recompiling the module because of changed source code.
[INFO] Compiling 18 source files with javac [debug parameters release 23] to target\classes
[INFO] /D:/2Kurs/MaksKiano/Carservice/src/main/java/com/Car/Carservice/Security/JwtRequestFilter.java: D:\2Kurs\MaksKiano\Carservice\src\main\java\com\Car\Carservice\Security\JwtRequestFilter.java uses or overrides a deprecated API.
[INFO] /D:/2Kurs/MaksKiano/Carservice/src/main/java/com/Car/Carservice/Security/JwtRequestFilter.java: Recompile with -Xlint:deprecation for details.
[INFO] 
[INFO] --- resources:3.3.1:testResources (default-testResources) @ Carservice ---
[INFO] skip non existing resourceDirectory D:\2Kurs\MaksKiano\Carservice\src\test\resources
[INFO] 
[INFO] --- compiler:3.13.0:testCompile (default-testCompile) @ Carservice ---
[INFO] Recompiling the module because of changed dependency.
[INFO] Compiling 1 source file with javac [debug parameters release 23] to target\test-classes
[INFO] 
[INFO] <<< spring-boot:3.5.3:run (default-cli) < test-compile @ Carservice <<<
[INFO] 
[INFO] 
[INFO] --- spring-boot:3.5.3:run (default-cli) @ Carservice ---
[INFO] Attaching agents: []

  .   ____          _            __ _ _
 /\\ / ___'_ __ _ _(_)_ __  __ _ \ \ \ \
( ( )\___ | '_ | '_| | '_ \/ _` | \ \ \ \
 \\/  ___)| |_)| | | | | || (_| |  ) ) ) )
  '  |____| .__|_| |_|_| |_\__, | / / / /
 =========|_|==============|___/=/_/_/_/

 :: Spring Boot ::                (v3.5.3)

2025-08-12T17:17:49.489+03:00  INFO 20296 --- [Carservice] [           main] c.Car.Carservice.CarserviceApplication   : Starting CarserviceApplication using Java 23 with PID 20296 (D:\2Kurs\MaksKiano\Carservice\target\classes started by semka in D:\2Kurs\MaksKiano\Carservice)
2025-08-12T17:17:49.492+03:00  INFO 20296 --- [Carservice] [           main] c.Car.Carservice.CarserviceApplication   : No active profile set, falling back to 1 default profile: "default"
2025-08-12T17:17:50.706+03:00  INFO 20296 --- [Carservice] [           main] .s.d.r.c.RepositoryConfigurationDelegate : Bootstrapping Spring Data JPA repositories in DEFAULT mode.
2025-08-12T17:17:50.814+03:00  INFO 20296 --- [Carservice] [           main] .s.d.r.c.RepositoryConfigurationDelegate : Finished Spring Data repository scanning in 94 ms. Found 3 JPA repository interfaces.
2025-08-12T17:17:51.979+03:00  INFO 20296 --- [Carservice] [           main] o.s.b.w.embedded.tomcat.TomcatWebServer  : Tomcat initialized with port 8081 (http)
2025-08-12T17:17:52.014+03:00  INFO 20296 --- [Carservice] [           main] o.apache.catalina.core.StandardService   : Starting service [Tomcat]
2025-08-12T17:17:52.015+03:00  INFO 20296 --- [Carservice] [           main] o.apache.catalina.core.StandardEngine    : Starting Servlet engine: [Apache Tomcat/10.1.42]
2025-08-12T17:17:52.176+03:00  INFO 20296 --- [Carservice] [           main] o.a.c.c.C.[Tomcat].[localhost].[/]       : Initializing Spring embedded WebApplicationContext
2025-08-12T17:17:52.178+03:00  INFO 20296 --- [Carservice] [           main] w.s.c.ServletWebServerApplicationContext : Root WebApplicationContext: initialization completed in 2594 ms
2025-08-12T17:17:52.360+03:00  INFO 20296 --- [Carservice] [           main] com.zaxxer.hikari.HikariDataSource       : HikariPool-1 - Starting...
2025-08-12T17:17:52.917+03:00  INFO 20296 --- [Carservice] [           main] com.zaxxer.hikari.pool.HikariPool        : HikariPool-1 - Added connection org.postgresql.jdbc.PgConnection@364b1061
2025-08-12T17:17:52.920+03:00  INFO 20296 --- [Carservice] [           main] com.zaxxer.hikari.HikariDataSource       : HikariPool-1 - Start completed.
2025-08-12T17:17:53.011+03:00  INFO 20296 --- [Carservice] [           main] o.hibernate.jpa.internal.util.LogHelper  : HHH000204: Processing PersistenceUnitInfo [name: default]
2025-08-12T17:17:53.132+03:00  INFO 20296 --- [Carservice] [           main] org.hibernate.Version                    : HHH000412: Hibernate ORM core version 6.6.18.Final
2025-08-12T17:17:53.222+03:00  INFO 20296 --- [Carservice] [           main] o.h.c.internal.RegionFactoryInitiator    : HHH000026: Second-level cache disabled
2025-08-12T17:17:53.777+03:00  INFO 20296 --- [Carservice] [           main] o.s.o.j.p.SpringPersistenceUnitInfo      : No LoadTimeWeaver setup: ignoring JPA class transformer
2025-08-12T17:17:53.936+03:00  INFO 20296 --- [Carservice] [           main] org.hibernate.orm.connections.pooling    : HHH10001005: Database info:
	Database JDBC URL [Connecting through datasource 'HikariDataSource (HikariPool-1)']
	Database driver: undefined/unknown
	Database version: 17.0
	Autocommit mode: undefined/unknown
	Isolation level: undefined/unknown
	Minimum pool size: undefined/unknown
	Maximum pool size: undefined/unknown
2025-08-12T17:17:55.733+03:00  INFO 20296 --- [Carservice] [           main] o.h.e.t.j.p.i.JtaPlatformInitiator       : HHH000489: No JTA platform available (set 'hibernate.transaction.jta.platform' to enable JTA platform integration)
2025-08-12T17:17:55.740+03:00  INFO 20296 --- [Carservice] [           main] j.LocalContainerEntityManagerFactoryBean : Initialized JPA EntityManagerFactory for persistence unit 'default'
2025-08-12T17:17:56.856+03:00  WARN 20296 --- [Carservice] [           main] JpaBaseConfiguration$JpaWebConfiguration : spring.jpa.open-in-view is enabled by default. Therefore, database queries may be performed during view rendering. Explicitly configure spring.jpa.open-in-view to disable this warning
2025-08-12T17:17:57.273+03:00  INFO 20296 --- [Carservice] [           main] r$InitializeUserDetailsManagerConfigurer : Global AuthenticationManager configured with UserDetailsService bean with name userDetailsServiceImpl
2025-08-12T17:17:58.071+03:00  INFO 20296 --- [Carservice] [           main] o.a.k.clients.admin.AdminClientConfig    : AdminClientConfig values: 
	auto.include.jmx.reporter = true
	bootstrap.servers = [localhost:9092]
	client.dns.lookup = use_all_dns_ips
	client.id = Carservice-admin-0
	connections.max.idle.ms = 300000
	default.api.timeout.ms = 60000
	metadata.max.age.ms = 300000
	metric.reporters = []
	metrics.num.samples = 2
	metrics.recording.level = INFO
	metrics.sample.window.ms = 30000
	receive.buffer.bytes = 65536
	reconnect.backoff.max.ms = 1000
	reconnect.backoff.ms = 50
	request.timeout.ms = 30000
	retries = 2147483647
	retry.backoff.ms = 100
	sasl.client.callback.handler.class = null
	sasl.jaas.config = null
	sasl.kerberos.kinit.cmd = /usr/bin/kinit
	sasl.kerberos.min.time.before.relogin = 60000
	sasl.kerberos.service.name = null
	sasl.kerberos.ticket.renew.jitter = 0.05
	sasl.kerberos.ticket.renew.window.factor = 0.8
	sasl.login.callback.handler.class = null
	sasl.login.class = null
	sasl.login.connect.timeout.ms = null
	sasl.login.read.timeout.ms = null
	sasl.login.refresh.buffer.seconds = 300
	sasl.login.refresh.min.period.seconds = 60
	sasl.login.refresh.window.factor = 0.8
	sasl.login.refresh.window.jitter = 0.05
	sasl.login.retry.backoff.max.ms = 10000
	sasl.login.retry.backoff.ms = 100
	sasl.mechanism = GSSAPI
	sasl.oauthbearer.clock.skew.seconds = 30
	sasl.oauthbearer.expected.audience = null
	sasl.oauthbearer.expected.issuer = null
	sasl.oauthbearer.jwks.endpoint.refresh.ms = 3600000
	sasl.oauthbearer.jwks.endpoint.retry.backoff.max.ms = 10000
	sasl.oauthbearer.jwks.endpoint.retry.backoff.ms = 100
	sasl.oauthbearer.jwks.endpoint.url = null
	sasl.oauthbearer.scope.claim.name = scope
	sasl.oauthbearer.sub.claim.name = sub
	sasl.oauthbearer.token.endpoint.url = null
	security.protocol = PLAINTEXT
	security.providers = null
	send.buffer.bytes = 131072
	socket.connection.setup.timeout.max.ms = 30000
	socket.connection.setup.timeout.ms = 10000
	ssl.cipher.suites = null
	ssl.enabled.protocols = [TLSv1.2, TLSv1.3]
	ssl.endpoint.identification.algorithm = https
	ssl.engine.factory.class = null
	ssl.key.password = null
	ssl.keymanager.algorithm = SunX509
	ssl.keystore.certificate.chain = null
	ssl.keystore.key = null
	ssl.keystore.location = null
	ssl.keystore.password = null
	ssl.keystore.type = JKS
	ssl.protocol = TLSv1.3
	ssl.provider = null
	ssl.secure.random.implementation = null
	ssl.trustmanager.algorithm = PKIX
	ssl.truststore.certificates = null
	ssl.truststore.location = null
	ssl.truststore.password = null
	ssl.truststore.type = JKS

2025-08-12T17:17:58.403+03:00  INFO 20296 --- [Carservice] [           main] o.a.kafka.common.utils.AppInfoParser     : Kafka version: 3.4.1
2025-08-12T17:17:58.403+03:00  INFO 20296 --- [Carservice] [           main] o.a.kafka.common.utils.AppInfoParser     : Kafka commitId: 8a516edc2755df89
2025-08-12T17:17:58.404+03:00  INFO 20296 --- [Carservice] [           main] o.a.kafka.common.utils.AppInfoParser     : Kafka startTimeMs: 1755008278400
2025-08-12T17:17:58.430+03:00  INFO 20296 --- [Carservice] [service-admin-0] org.apache.kafka.clients.NetworkClient   : [AdminClient clientId=Carservice-admin-0] Node -1 disconnected.
2025-08-12T17:17:58.433+03:00  WARN 20296 --- [Carservice] [service-admin-0] org.apache.kafka.clients.NetworkClient   : [AdminClient clientId=Carservice-admin-0] Connection to node -1 (localhost/127.0.0.1:9092) could not be established. Broker may not be available.
2025-08-12T17:17:58.551+03:00  INFO 20296 --- [Carservice] [service-admin-0] org.apache.kafka.clients.NetworkClient   : [AdminClient clientId=Carservice-admin-0] Node -1 disconnected.
2025-08-12T17:17:58.551+03:00  WARN 20296 --- [Carservice] [service-admin-0] org.apache.kafka.clients.NetworkClient   : [AdminClient clientId=Carservice-admin-0] Connection to node -1 (localhost/127.0.0.1:9092) could not be established. Broker may not be available.
2025-08-12T17:17:58.659+03:00  INFO 20296 --- [Carservice] [service-admin-0] org.apache.kafka.clients.NetworkClient   : [AdminClient clientId=Carservice-admin-0] Node -1 disconnected.
2025-08-12T17:17:58.660+03:00  WARN 20296 --- [Carservice] [service-admin-0] org.apache.kafka.clients.NetworkClient   : [AdminClient clientId=Carservice-admin-0] Connection to node -1 (localhost/127.0.0.1:9092) could not be established. Broker may not be available.
2025-08-12T17:17:58.989+03:00  INFO 20296 --- [Carservice] [service-admin-0] org.apache.kafka.clients.NetworkClient   : [AdminClient clientId=Carservice-admin-0] Node -1 disconnected.
2025-08-12T17:17:58.990+03:00  WARN 20296 --- [Carservice] [service-admin-0] org.apache.kafka.clients.NetworkClient   : [AdminClient clientId=Carservice-admin-0] Connection to node -1 (localhost/127.0.0.1:9092) could not be established. Broker may not be available.
2025-08-12T17:17:59.425+03:00  INFO 20296 --- [Carservice] [service-admin-0] org.apache.kafka.clients.NetworkClient   : [AdminClient clientId=Carservice-admin-0] Node -1 disconnected.
2025-08-12T17:17:59.426+03:00  WARN 20296 --- [Carservice] [service-admin-0] org.apache.kafka.clients.NetworkClient   : [AdminClient clientId=Carservice-admin-0] Connection to node -1 (localhost/127.0.0.1:9092) could not be established. Broker may not be available.
2025-08-12T17:18:00.189+03:00  INFO 20296 --- [Carservice] [service-admin-0] org.apache.kafka.clients.NetworkClient   : [AdminClient clientId=Carservice-admin-0] Node -1 disconnected.
2025-08-12T17:18:00.190+03:00  WARN 20296 --- [Carservice] [service-admin-0] org.apache.kafka.clients.NetworkClient   : [AdminClient clientId=Carservice-admin-0] Connection to node -1 (localhost/127.0.0.1:9092) could not be established. Broker may not be available.
2025-08-12T17:18:01.171+03:00  INFO 20296 --- [Carservice] [service-admin-0] org.apache.kafka.clients.NetworkClient   : [AdminClient clientId=Carservice-admin-0] Node -1 disconnected.
2025-08-12T17:18:01.172+03:00  WARN 20296 --- [Carservice] [service-admin-0] org.apache.kafka.clients.NetworkClient   : [AdminClient clientId=Carservice-admin-0] Connection to node -1 (localhost/127.0.0.1:9092) could not be established. Broker may not be available.
2025-08-12T17:18:02.372+03:00  INFO 20296 --- [Carservice] [service-admin-0] org.apache.kafka.clients.NetworkClient   : [AdminClient clientId=Carservice-admin-0] Node -1 disconnected.
2025-08-12T17:18:02.373+03:00  WARN 20296 --- [Carservice] [service-admin-0] org.apache.kafka.clients.NetworkClient   : [AdminClient clientId=Carservice-admin-0] Connection to node -1 (localhost/127.0.0.1:9092) could not be established. Broker may not be available.
2025-08-12T17:18:03.579+03:00  INFO 20296 --- [Carservice] [service-admin-0] org.apache.kafka.clients.NetworkClient   : [AdminClient clientId=Carservice-admin-0] Node -1 disconnected.
2025-08-12T17:18:03.580+03:00  WARN 20296 --- [Carservice] [service-admin-0] org.apache.kafka.clients.NetworkClient   : [AdminClient clientId=Carservice-admin-0] Connection to node -1 (localhost/127.0.0.1:9092) could not be established. Broker may not be available.
2025-08-12T17:18:04.799+03:00  INFO 20296 --- [Carservice] [service-admin-0] org.apache.kafka.clients.NetworkClient   : [AdminClient clientId=Carservice-admin-0] Node -1 disconnected.
2025-08-12T17:18:04.799+03:00  WARN 20296 --- [Carservice] [service-admin-0] org.apache.kafka.clients.NetworkClient   : [AdminClient clientId=Carservice-admin-0] Connection to node -1 (localhost/127.0.0.1:9092) could not be established. Broker may not be available.
2025-08-12T17:18:05.894+03:00  INFO 20296 --- [Carservice] [service-admin-0] org.apache.kafka.clients.NetworkClient   : [AdminClient clientId=Carservice-admin-0] Node -1 disconnected.
2025-08-12T17:18:05.894+03:00  WARN 20296 --- [Carservice] [service-admin-0] org.apache.kafka.clients.NetworkClient   : [AdminClient clientId=Carservice-admin-0] Connection to node -1 (localhost/127.0.0.1:9092) could not be established. Broker may not be available.
2025-08-12T17:18:06.774+03:00  INFO 20296 --- [Carservice] [service-admin-0] org.apache.kafka.clients.NetworkClient   : [AdminClient clientId=Carservice-admin-0] Node -1 disconnected.
2025-08-12T17:18:06.775+03:00  WARN 20296 --- [Carservice] [service-admin-0] org.apache.kafka.clients.NetworkClient   : [AdminClient clientId=Carservice-admin-0] Connection to node -1 (localhost/127.0.0.1:9092) could not be established. Broker may not be available.
2025-08-12T17:18:07.725+03:00  INFO 20296 --- [Carservice] [service-admin-0] org.apache.kafka.clients.NetworkClient   : [AdminClient clientId=Carservice-admin-0] Node -1 disconnected.
2025-08-12T17:18:07.726+03:00  WARN 20296 --- [Carservice] [service-admin-0] org.apache.kafka.clients.NetworkClient   : [AdminClient clientId=Carservice-admin-0] Connection to node -1 (localhost/127.0.0.1:9092) could not be established. Broker may not be available.
2025-08-12T17:18:08.701+03:00  INFO 20296 --- [Carservice] [service-admin-0] org.apache.kafka.clients.NetworkClient   : [AdminClient clientId=Carservice-admin-0] Node -1 disconnected.
2025-08-12T17:18:08.701+03:00  WARN 20296 --- [Carservice] [service-admin-0] org.apache.kafka.clients.NetworkClient   : [AdminClient clientId=Carservice-admin-0] Connection to node -1 (localhost/127.0.0.1:9092) could not be established. Broker may not be available.
2025-08-12T17:18:09.904+03:00  INFO 20296 --- [Carservice] [service-admin-0] org.apache.kafka.clients.NetworkClient   : [AdminClient clientId=Carservice-admin-0] Node -1 disconnected.
2025-08-12T17:18:09.904+03:00  WARN 20296 --- [Carservice] [service-admin-0] org.apache.kafka.clients.NetworkClient   : [AdminClient clientId=Carservice-admin-0] Connection to node -1 (localhost/127.0.0.1:9092) could not be established. Broker may not be available.
2025-08-12T17:18:11.691+03:00  INFO 20296 --- [Carservice] [service-admin-0] o.a.kafka.common.utils.AppInfoParser     : App info kafka.admin.client for Carservice-admin-0 unregistered
2025-08-12T17:18:11.698+03:00  INFO 20296 --- [Carservice] [service-admin-0] o.apache.kafka.common.metrics.Metrics    : Metrics scheduler closed
2025-08-12T17:18:11.698+03:00  INFO 20296 --- [Carservice] [service-admin-0] o.apache.kafka.common.metrics.Metrics    : Closing reporter org.apache.kafka.common.metrics.JmxReporter
2025-08-12T17:18:11.698+03:00  INFO 20296 --- [Carservice] [service-admin-0] o.apache.kafka.common.metrics.Metrics    : Metrics reporters closed
2025-08-12T17:18:11.723+03:00  INFO 20296 --- [Carservice] [           main] o.s.b.w.embedded.tomcat.TomcatWebServer  : Tomcat started on port 8081 (http) with context path '/'
2025-08-12T17:18:11.737+03:00  INFO 20296 --- [Carservice] [           main] c.Car.Carservice.CarserviceApplication   : Started CarserviceApplication in 22.996 seconds (process running for 23.709)
2025-08-12T17:19:02.227+03:00  INFO 20296 --- [Carservice] [nio-8081-exec-2] o.a.c.c.C.[Tomcat].[localhost].[/]       : Initializing Spring DispatcherServlet 'dispatcherServlet'
2025-08-12T17:19:02.228+03:00  INFO 20296 --- [Carservice] [nio-8081-exec-2] o.s.web.servlet.DispatcherServlet        : Initializing Servlet 'dispatcherServlet'
2025-08-12T17:19:02.229+03:00  INFO 20296 --- [Carservice] [nio-8081-exec-2] o.s.web.servlet.DispatcherServlet        : Completed initialization in 1 ms
[INFO] ------------------------------------------------------------------------
[INFO] BUILD FAILURE
[INFO] ------------------------------------------------------------------------
[INFO] Total time:  03:57 min
[INFO] Finished at: 2025-08-12T17:21:36+03:00
[INFO] ------------------------------------------------------------------------
[ERROR] Failed to execute goal org.springframework.boot:spring-boot-maven-plugin:3.5.3:run (default-cli) on project Carservice: Process terminated with exit code: 1 -> [Help 1]
[ERROR] 
[ERROR] To see the full stack trace of the errors, re-run Maven with the -e switch.
[ERROR] Re-run Maven using the -X switch to enable full debug logging.
[ERROR] 
[ERROR] For more information about the errors and possible solutions, please read the following articles:
[ERROR] [Help 1] http://cwiki.apache.org/confluence/display/MAVEN/MojoExecutionException
[INFO] Scanning for projects...
[INFO] 
[INFO] -------------------------< com.Car:Carservice >-------------------------
[INFO] Building Carservice 0.0.1-SNAPSHOT
[INFO]   from pom.xml
[INFO] --------------------------------[ jar ]---------------------------------
[INFO] 
[INFO] >>> spring-boot:3.5.3:run (default-cli) > test-compile @ Carservice >>>
[INFO] 
[INFO] --- resources:3.3.1:resources (default-resources) @ Carservice ---
[INFO] Copying 1 resource from src\main\resources to target\classes
[INFO] Copying 0 resource from src\main\resources to target\classes
[INFO] 
[INFO] --- compiler:3.13.0:compile (default-compile) @ Carservice ---
[INFO] Recompiling the module because of changed source code.
[INFO] Compiling 18 source files with javac [debug parameters release 23] to target\classes
[INFO] /D:/2Kurs/MaksKiano/Carservice/src/main/java/com/Car/Carservice/Security/JwtRequestFilter.java: D:\2Kurs\MaksKiano\Carservice\src\main\java\com\Car\Carservice\Security\JwtRequestFilter.java uses or overrides a deprecated API.
[INFO] /D:/2Kurs/MaksKiano/Carservice/src/main/java/com/Car/Carservice/Security/JwtRequestFilter.java: Recompile with -Xlint:deprecation for details.
[INFO] 
[INFO] --- resources:3.3.1:testResources (default-testResources) @ Carservice ---
[INFO] skip non existing resourceDirectory D:\2Kurs\MaksKiano\Carservice\src\test\resources
[INFO] 
[INFO] --- compiler:3.13.0:testCompile (default-testCompile) @ Carservice ---
[INFO] Recompiling the module because of changed dependency.
[INFO] Compiling 1 source file with javac [debug parameters release 23] to target\test-classes
[INFO] 
[INFO] <<< spring-boot:3.5.3:run (default-cli) < test-compile @ Carservice <<<
[INFO] 
[INFO] 
[INFO] --- spring-boot:3.5.3:run (default-cli) @ Carservice ---
[INFO] Attaching agents: []

  .   ____          _            __ _ _
 /\\ / ___'_ __ _ _(_)_ __  __ _ \ \ \ \
( ( )\___ | '_ | '_| | '_ \/ _` | \ \ \ \
 \\/  ___)| |_)| | | | | || (_| |  ) ) ) )
  '  |____| .__|_| |_|_| |_\__, | / / / /
 =========|_|==============|___/=/_/_/_/

 :: Spring Boot ::                (v3.5.3)

2025-08-12T17:50:48.633+03:00  INFO 20440 --- [Carservice] [           main] c.Car.Carservice.CarserviceApplication   : Starting CarserviceApplication using Java 23 with PID 20440 (D:\2Kurs\MaksKiano\Carservice\target\classes started by semka in D:\2Kurs\MaksKiano\Carservice)
2025-08-12T17:50:48.635+03:00  INFO 20440 --- [Carservice] [           main] c.Car.Carservice.CarserviceApplication   : No active profile set, falling back to 1 default profile: "default"
2025-08-12T17:50:49.229+03:00  INFO 20440 --- [Carservice] [           main] .s.d.r.c.RepositoryConfigurationDelegate : Bootstrapping Spring Data JPA repositories in DEFAULT mode.
2025-08-12T17:50:49.278+03:00  INFO 20440 --- [Carservice] [           main] .s.d.r.c.RepositoryConfigurationDelegate : Finished Spring Data repository scanning in 42 ms. Found 3 JPA repository interfaces.
2025-08-12T17:50:49.748+03:00  INFO 20440 --- [Carservice] [           main] o.s.b.w.embedded.tomcat.TomcatWebServer  : Tomcat initialized with port 8081 (http)
2025-08-12T17:50:49.761+03:00  INFO 20440 --- [Carservice] [           main] o.apache.catalina.core.StandardService   : Starting service [Tomcat]
2025-08-12T17:50:49.761+03:00  INFO 20440 --- [Carservice] [           main] o.apache.catalina.core.StandardEngine    : Starting Servlet engine: [Apache Tomcat/10.1.42]
2025-08-12T17:50:49.808+03:00  INFO 20440 --- [Carservice] [           main] o.a.c.c.C.[Tomcat].[localhost].[/]       : Initializing Spring embedded WebApplicationContext
2025-08-12T17:50:49.808+03:00  INFO 20440 --- [Carservice] [           main] w.s.c.ServletWebServerApplicationContext : Root WebApplicationContext: initialization completed in 1117 ms
2025-08-12T17:50:49.873+03:00  INFO 20440 --- [Carservice] [           main] com.zaxxer.hikari.HikariDataSource       : HikariPool-1 - Starting...
2025-08-12T17:50:50.013+03:00  INFO 20440 --- [Carservice] [           main] com.zaxxer.hikari.pool.HikariPool        : HikariPool-1 - Added connection org.postgresql.jdbc.PgConnection@172f4514
2025-08-12T17:50:50.014+03:00  INFO 20440 --- [Carservice] [           main] com.zaxxer.hikari.HikariDataSource       : HikariPool-1 - Start completed.
2025-08-12T17:50:50.053+03:00  INFO 20440 --- [Carservice] [           main] o.hibernate.jpa.internal.util.LogHelper  : HHH000204: Processing PersistenceUnitInfo [name: default]
2025-08-12T17:50:50.100+03:00  INFO 20440 --- [Carservice] [           main] org.hibernate.Version                    : HHH000412: Hibernate ORM core version 6.6.18.Final
2025-08-12T17:50:50.136+03:00  INFO 20440 --- [Carservice] [           main] o.h.c.internal.RegionFactoryInitiator    : HHH000026: Second-level cache disabled
2025-08-12T17:50:50.355+03:00  INFO 20440 --- [Carservice] [           main] o.s.o.j.p.SpringPersistenceUnitInfo      : No LoadTimeWeaver setup: ignoring JPA class transformer
2025-08-12T17:50:50.426+03:00  INFO 20440 --- [Carservice] [           main] org.hibernate.orm.connections.pooling    : HHH10001005: Database info:
	Database JDBC URL [Connecting through datasource 'HikariDataSource (HikariPool-1)']
	Database driver: undefined/unknown
	Database version: 17.0
	Autocommit mode: undefined/unknown
	Isolation level: undefined/unknown
	Minimum pool size: undefined/unknown
	Maximum pool size: undefined/unknown
2025-08-12T17:50:51.228+03:00  INFO 20440 --- [Carservice] [           main] o.h.e.t.j.p.i.JtaPlatformInitiator       : HHH000489: No JTA platform available (set 'hibernate.transaction.jta.platform' to enable JTA platform integration)
2025-08-12T17:50:51.230+03:00  INFO 20440 --- [Carservice] [           main] j.LocalContainerEntityManagerFactoryBean : Initialized JPA EntityManagerFactory for persistence unit 'default'
2025-08-12T17:50:51.633+03:00  WARN 20440 --- [Carservice] [           main] JpaBaseConfiguration$JpaWebConfiguration : spring.jpa.open-in-view is enabled by default. Therefore, database queries may be performed during view rendering. Explicitly configure spring.jpa.open-in-view to disable this warning
2025-08-12T17:50:51.772+03:00  INFO 20440 --- [Carservice] [           main] r$InitializeUserDetailsManagerConfigurer : Global AuthenticationManager configured with UserDetailsService bean with name userDetailsServiceImpl
2025-08-12T17:50:52.028+03:00  INFO 20440 --- [Carservice] [           main] o.a.k.clients.admin.AdminClientConfig    : AdminClientConfig values: 
	auto.include.jmx.reporter = true
	bootstrap.servers = [localhost:9092]
	client.dns.lookup = use_all_dns_ips
	client.id = Carservice-admin-0
	connections.max.idle.ms = 300000
	default.api.timeout.ms = 60000
	metadata.max.age.ms = 300000
	metric.reporters = []
	metrics.num.samples = 2
	metrics.recording.level = INFO
	metrics.sample.window.ms = 30000
	receive.buffer.bytes = 65536
	reconnect.backoff.max.ms = 1000
	reconnect.backoff.ms = 50
	request.timeout.ms = 30000
	retries = 2147483647
	retry.backoff.ms = 100
	sasl.client.callback.handler.class = null
	sasl.jaas.config = null
	sasl.kerberos.kinit.cmd = /usr/bin/kinit
	sasl.kerberos.min.time.before.relogin = 60000
	sasl.kerberos.service.name = null
	sasl.kerberos.ticket.renew.jitter = 0.05
	sasl.kerberos.ticket.renew.window.factor = 0.8
	sasl.login.callback.handler.class = null
	sasl.login.class = null
	sasl.login.connect.timeout.ms = null
	sasl.login.read.timeout.ms = null
	sasl.login.refresh.buffer.seconds = 300
	sasl.login.refresh.min.period.seconds = 60
	sasl.login.refresh.window.factor = 0.8
	sasl.login.refresh.window.jitter = 0.05
	sasl.login.retry.backoff.max.ms = 10000
	sasl.login.retry.backoff.ms = 100
	sasl.mechanism = GSSAPI
	sasl.oauthbearer.clock.skew.seconds = 30
	sasl.oauthbearer.expected.audience = null
	sasl.oauthbearer.expected.issuer = null
	sasl.oauthbearer.jwks.endpoint.refresh.ms = 3600000
	sasl.oauthbearer.jwks.endpoint.retry.backoff.max.ms = 10000
	sasl.oauthbearer.jwks.endpoint.retry.backoff.ms = 100
	sasl.oauthbearer.jwks.endpoint.url = null
	sasl.oauthbearer.scope.claim.name = scope
	sasl.oauthbearer.sub.claim.name = sub
	sasl.oauthbearer.token.endpoint.url = null
	security.protocol = PLAINTEXT
	security.providers = null
	send.buffer.bytes = 131072
	socket.connection.setup.timeout.max.ms = 30000
	socket.connection.setup.timeout.ms = 10000
	ssl.cipher.suites = null
	ssl.enabled.protocols = [TLSv1.2, TLSv1.3]
	ssl.endpoint.identification.algorithm = https
	ssl.engine.factory.class = null
	ssl.key.password = null
	ssl.keymanager.algorithm = SunX509
	ssl.keystore.certificate.chain = null
	ssl.keystore.key = null
	ssl.keystore.location = null
	ssl.keystore.password = null
	ssl.keystore.type = JKS
	ssl.protocol = TLSv1.3
	ssl.provider = null
	ssl.secure.random.implementation = null
	ssl.trustmanager.algorithm = PKIX
	ssl.truststore.certificates = null
	ssl.truststore.location = null
	ssl.truststore.password = null
	ssl.truststore.type = JKS

2025-08-12T17:50:52.145+03:00  INFO 20440 --- [Carservice] [           main] o.a.kafka.common.utils.AppInfoParser     : Kafka version: 3.4.1
2025-08-12T17:50:52.145+03:00  INFO 20440 --- [Carservice] [           main] o.a.kafka.common.utils.AppInfoParser     : Kafka commitId: 8a516edc2755df89
2025-08-12T17:50:52.145+03:00  INFO 20440 --- [Carservice] [           main] o.a.kafka.common.utils.AppInfoParser     : Kafka startTimeMs: 1755010252143
2025-08-12T17:50:52.404+03:00  INFO 20440 --- [Carservice] [service-admin-0] o.a.kafka.common.utils.AppInfoParser     : App info kafka.admin.client for Carservice-admin-0 unregistered
2025-08-12T17:50:52.407+03:00  INFO 20440 --- [Carservice] [service-admin-0] o.apache.kafka.common.metrics.Metrics    : Metrics scheduler closed
2025-08-12T17:50:52.407+03:00  INFO 20440 --- [Carservice] [service-admin-0] o.apache.kafka.common.metrics.Metrics    : Closing reporter org.apache.kafka.common.metrics.JmxReporter
2025-08-12T17:50:52.407+03:00  INFO 20440 --- [Carservice] [service-admin-0] o.apache.kafka.common.metrics.Metrics    : Metrics reporters closed
2025-08-12T17:50:52.418+03:00  INFO 20440 --- [Carservice] [           main] o.s.b.w.embedded.tomcat.TomcatWebServer  : Tomcat started on port 8081 (http) with context path '/'
2025-08-12T17:50:52.424+03:00  INFO 20440 --- [Carservice] [           main] c.Car.Carservice.CarserviceApplication   : Started CarserviceApplication in 4.161 seconds (process running for 4.465)
2025-08-12T17:51:47.294+03:00  INFO 20440 --- [Carservice] [nio-8081-exec-1] o.a.c.c.C.[Tomcat].[localhost].[/]       : Initializing Spring DispatcherServlet 'dispatcherServlet'
2025-08-12T17:51:47.294+03:00  INFO 20440 --- [Carservice] [nio-8081-exec-1] o.s.web.servlet.DispatcherServlet        : Initializing Servlet 'dispatcherServlet'
2025-08-12T17:51:47.295+03:00  INFO 20440 --- [Carservice] [nio-8081-exec-1] o.s.web.servlet.DispatcherServlet        : Completed initialization in 1 ms
[INFO] ------------------------------------------------------------------------
[INFO] BUILD FAILURE
[INFO] ------------------------------------------------------------------------
[INFO] Total time:  13:36 min
[INFO] Finished at: 2025-08-12T18:04:20+03:00
[INFO] ------------------------------------------------------------------------
[ERROR] Failed to execute goal org.springframework.boot:spring-boot-maven-plugin:3.5.3:run (default-cli) on project Carservice: Process terminated with exit code: 1 -> [Help 1]
[ERROR] 
[ERROR] To see the full stack trace of the errors, re-run Maven with the -e switch.
[ERROR] Re-run Maven using the -X switch to enable full debug logging.
[ERROR] 
[ERROR] For more information about the errors and possible solutions, please read the following articles:
[ERROR] [Help 1] http://cwiki.apache.org/confluence/display/MAVEN/MojoExecutionException
[INFO] Scanning for projects...
[INFO] 
[INFO] -------------------------< com.Car:Carservice >-------------------------
[INFO] Building Carservice 0.0.1-SNAPSHOT
[INFO]   from pom.xml
[INFO] --------------------------------[ jar ]---------------------------------
[INFO] 
[INFO] >>> spring-boot:3.5.3:run (default-cli) > test-compile @ Carservice >>>
[INFO] 
[INFO] --- resources:3.3.1:resources (default-resources) @ Carservice ---
[INFO] Copying 1 resource from src\main\resources to target\classes
[INFO] Copying 0 resource from src\main\resources to target\classes
[INFO] 
[INFO] --- compiler:3.13.0:compile (default-compile) @ Carservice ---
[INFO] Recompiling the module because of changed source code.
[INFO] Compiling 18 source files with javac [debug parameters release 23] to target\classes
[INFO] /D:/2Kurs/MaksKiano/Carservice/src/main/java/com/Car/Carservice/Security/JwtRequestFilter.java: D:\2Kurs\MaksKiano\Carservice\src\main\java\com\Car\Carservice\Security\JwtRequestFilter.java uses or overrides a deprecated API.
[INFO] /D:/2Kurs/MaksKiano/Carservice/src/main/java/com/Car/Carservice/Security/JwtRequestFilter.java: Recompile with -Xlint:deprecation for details.
[INFO] 
[INFO] --- resources:3.3.1:testResources (default-testResources) @ Carservice ---
[INFO] skip non existing resourceDirectory D:\2Kurs\MaksKiano\Carservice\src\test\resources
[INFO] 
[INFO] --- compiler:3.13.0:testCompile (default-testCompile) @ Carservice ---
[INFO] Recompiling the module because of changed dependency.
[INFO] Compiling 1 source file with javac [debug parameters release 23] to target\test-classes
[INFO] 
[INFO] <<< spring-boot:3.5.3:run (default-cli) < test-compile @ Carservice <<<
[INFO] 
[INFO] 
[INFO] --- spring-boot:3.5.3:run (default-cli) @ Carservice ---
[INFO] Attaching agents: []

  .   ____          _            __ _ _
 /\\ / ___'_ __ _ _(_)_ __  __ _ \ \ \ \
( ( )\___ | '_ | '_| | '_ \/ _` | \ \ \ \
 \\/  ___)| |_)| | | | | || (_| |  ) ) ) )
  '  |____| .__|_| |_|_| |_\__, | / / / /
 =========|_|==============|___/=/_/_/_/

 :: Spring Boot ::                (v3.5.3)

2025-08-12T18:09:47.212+03:00  INFO 1944 --- [Carservice] [           main] c.Car.Carservice.CarserviceApplication   : Starting CarserviceApplication using Java 23 with PID 1944 (D:\2Kurs\MaksKiano\Carservice\target\classes started by semka in D:\2Kurs\MaksKiano\Carservice)
2025-08-12T18:09:47.214+03:00  INFO 1944 --- [Carservice] [           main] c.Car.Carservice.CarserviceApplication   : No active profile set, falling back to 1 default profile: "default"
2025-08-12T18:09:47.798+03:00  INFO 1944 --- [Carservice] [           main] .s.d.r.c.RepositoryConfigurationDelegate : Bootstrapping Spring Data JPA repositories in DEFAULT mode.
2025-08-12T18:09:47.848+03:00  INFO 1944 --- [Carservice] [           main] .s.d.r.c.RepositoryConfigurationDelegate : Finished Spring Data repository scanning in 43 ms. Found 3 JPA repository interfaces.
2025-08-12T18:09:48.313+03:00  INFO 1944 --- [Carservice] [           main] o.s.b.w.embedded.tomcat.TomcatWebServer  : Tomcat initialized with port 8081 (http)
2025-08-12T18:09:48.326+03:00  INFO 1944 --- [Carservice] [           main] o.apache.catalina.core.StandardService   : Starting service [Tomcat]
2025-08-12T18:09:48.326+03:00  INFO 1944 --- [Carservice] [           main] o.apache.catalina.core.StandardEngine    : Starting Servlet engine: [Apache Tomcat/10.1.42]
2025-08-12T18:09:48.373+03:00  INFO 1944 --- [Carservice] [           main] o.a.c.c.C.[Tomcat].[localhost].[/]       : Initializing Spring embedded WebApplicationContext
2025-08-12T18:09:48.374+03:00  INFO 1944 --- [Carservice] [           main] w.s.c.ServletWebServerApplicationContext : Root WebApplicationContext: initialization completed in 1116 ms
2025-08-12T18:09:48.438+03:00  INFO 1944 --- [Carservice] [           main] com.zaxxer.hikari.HikariDataSource       : HikariPool-1 - Starting...
2025-08-12T18:09:48.579+03:00  INFO 1944 --- [Carservice] [           main] com.zaxxer.hikari.pool.HikariPool        : HikariPool-1 - Added connection org.postgresql.jdbc.PgConnection@41f3aaf1
2025-08-12T18:09:48.580+03:00  INFO 1944 --- [Carservice] [           main] com.zaxxer.hikari.HikariDataSource       : HikariPool-1 - Start completed.
2025-08-12T18:09:48.619+03:00  INFO 1944 --- [Carservice] [           main] o.hibernate.jpa.internal.util.LogHelper  : HHH000204: Processing PersistenceUnitInfo [name: default]
2025-08-12T18:09:48.670+03:00  INFO 1944 --- [Carservice] [           main] org.hibernate.Version                    : HHH000412: Hibernate ORM core version 6.6.18.Final
2025-08-12T18:09:48.730+03:00  INFO 1944 --- [Carservice] [           main] o.h.c.internal.RegionFactoryInitiator    : HHH000026: Second-level cache disabled
2025-08-12T18:09:48.960+03:00  INFO 1944 --- [Carservice] [           main] o.s.o.j.p.SpringPersistenceUnitInfo      : No LoadTimeWeaver setup: ignoring JPA class transformer
2025-08-12T18:09:49.032+03:00  INFO 1944 --- [Carservice] [           main] org.hibernate.orm.connections.pooling    : HHH10001005: Database info:
	Database JDBC URL [Connecting through datasource 'HikariDataSource (HikariPool-1)']
	Database driver: undefined/unknown
	Database version: 17.0
	Autocommit mode: undefined/unknown
	Isolation level: undefined/unknown
	Minimum pool size: undefined/unknown
	Maximum pool size: undefined/unknown
2025-08-12T18:09:49.778+03:00  INFO 1944 --- [Carservice] [           main] o.h.e.t.j.p.i.JtaPlatformInitiator       : HHH000489: No JTA platform available (set 'hibernate.transaction.jta.platform' to enable JTA platform integration)
2025-08-12T18:09:49.780+03:00  INFO 1944 --- [Carservice] [           main] j.LocalContainerEntityManagerFactoryBean : Initialized JPA EntityManagerFactory for persistence unit 'default'
2025-08-12T18:09:50.328+03:00  WARN 1944 --- [Carservice] [           main] JpaBaseConfiguration$JpaWebConfiguration : spring.jpa.open-in-view is enabled by default. Therefore, database queries may be performed during view rendering. Explicitly configure spring.jpa.open-in-view to disable this warning
2025-08-12T18:09:50.594+03:00  INFO 1944 --- [Carservice] [           main] r$InitializeUserDetailsManagerConfigurer : Global AuthenticationManager configured with UserDetailsService bean with name userDetailsServiceImpl
2025-08-12T18:09:51.013+03:00  INFO 1944 --- [Carservice] [           main] o.a.k.clients.admin.AdminClientConfig    : AdminClientConfig values: 
	auto.include.jmx.reporter = true
	bootstrap.servers = [localhost:9092]
	client.dns.lookup = use_all_dns_ips
	client.id = Carservice-admin-0
	connections.max.idle.ms = 300000
	default.api.timeout.ms = 60000
	metadata.max.age.ms = 300000
	metric.reporters = []
	metrics.num.samples = 2
	metrics.recording.level = INFO
	metrics.sample.window.ms = 30000
	receive.buffer.bytes = 65536
	reconnect.backoff.max.ms = 1000
	reconnect.backoff.ms = 50
	request.timeout.ms = 30000
	retries = 2147483647
	retry.backoff.ms = 100
	sasl.client.callback.handler.class = null
	sasl.jaas.config = null
	sasl.kerberos.kinit.cmd = /usr/bin/kinit
	sasl.kerberos.min.time.before.relogin = 60000
	sasl.kerberos.service.name = null
	sasl.kerberos.ticket.renew.jitter = 0.05
	sasl.kerberos.ticket.renew.window.factor = 0.8
	sasl.login.callback.handler.class = null
	sasl.login.class = null
	sasl.login.connect.timeout.ms = null
	sasl.login.read.timeout.ms = null
	sasl.login.refresh.buffer.seconds = 300
	sasl.login.refresh.min.period.seconds = 60
	sasl.login.refresh.window.factor = 0.8
	sasl.login.refresh.window.jitter = 0.05
	sasl.login.retry.backoff.max.ms = 10000
	sasl.login.retry.backoff.ms = 100
	sasl.mechanism = GSSAPI
	sasl.oauthbearer.clock.skew.seconds = 30
	sasl.oauthbearer.expected.audience = null
	sasl.oauthbearer.expected.issuer = null
	sasl.oauthbearer.jwks.endpoint.refresh.ms = 3600000
	sasl.oauthbearer.jwks.endpoint.retry.backoff.max.ms = 10000
	sasl.oauthbearer.jwks.endpoint.retry.backoff.ms = 100
	sasl.oauthbearer.jwks.endpoint.url = null
	sasl.oauthbearer.scope.claim.name = scope
	sasl.oauthbearer.sub.claim.name = sub
	sasl.oauthbearer.token.endpoint.url = null
	security.protocol = PLAINTEXT
	security.providers = null
	send.buffer.bytes = 131072
	socket.connection.setup.timeout.max.ms = 30000
	socket.connection.setup.timeout.ms = 10000
	ssl.cipher.suites = null
	ssl.enabled.protocols = [TLSv1.2, TLSv1.3]
	ssl.endpoint.identification.algorithm = https
	ssl.engine.factory.class = null
	ssl.key.password = null
	ssl.keymanager.algorithm = SunX509
	ssl.keystore.certificate.chain = null
	ssl.keystore.key = null
	ssl.keystore.location = null
	ssl.keystore.password = null
	ssl.keystore.type = JKS
	ssl.protocol = TLSv1.3
	ssl.provider = null
	ssl.secure.random.implementation = null
	ssl.trustmanager.algorithm = PKIX
	ssl.truststore.certificates = null
	ssl.truststore.location = null
	ssl.truststore.password = null
	ssl.truststore.type = JKS

2025-08-12T18:09:51.175+03:00  INFO 1944 --- [Carservice] [           main] o.a.kafka.common.utils.AppInfoParser     : Kafka version: 3.4.1
2025-08-12T18:09:51.175+03:00  INFO 1944 --- [Carservice] [           main] o.a.kafka.common.utils.AppInfoParser     : Kafka commitId: 8a516edc2755df89
2025-08-12T18:09:51.175+03:00  INFO 1944 --- [Carservice] [           main] o.a.kafka.common.utils.AppInfoParser     : Kafka startTimeMs: 1755011391174
2025-08-12T18:09:51.493+03:00  INFO 1944 --- [Carservice] [service-admin-0] o.a.kafka.common.utils.AppInfoParser     : App info kafka.admin.client for Carservice-admin-0 unregistered
2025-08-12T18:09:51.497+03:00  INFO 1944 --- [Carservice] [service-admin-0] o.apache.kafka.common.metrics.Metrics    : Metrics scheduler closed
2025-08-12T18:09:51.497+03:00  INFO 1944 --- [Carservice] [service-admin-0] o.apache.kafka.common.metrics.Metrics    : Closing reporter org.apache.kafka.common.metrics.JmxReporter
2025-08-12T18:09:51.497+03:00  INFO 1944 --- [Carservice] [service-admin-0] o.apache.kafka.common.metrics.Metrics    : Metrics reporters closed
2025-08-12T18:09:51.510+03:00  INFO 1944 --- [Carservice] [           main] o.s.b.w.embedded.tomcat.TomcatWebServer  : Tomcat started on port 8081 (http) with context path '/'
2025-08-12T18:09:51.518+03:00  INFO 1944 --- [Carservice] [           main] c.Car.Carservice.CarserviceApplication   : Started CarserviceApplication in 4.646 seconds (process running for 4.982)
2025-08-12T18:12:37.909+03:00  INFO 1944 --- [Carservice] [nio-8081-exec-1] o.a.c.c.C.[Tomcat].[localhost].[/]       : Initializing Spring DispatcherServlet 'dispatcherServlet'
2025-08-12T18:12:37.914+03:00  INFO 1944 --- [Carservice] [nio-8081-exec-1] o.s.web.servlet.DispatcherServlet        : Initializing Servlet 'dispatcherServlet'
2025-08-12T18:12:37.944+03:00  INFO 1944 --- [Carservice] [nio-8081-exec-1] o.s.web.servlet.DispatcherServlet        : Completed initialization in 30 ms
[INFO] ------------------------------------------------------------------------
[INFO] BUILD FAILURE
[INFO] ------------------------------------------------------------------------
[INFO] Total time:  04:24 min
[INFO] Finished at: 2025-08-12T18:14:06+03:00
[INFO] ------------------------------------------------------------------------
[ERROR] Failed to execute goal org.springframework.boot:spring-boot-maven-plugin:3.5.3:run (default-cli) on project Carservice: Process terminated with exit code: 1 -> [Help 1]
[ERROR] 
[ERROR] To see the full stack trace of the errors, re-run Maven with the -e switch.
[ERROR] Re-run Maven using the -X switch to enable full debug logging.
[ERROR] 
[ERROR] For more information about the errors and possible solutions, please read the following articles:
[ERROR] [Help 1] http://cwiki.apache.org/confluence/display/MAVEN/MojoExecutionException
[INFO] Scanning for projects...
[INFO] 
[INFO] -------------------------< com.Car:Carservice >-------------------------
[INFO] Building Carservice 0.0.1-SNAPSHOT
[INFO]   from pom.xml
[INFO] --------------------------------[ jar ]---------------------------------
[INFO] 
[INFO] >>> spring-boot:3.5.3:run (default-cli) > test-compile @ Carservice >>>
[INFO] 
[INFO] --- resources:3.3.1:resources (default-resources) @ Carservice ---
[INFO] Copying 1 resource from src\main\resources to target\classes
[INFO] Copying 0 resource from src\main\resources to target\classes
[INFO] 
[INFO] --- compiler:3.13.0:compile (default-compile) @ Carservice ---
[INFO] Recompiling the module because of changed source code.
[INFO] Compiling 18 source files with javac [debug parameters release 23] to target\classes
[INFO] /D:/2Kurs/MaksKiano/Carservice/src/main/java/com/Car/Carservice/Security/JwtRequestFilter.java: D:\2Kurs\MaksKiano\Carservice\src\main\java\com\Car\Carservice\Security\JwtRequestFilter.java uses or overrides a deprecated API.
[INFO] /D:/2Kurs/MaksKiano/Carservice/src/main/java/com/Car/Carservice/Security/JwtRequestFilter.java: Recompile with -Xlint:deprecation for details.
[INFO] 
[INFO] --- resources:3.3.1:testResources (default-testResources) @ Carservice ---
[INFO] skip non existing resourceDirectory D:\2Kurs\MaksKiano\Carservice\src\test\resources
[INFO] 
[INFO] --- compiler:3.13.0:testCompile (default-testCompile) @ Carservice ---
[INFO] Recompiling the module because of changed dependency.
[INFO] Compiling 1 source file with javac [debug parameters release 23] to target\test-classes
[INFO] 
[INFO] <<< spring-boot:3.5.3:run (default-cli) < test-compile @ Carservice <<<
[INFO] 
[INFO] 
[INFO] --- spring-boot:3.5.3:run (default-cli) @ Carservice ---
[INFO] Attaching agents: []

  .   ____          _            __ _ _
 /\\ / ___'_ __ _ _(_)_ __  __ _ \ \ \ \
( ( )\___ | '_ | '_| | '_ \/ _` | \ \ \ \
 \\/  ___)| |_)| | | | | || (_| |  ) ) ) )
  '  |____| .__|_| |_|_| |_\__, | / / / /
 =========|_|==============|___/=/_/_/_/

 :: Spring Boot ::                (v3.5.3)

2025-08-12T18:22:38.990+03:00  INFO 15288 --- [Carservice] [           main] c.Car.Carservice.CarserviceApplication   : Starting CarserviceApplication using Java 23 with PID 15288 (D:\2Kurs\MaksKiano\Carservice\target\classes started by semka in D:\2Kurs\MaksKiano\Carservice)
2025-08-12T18:22:38.991+03:00  INFO 15288 --- [Carservice] [           main] c.Car.Carservice.CarserviceApplication   : No active profile set, falling back to 1 default profile: "default"
2025-08-12T18:22:39.573+03:00  INFO 15288 --- [Carservice] [           main] .s.d.r.c.RepositoryConfigurationDelegate : Bootstrapping Spring Data JPA repositories in DEFAULT mode.
2025-08-12T18:22:39.622+03:00  INFO 15288 --- [Carservice] [           main] .s.d.r.c.RepositoryConfigurationDelegate : Finished Spring Data repository scanning in 42 ms. Found 3 JPA repository interfaces.
2025-08-12T18:22:40.078+03:00  INFO 15288 --- [Carservice] [           main] o.s.b.w.embedded.tomcat.TomcatWebServer  : Tomcat initialized with port 8081 (http)
2025-08-12T18:22:40.090+03:00  INFO 15288 --- [Carservice] [           main] o.apache.catalina.core.StandardService   : Starting service [Tomcat]
2025-08-12T18:22:40.090+03:00  INFO 15288 --- [Carservice] [           main] o.apache.catalina.core.StandardEngine    : Starting Servlet engine: [Apache Tomcat/10.1.42]
2025-08-12T18:22:40.135+03:00  INFO 15288 --- [Carservice] [           main] o.a.c.c.C.[Tomcat].[localhost].[/]       : Initializing Spring embedded WebApplicationContext
2025-08-12T18:22:40.136+03:00  INFO 15288 --- [Carservice] [           main] w.s.c.ServletWebServerApplicationContext : Root WebApplicationContext: initialization completed in 1096 ms
2025-08-12T18:22:40.199+03:00  INFO 15288 --- [Carservice] [           main] com.zaxxer.hikari.HikariDataSource       : HikariPool-1 - Starting...
2025-08-12T18:22:40.348+03:00  INFO 15288 --- [Carservice] [           main] com.zaxxer.hikari.pool.HikariPool        : HikariPool-1 - Added connection org.postgresql.jdbc.PgConnection@72028a45
2025-08-12T18:22:40.349+03:00  INFO 15288 --- [Carservice] [           main] com.zaxxer.hikari.HikariDataSource       : HikariPool-1 - Start completed.
2025-08-12T18:22:40.379+03:00  INFO 15288 --- [Carservice] [           main] o.hibernate.jpa.internal.util.LogHelper  : HHH000204: Processing PersistenceUnitInfo [name: default]
2025-08-12T18:22:40.427+03:00  INFO 15288 --- [Carservice] [           main] org.hibernate.Version                    : HHH000412: Hibernate ORM core version 6.6.18.Final
2025-08-12T18:22:40.468+03:00  INFO 15288 --- [Carservice] [           main] o.h.c.internal.RegionFactoryInitiator    : HHH000026: Second-level cache disabled
2025-08-12T18:22:40.692+03:00  INFO 15288 --- [Carservice] [           main] o.s.o.j.p.SpringPersistenceUnitInfo      : No LoadTimeWeaver setup: ignoring JPA class transformer
2025-08-12T18:22:40.765+03:00  INFO 15288 --- [Carservice] [           main] org.hibernate.orm.connections.pooling    : HHH10001005: Database info:
	Database JDBC URL [Connecting through datasource 'HikariDataSource (HikariPool-1)']
	Database driver: undefined/unknown
	Database version: 17.0
	Autocommit mode: undefined/unknown
	Isolation level: undefined/unknown
	Minimum pool size: undefined/unknown
	Maximum pool size: undefined/unknown
2025-08-12T18:22:41.562+03:00  INFO 15288 --- [Carservice] [           main] o.h.e.t.j.p.i.JtaPlatformInitiator       : HHH000489: No JTA platform available (set 'hibernate.transaction.jta.platform' to enable JTA platform integration)
2025-08-12T18:22:41.565+03:00  INFO 15288 --- [Carservice] [           main] j.LocalContainerEntityManagerFactoryBean : Initialized JPA EntityManagerFactory for persistence unit 'default'
2025-08-12T18:22:41.934+03:00  WARN 15288 --- [Carservice] [           main] JpaBaseConfiguration$JpaWebConfiguration : spring.jpa.open-in-view is enabled by default. Therefore, database queries may be performed during view rendering. Explicitly configure spring.jpa.open-in-view to disable this warning
2025-08-12T18:22:42.073+03:00  INFO 15288 --- [Carservice] [           main] r$InitializeUserDetailsManagerConfigurer : Global AuthenticationManager configured with UserDetailsService bean with name userDetailsServiceImpl
2025-08-12T18:22:42.320+03:00  INFO 15288 --- [Carservice] [           main] o.a.k.clients.admin.AdminClientConfig    : AdminClientConfig values: 
	auto.include.jmx.reporter = true
	bootstrap.servers = [localhost:9092]
	client.dns.lookup = use_all_dns_ips
	client.id = Carservice-admin-0
	connections.max.idle.ms = 300000
	default.api.timeout.ms = 60000
	metadata.max.age.ms = 300000
	metric.reporters = []
	metrics.num.samples = 2
	metrics.recording.level = INFO
	metrics.sample.window.ms = 30000
	receive.buffer.bytes = 65536
	reconnect.backoff.max.ms = 1000
	reconnect.backoff.ms = 50
	request.timeout.ms = 30000
	retries = 2147483647
	retry.backoff.ms = 100
	sasl.client.callback.handler.class = null
	sasl.jaas.config = null
	sasl.kerberos.kinit.cmd = /usr/bin/kinit
	sasl.kerberos.min.time.before.relogin = 60000
	sasl.kerberos.service.name = null
	sasl.kerberos.ticket.renew.jitter = 0.05
	sasl.kerberos.ticket.renew.window.factor = 0.8
	sasl.login.callback.handler.class = null
	sasl.login.class = null
	sasl.login.connect.timeout.ms = null
	sasl.login.read.timeout.ms = null
	sasl.login.refresh.buffer.seconds = 300
	sasl.login.refresh.min.period.seconds = 60
	sasl.login.refresh.window.factor = 0.8
	sasl.login.refresh.window.jitter = 0.05
	sasl.login.retry.backoff.max.ms = 10000
	sasl.login.retry.backoff.ms = 100
	sasl.mechanism = GSSAPI
	sasl.oauthbearer.clock.skew.seconds = 30
	sasl.oauthbearer.expected.audience = null
	sasl.oauthbearer.expected.issuer = null
	sasl.oauthbearer.jwks.endpoint.refresh.ms = 3600000
	sasl.oauthbearer.jwks.endpoint.retry.backoff.max.ms = 10000
	sasl.oauthbearer.jwks.endpoint.retry.backoff.ms = 100
	sasl.oauthbearer.jwks.endpoint.url = null
	sasl.oauthbearer.scope.claim.name = scope
	sasl.oauthbearer.sub.claim.name = sub
	sasl.oauthbearer.token.endpoint.url = null
	security.protocol = PLAINTEXT
	security.providers = null
	send.buffer.bytes = 131072
	socket.connection.setup.timeout.max.ms = 30000
	socket.connection.setup.timeout.ms = 10000
	ssl.cipher.suites = null
	ssl.enabled.protocols = [TLSv1.2, TLSv1.3]
	ssl.endpoint.identification.algorithm = https
	ssl.engine.factory.class = null
	ssl.key.password = null
	ssl.keymanager.algorithm = SunX509
	ssl.keystore.certificate.chain = null
	ssl.keystore.key = null
	ssl.keystore.location = null
	ssl.keystore.password = null
	ssl.keystore.type = JKS
	ssl.protocol = TLSv1.3
	ssl.provider = null
	ssl.secure.random.implementation = null
	ssl.trustmanager.algorithm = PKIX
	ssl.truststore.certificates = null
	ssl.truststore.location = null
	ssl.truststore.password = null
	ssl.truststore.type = JKS

2025-08-12T18:22:42.428+03:00  INFO 15288 --- [Carservice] [           main] o.a.kafka.common.utils.AppInfoParser     : Kafka version: 3.4.1
2025-08-12T18:22:42.429+03:00  INFO 15288 --- [Carservice] [           main] o.a.kafka.common.utils.AppInfoParser     : Kafka commitId: 8a516edc2755df89
2025-08-12T18:22:42.429+03:00  INFO 15288 --- [Carservice] [           main] o.a.kafka.common.utils.AppInfoParser     : Kafka startTimeMs: 1755012162427
2025-08-12T18:22:42.685+03:00  INFO 15288 --- [Carservice] [service-admin-0] o.a.kafka.common.utils.AppInfoParser     : App info kafka.admin.client for Carservice-admin-0 unregistered
2025-08-12T18:22:42.688+03:00  INFO 15288 --- [Carservice] [service-admin-0] o.apache.kafka.common.metrics.Metrics    : Metrics scheduler closed
2025-08-12T18:22:42.688+03:00  INFO 15288 --- [Carservice] [service-admin-0] o.apache.kafka.common.metrics.Metrics    : Closing reporter org.apache.kafka.common.metrics.JmxReporter
2025-08-12T18:22:42.688+03:00  INFO 15288 --- [Carservice] [service-admin-0] o.apache.kafka.common.metrics.Metrics    : Metrics reporters closed
2025-08-12T18:22:42.699+03:00  INFO 15288 --- [Carservice] [           main] o.s.b.w.embedded.tomcat.TomcatWebServer  : Tomcat started on port 8081 (http) with context path '/'
2025-08-12T18:22:42.705+03:00  INFO 15288 --- [Carservice] [           main] c.Car.Carservice.CarserviceApplication   : Started CarserviceApplication in 4.055 seconds (process running for 4.359)
2025-08-12T18:23:45.836+03:00  INFO 15288 --- [Carservice] [nio-8081-exec-1] o.a.c.c.C.[Tomcat].[localhost].[/]       : Initializing Spring DispatcherServlet 'dispatcherServlet'
2025-08-12T18:23:45.837+03:00  INFO 15288 --- [Carservice] [nio-8081-exec-1] o.s.web.servlet.DispatcherServlet        : Initializing Servlet 'dispatcherServlet'
2025-08-12T18:23:45.837+03:00  INFO 15288 --- [Carservice] [nio-8081-exec-1] o.s.web.servlet.DispatcherServlet        : Completed initialization in 0 ms
[INFO] ------------------------------------------------------------------------
[INFO] BUILD FAILURE
[INFO] ------------------------------------------------------------------------
[INFO] Total time:  03:53 min
[INFO] Finished at: 2025-08-12T18:26:27+03:00
[INFO] ------------------------------------------------------------------------
[ERROR] Failed to execute goal org.springframework.boot:spring-boot-maven-plugin:3.5.3:run (default-cli) on project Carservice: Process terminated with exit code: 1 -> [Help 1]
[ERROR] 
[ERROR] To see the full stack trace of the errors, re-run Maven with the -e switch.
[ERROR] Re-run Maven using the -X switch to enable full debug logging.
[ERROR] 
[ERROR] For more information about the errors and possible solutions, please read the following articles:
[ERROR] [Help 1] http://cwiki.apache.org/confluence/display/MAVEN/MojoExecutionException
[INFO] Scanning for projects...
[INFO] 
[INFO] -------------------------< com.Car:Carservice >-------------------------
[INFO] Building Carservice 0.0.1-SNAPSHOT
[INFO]   from pom.xml
[INFO] --------------------------------[ jar ]---------------------------------
[INFO] 
[INFO] >>> spring-boot:3.5.3:run (default-cli) > test-compile @ Carservice >>>
[INFO] 
[INFO] --- resources:3.3.1:resources (default-resources) @ Carservice ---
[INFO] Copying 1 resource from src\main\resources to target\classes
[INFO] Copying 0 resource from src\main\resources to target\classes
[INFO] 
[INFO] --- compiler:3.13.0:compile (default-compile) @ Carservice ---
[INFO] Recompiling the module because of changed source code.
[INFO] Compiling 18 source files with javac [debug parameters release 23] to target\classes
[INFO] /D:/2Kurs/MaksKiano/Carservice/src/main/java/com/Car/Carservice/Security/JwtRequestFilter.java: D:\2Kurs\MaksKiano\Carservice\src\main\java\com\Car\Carservice\Security\JwtRequestFilter.java uses or overrides a deprecated API.
[INFO] /D:/2Kurs/MaksKiano/Carservice/src/main/java/com/Car/Carservice/Security/JwtRequestFilter.java: Recompile with -Xlint:deprecation for details.
[INFO] 
[INFO] --- resources:3.3.1:testResources (default-testResources) @ Carservice ---
[INFO] skip non existing resourceDirectory D:\2Kurs\MaksKiano\Carservice\src\test\resources
[INFO] 
[INFO] --- compiler:3.13.0:testCompile (default-testCompile) @ Carservice ---
[INFO] Recompiling the module because of changed dependency.
[INFO] Compiling 1 source file with javac [debug parameters release 23] to target\test-classes
[INFO] 
[INFO] <<< spring-boot:3.5.3:run (default-cli) < test-compile @ Carservice <<<
[INFO] 
[INFO] 
[INFO] --- spring-boot:3.5.3:run (default-cli) @ Carservice ---
[INFO] Attaching agents: []

  .   ____          _            __ _ _
 /\\ / ___'_ __ _ _(_)_ __  __ _ \ \ \ \
( ( )\___ | '_ | '_| | '_ \/ _` | \ \ \ \
 \\/  ___)| |_)| | | | | || (_| |  ) ) ) )
  '  |____| .__|_| |_|_| |_\__, | / / / /
 =========|_|==============|___/=/_/_/_/

 :: Spring Boot ::                (v3.5.3)

2025-08-12T19:48:57.317+03:00  INFO 4752 --- [Carservice] [           main] c.Car.Carservice.CarserviceApplication   : Starting CarserviceApplication using Java 23 with PID 4752 (D:\2Kurs\MaksKiano\Carservice\target\classes started by semka in D:\2Kurs\MaksKiano\Carservice)
2025-08-12T19:48:57.319+03:00  INFO 4752 --- [Carservice] [           main] c.Car.Carservice.CarserviceApplication   : No active profile set, falling back to 1 default profile: "default"
2025-08-12T19:48:58.102+03:00  INFO 4752 --- [Carservice] [           main] .s.d.r.c.RepositoryConfigurationDelegate : Bootstrapping Spring Data JPA repositories in DEFAULT mode.
2025-08-12T19:48:58.170+03:00  INFO 4752 --- [Carservice] [           main] .s.d.r.c.RepositoryConfigurationDelegate : Finished Spring Data repository scanning in 59 ms. Found 3 JPA repository interfaces.
2025-08-12T19:48:58.772+03:00  INFO 4752 --- [Carservice] [           main] o.s.b.w.embedded.tomcat.TomcatWebServer  : Tomcat initialized with port 8081 (http)
2025-08-12T19:48:58.786+03:00  INFO 4752 --- [Carservice] [           main] o.apache.catalina.core.StandardService   : Starting service [Tomcat]
2025-08-12T19:48:58.786+03:00  INFO 4752 --- [Carservice] [           main] o.apache.catalina.core.StandardEngine    : Starting Servlet engine: [Apache Tomcat/10.1.42]
2025-08-12T19:48:58.840+03:00  INFO 4752 --- [Carservice] [           main] o.a.c.c.C.[Tomcat].[localhost].[/]       : Initializing Spring embedded WebApplicationContext
2025-08-12T19:48:58.841+03:00  INFO 4752 --- [Carservice] [           main] w.s.c.ServletWebServerApplicationContext : Root WebApplicationContext: initialization completed in 1471 ms
2025-08-12T19:48:58.918+03:00  INFO 4752 --- [Carservice] [           main] com.zaxxer.hikari.HikariDataSource       : HikariPool-1 - Starting...
2025-08-12T19:48:59.087+03:00  INFO 4752 --- [Carservice] [           main] com.zaxxer.hikari.pool.HikariPool        : HikariPool-1 - Added connection org.postgresql.jdbc.PgConnection@1578b8ec
2025-08-12T19:48:59.089+03:00  INFO 4752 --- [Carservice] [           main] com.zaxxer.hikari.HikariDataSource       : HikariPool-1 - Start completed.
2025-08-12T19:48:59.122+03:00  INFO 4752 --- [Carservice] [           main] o.hibernate.jpa.internal.util.LogHelper  : HHH000204: Processing PersistenceUnitInfo [name: default]
2025-08-12T19:48:59.173+03:00  INFO 4752 --- [Carservice] [           main] org.hibernate.Version                    : HHH000412: Hibernate ORM core version 6.6.18.Final
2025-08-12T19:48:59.217+03:00  INFO 4752 --- [Carservice] [           main] o.h.c.internal.RegionFactoryInitiator    : HHH000026: Second-level cache disabled
2025-08-12T19:48:59.543+03:00  INFO 4752 --- [Carservice] [           main] o.s.o.j.p.SpringPersistenceUnitInfo      : No LoadTimeWeaver setup: ignoring JPA class transformer
2025-08-12T19:48:59.632+03:00  INFO 4752 --- [Carservice] [           main] org.hibernate.orm.connections.pooling    : HHH10001005: Database info:
	Database JDBC URL [Connecting through datasource 'HikariDataSource (HikariPool-1)']
	Database driver: undefined/unknown
	Database version: 17.0
	Autocommit mode: undefined/unknown
	Isolation level: undefined/unknown
	Minimum pool size: undefined/unknown
	Maximum pool size: undefined/unknown
2025-08-12T19:49:00.578+03:00  INFO 4752 --- [Carservice] [           main] o.h.e.t.j.p.i.JtaPlatformInitiator       : HHH000489: No JTA platform available (set 'hibernate.transaction.jta.platform' to enable JTA platform integration)
2025-08-12T19:49:00.580+03:00  INFO 4752 --- [Carservice] [           main] j.LocalContainerEntityManagerFactoryBean : Initialized JPA EntityManagerFactory for persistence unit 'default'
2025-08-12T19:49:01.055+03:00  WARN 4752 --- [Carservice] [           main] JpaBaseConfiguration$JpaWebConfiguration : spring.jpa.open-in-view is enabled by default. Therefore, database queries may be performed during view rendering. Explicitly configure spring.jpa.open-in-view to disable this warning
2025-08-12T19:49:01.221+03:00  INFO 4752 --- [Carservice] [           main] r$InitializeUserDetailsManagerConfigurer : Global AuthenticationManager configured with UserDetailsService bean with name userDetailsServiceImpl
2025-08-12T19:49:01.589+03:00  INFO 4752 --- [Carservice] [           main] o.a.k.clients.admin.AdminClientConfig    : AdminClientConfig values: 
	auto.include.jmx.reporter = true
	bootstrap.servers = [localhost:9092]
	client.dns.lookup = use_all_dns_ips
	client.id = Carservice-admin-0
	connections.max.idle.ms = 300000
	default.api.timeout.ms = 60000
	metadata.max.age.ms = 300000
	metric.reporters = []
	metrics.num.samples = 2
	metrics.recording.level = INFO
	metrics.sample.window.ms = 30000
	receive.buffer.bytes = 65536
	reconnect.backoff.max.ms = 1000
	reconnect.backoff.ms = 50
	request.timeout.ms = 30000
	retries = 2147483647
	retry.backoff.ms = 100
	sasl.client.callback.handler.class = null
	sasl.jaas.config = null
	sasl.kerberos.kinit.cmd = /usr/bin/kinit
	sasl.kerberos.min.time.before.relogin = 60000
	sasl.kerberos.service.name = null
	sasl.kerberos.ticket.renew.jitter = 0.05
	sasl.kerberos.ticket.renew.window.factor = 0.8
	sasl.login.callback.handler.class = null
	sasl.login.class = null
	sasl.login.connect.timeout.ms = null
	sasl.login.read.timeout.ms = null
	sasl.login.refresh.buffer.seconds = 300
	sasl.login.refresh.min.period.seconds = 60
	sasl.login.refresh.window.factor = 0.8
	sasl.login.refresh.window.jitter = 0.05
	sasl.login.retry.backoff.max.ms = 10000
	sasl.login.retry.backoff.ms = 100
	sasl.mechanism = GSSAPI
	sasl.oauthbearer.clock.skew.seconds = 30
	sasl.oauthbearer.expected.audience = null
	sasl.oauthbearer.expected.issuer = null
	sasl.oauthbearer.jwks.endpoint.refresh.ms = 3600000
	sasl.oauthbearer.jwks.endpoint.retry.backoff.max.ms = 10000
	sasl.oauthbearer.jwks.endpoint.retry.backoff.ms = 100
	sasl.oauthbearer.jwks.endpoint.url = null
	sasl.oauthbearer.scope.claim.name = scope
	sasl.oauthbearer.sub.claim.name = sub
	sasl.oauthbearer.token.endpoint.url = null
	security.protocol = PLAINTEXT
	security.providers = null
	send.buffer.bytes = 131072
	socket.connection.setup.timeout.max.ms = 30000
	socket.connection.setup.timeout.ms = 10000
	ssl.cipher.suites = null
	ssl.enabled.protocols = [TLSv1.2, TLSv1.3]
	ssl.endpoint.identification.algorithm = https
	ssl.engine.factory.class = null
	ssl.key.password = null
	ssl.keymanager.algorithm = SunX509
	ssl.keystore.certificate.chain = null
	ssl.keystore.key = null
	ssl.keystore.location = null
	ssl.keystore.password = null
	ssl.keystore.type = JKS
	ssl.protocol = TLSv1.3
	ssl.provider = null
	ssl.secure.random.implementation = null
	ssl.trustmanager.algorithm = PKIX
	ssl.truststore.certificates = null
	ssl.truststore.location = null
	ssl.truststore.password = null
	ssl.truststore.type = JKS

2025-08-12T19:49:01.732+03:00  INFO 4752 --- [Carservice] [           main] o.a.kafka.common.utils.AppInfoParser     : Kafka version: 3.4.1
2025-08-12T19:49:01.732+03:00  INFO 4752 --- [Carservice] [           main] o.a.kafka.common.utils.AppInfoParser     : Kafka commitId: 8a516edc2755df89
2025-08-12T19:49:01.732+03:00  INFO 4752 --- [Carservice] [           main] o.a.kafka.common.utils.AppInfoParser     : Kafka startTimeMs: 1755017341731
2025-08-12T19:49:02.037+03:00  INFO 4752 --- [Carservice] [service-admin-0] o.a.kafka.common.utils.AppInfoParser     : App info kafka.admin.client for Carservice-admin-0 unregistered
2025-08-12T19:49:02.041+03:00  INFO 4752 --- [Carservice] [service-admin-0] o.apache.kafka.common.metrics.Metrics    : Metrics scheduler closed
2025-08-12T19:49:02.041+03:00  INFO 4752 --- [Carservice] [service-admin-0] o.apache.kafka.common.metrics.Metrics    : Closing reporter org.apache.kafka.common.metrics.JmxReporter
2025-08-12T19:49:02.041+03:00  INFO 4752 --- [Carservice] [service-admin-0] o.apache.kafka.common.metrics.Metrics    : Metrics reporters closed
2025-08-12T19:49:02.054+03:00  INFO 4752 --- [Carservice] [           main] o.s.b.w.embedded.tomcat.TomcatWebServer  : Tomcat started on port 8081 (http) with context path '/'
2025-08-12T19:49:02.060+03:00  INFO 4752 --- [Carservice] [           main] c.Car.Carservice.CarserviceApplication   : Started CarserviceApplication in 5.129 seconds (process running for 5.484)
2025-08-12T19:50:16.288+03:00  INFO 4752 --- [Carservice] [nio-8081-exec-1] o.a.c.c.C.[Tomcat].[localhost].[/]       : Initializing Spring DispatcherServlet 'dispatcherServlet'
2025-08-12T19:50:16.288+03:00  INFO 4752 --- [Carservice] [nio-8081-exec-1] o.s.web.servlet.DispatcherServlet        : Initializing Servlet 'dispatcherServlet'
2025-08-12T19:50:16.289+03:00  INFO 4752 --- [Carservice] [nio-8081-exec-1] o.s.web.servlet.DispatcherServlet        : Completed initialization in 1 ms
[INFO] ------------------------------------------------------------------------
[INFO] BUILD FAILURE
[INFO] ------------------------------------------------------------------------
[INFO] Total time:  07:56 min
[INFO] Finished at: 2025-08-12T19:56:47+03:00
[INFO] ------------------------------------------------------------------------
[ERROR] Failed to execute goal org.springframework.boot:spring-boot-maven-plugin:3.5.3:run (default-cli) on project Carservice: Process terminated with exit code: 1 -> [Help 1]
[ERROR] 
[ERROR] To see the full stack trace of the errors, re-run Maven with the -e switch.
[ERROR] Re-run Maven using the -X switch to enable full debug logging.
[ERROR] 
[ERROR] For more information about the errors and possible solutions, please read the following articles:
[ERROR] [Help 1] http://cwiki.apache.org/confluence/display/MAVEN/MojoExecutionException
[INFO] Scanning for projects...
[INFO] 
[INFO] -------------------------< com.Car:Carservice >-------------------------
[INFO] Building Carservice 0.0.1-SNAPSHOT
[INFO]   from pom.xml
[INFO] --------------------------------[ jar ]---------------------------------
[INFO] 
[INFO] >>> spring-boot:3.5.3:run (default-cli) > test-compile @ Carservice >>>
[INFO] 
[INFO] --- resources:3.3.1:resources (default-resources) @ Carservice ---
[INFO] Copying 1 resource from src\main\resources to target\classes
[INFO] Copying 0 resource from src\main\resources to target\classes
[INFO] 
[INFO] --- compiler:3.13.0:compile (default-compile) @ Carservice ---
[INFO] Recompiling the module because of changed source code.
[INFO] Compiling 18 source files with javac [debug parameters release 23] to target\classes
[INFO] /D:/2Kurs/MaksKiano/Carservice/src/main/java/com/Car/Carservice/Security/JwtRequestFilter.java: D:\2Kurs\MaksKiano\Carservice\src\main\java\com\Car\Carservice\Security\JwtRequestFilter.java uses or overrides a deprecated API.
[INFO] /D:/2Kurs/MaksKiano/Carservice/src/main/java/com/Car/Carservice/Security/JwtRequestFilter.java: Recompile with -Xlint:deprecation for details.
[INFO] 
[INFO] --- resources:3.3.1:testResources (default-testResources) @ Carservice ---
[INFO] skip non existing resourceDirectory D:\2Kurs\MaksKiano\Carservice\src\test\resources
[INFO] 
[INFO] --- compiler:3.13.0:testCompile (default-testCompile) @ Carservice ---
[INFO] Recompiling the module because of changed dependency.
[INFO] Compiling 1 source file with javac [debug parameters release 23] to target\test-classes
[INFO] 
[INFO] <<< spring-boot:3.5.3:run (default-cli) < test-compile @ Carservice <<<
[INFO] 
[INFO] 
[INFO] --- spring-boot:3.5.3:run (default-cli) @ Carservice ---
[INFO] Attaching agents: []

  .   ____          _            __ _ _
 /\\ / ___'_ __ _ _(_)_ __  __ _ \ \ \ \
( ( )\___ | '_ | '_| | '_ \/ _` | \ \ \ \
 \\/  ___)| |_)| | | | | || (_| |  ) ) ) )
  '  |____| .__|_| |_|_| |_\__, | / / / /
 =========|_|==============|___/=/_/_/_/

 :: Spring Boot ::                (v3.5.3)

2025-08-12T20:12:48.876+03:00  INFO 14896 --- [Carservice] [           main] c.Car.Carservice.CarserviceApplication   : Starting CarserviceApplication using Java 23 with PID 14896 (D:\2Kurs\MaksKiano\Carservice\target\classes started by semka in D:\2Kurs\MaksKiano\Carservice)
2025-08-12T20:12:48.878+03:00  INFO 14896 --- [Carservice] [           main] c.Car.Carservice.CarserviceApplication   : No active profile set, falling back to 1 default profile: "default"
2025-08-12T20:12:49.437+03:00  INFO 14896 --- [Carservice] [           main] .s.d.r.c.RepositoryConfigurationDelegate : Bootstrapping Spring Data JPA repositories in DEFAULT mode.
2025-08-12T20:12:49.485+03:00  INFO 14896 --- [Carservice] [           main] .s.d.r.c.RepositoryConfigurationDelegate : Finished Spring Data repository scanning in 41 ms. Found 3 JPA repository interfaces.
2025-08-12T20:12:49.945+03:00  INFO 14896 --- [Carservice] [           main] o.s.b.w.embedded.tomcat.TomcatWebServer  : Tomcat initialized with port 8081 (http)
2025-08-12T20:12:49.958+03:00  INFO 14896 --- [Carservice] [           main] o.apache.catalina.core.StandardService   : Starting service [Tomcat]
2025-08-12T20:12:49.958+03:00  INFO 14896 --- [Carservice] [           main] o.apache.catalina.core.StandardEngine    : Starting Servlet engine: [Apache Tomcat/10.1.42]
2025-08-12T20:12:50.004+03:00  INFO 14896 --- [Carservice] [           main] o.a.c.c.C.[Tomcat].[localhost].[/]       : Initializing Spring embedded WebApplicationContext
2025-08-12T20:12:50.005+03:00  INFO 14896 --- [Carservice] [           main] w.s.c.ServletWebServerApplicationContext : Root WebApplicationContext: initialization completed in 1079 ms
2025-08-12T20:12:50.067+03:00  INFO 14896 --- [Carservice] [           main] com.zaxxer.hikari.HikariDataSource       : HikariPool-1 - Starting...
2025-08-12T20:12:50.206+03:00  INFO 14896 --- [Carservice] [           main] com.zaxxer.hikari.pool.HikariPool        : HikariPool-1 - Added connection org.postgresql.jdbc.PgConnection@2c30c81d
2025-08-12T20:12:50.218+03:00  INFO 14896 --- [Carservice] [           main] com.zaxxer.hikari.HikariDataSource       : HikariPool-1 - Start completed.
2025-08-12T20:12:50.248+03:00  INFO 14896 --- [Carservice] [           main] o.hibernate.jpa.internal.util.LogHelper  : HHH000204: Processing PersistenceUnitInfo [name: default]
2025-08-12T20:12:50.319+03:00  INFO 14896 --- [Carservice] [           main] org.hibernate.Version                    : HHH000412: Hibernate ORM core version 6.6.18.Final
2025-08-12T20:12:50.361+03:00  INFO 14896 --- [Carservice] [           main] o.h.c.internal.RegionFactoryInitiator    : HHH000026: Second-level cache disabled
2025-08-12T20:12:50.581+03:00  INFO 14896 --- [Carservice] [           main] o.s.o.j.p.SpringPersistenceUnitInfo      : No LoadTimeWeaver setup: ignoring JPA class transformer
2025-08-12T20:12:50.657+03:00  INFO 14896 --- [Carservice] [           main] org.hibernate.orm.connections.pooling    : HHH10001005: Database info:
	Database JDBC URL [Connecting through datasource 'HikariDataSource (HikariPool-1)']
	Database driver: undefined/unknown
	Database version: 17.0
	Autocommit mode: undefined/unknown
	Isolation level: undefined/unknown
	Minimum pool size: undefined/unknown
	Maximum pool size: undefined/unknown
2025-08-12T20:12:51.435+03:00  INFO 14896 --- [Carservice] [           main] o.h.e.t.j.p.i.JtaPlatformInitiator       : HHH000489: No JTA platform available (set 'hibernate.transaction.jta.platform' to enable JTA platform integration)
2025-08-12T20:12:51.438+03:00  INFO 14896 --- [Carservice] [           main] j.LocalContainerEntityManagerFactoryBean : Initialized JPA EntityManagerFactory for persistence unit 'default'
2025-08-12T20:12:51.808+03:00  WARN 14896 --- [Carservice] [           main] JpaBaseConfiguration$JpaWebConfiguration : spring.jpa.open-in-view is enabled by default. Therefore, database queries may be performed during view rendering. Explicitly configure spring.jpa.open-in-view to disable this warning
2025-08-12T20:12:51.945+03:00  INFO 14896 --- [Carservice] [           main] r$InitializeUserDetailsManagerConfigurer : Global AuthenticationManager configured with UserDetailsService bean with name userDetailsServiceImpl
2025-08-12T20:12:52.196+03:00  INFO 14896 --- [Carservice] [           main] o.a.k.clients.admin.AdminClientConfig    : AdminClientConfig values: 
	auto.include.jmx.reporter = true
	bootstrap.servers = [localhost:9092]
	client.dns.lookup = use_all_dns_ips
	client.id = Carservice-admin-0
	connections.max.idle.ms = 300000
	default.api.timeout.ms = 60000
	metadata.max.age.ms = 300000
	metric.reporters = []
	metrics.num.samples = 2
	metrics.recording.level = INFO
	metrics.sample.window.ms = 30000
	receive.buffer.bytes = 65536
	reconnect.backoff.max.ms = 1000
	reconnect.backoff.ms = 50
	request.timeout.ms = 30000
	retries = 2147483647
	retry.backoff.ms = 100
	sasl.client.callback.handler.class = null
	sasl.jaas.config = null
	sasl.kerberos.kinit.cmd = /usr/bin/kinit
	sasl.kerberos.min.time.before.relogin = 60000
	sasl.kerberos.service.name = null
	sasl.kerberos.ticket.renew.jitter = 0.05
	sasl.kerberos.ticket.renew.window.factor = 0.8
	sasl.login.callback.handler.class = null
	sasl.login.class = null
	sasl.login.connect.timeout.ms = null
	sasl.login.read.timeout.ms = null
	sasl.login.refresh.buffer.seconds = 300
	sasl.login.refresh.min.period.seconds = 60
	sasl.login.refresh.window.factor = 0.8
	sasl.login.refresh.window.jitter = 0.05
	sasl.login.retry.backoff.max.ms = 10000
	sasl.login.retry.backoff.ms = 100
	sasl.mechanism = GSSAPI
	sasl.oauthbearer.clock.skew.seconds = 30
	sasl.oauthbearer.expected.audience = null
	sasl.oauthbearer.expected.issuer = null
	sasl.oauthbearer.jwks.endpoint.refresh.ms = 3600000
	sasl.oauthbearer.jwks.endpoint.retry.backoff.max.ms = 10000
	sasl.oauthbearer.jwks.endpoint.retry.backoff.ms = 100
	sasl.oauthbearer.jwks.endpoint.url = null
	sasl.oauthbearer.scope.claim.name = scope
	sasl.oauthbearer.sub.claim.name = sub
	sasl.oauthbearer.token.endpoint.url = null
	security.protocol = PLAINTEXT
	security.providers = null
	send.buffer.bytes = 131072
	socket.connection.setup.timeout.max.ms = 30000
	socket.connection.setup.timeout.ms = 10000
	ssl.cipher.suites = null
	ssl.enabled.protocols = [TLSv1.2, TLSv1.3]
	ssl.endpoint.identification.algorithm = https
	ssl.engine.factory.class = null
	ssl.key.password = null
	ssl.keymanager.algorithm = SunX509
	ssl.keystore.certificate.chain = null
	ssl.keystore.key = null
	ssl.keystore.location = null
	ssl.keystore.password = null
	ssl.keystore.type = JKS
	ssl.protocol = TLSv1.3
	ssl.provider = null
	ssl.secure.random.implementation = null
	ssl.trustmanager.algorithm = PKIX
	ssl.truststore.certificates = null
	ssl.truststore.location = null
	ssl.truststore.password = null
	ssl.truststore.type = JKS

2025-08-12T20:12:52.311+03:00  INFO 14896 --- [Carservice] [           main] o.a.kafka.common.utils.AppInfoParser     : Kafka version: 3.4.1
2025-08-12T20:12:52.311+03:00  INFO 14896 --- [Carservice] [           main] o.a.kafka.common.utils.AppInfoParser     : Kafka commitId: 8a516edc2755df89
2025-08-12T20:12:52.311+03:00  INFO 14896 --- [Carservice] [           main] o.a.kafka.common.utils.AppInfoParser     : Kafka startTimeMs: 1755018772310
2025-08-12T20:12:52.568+03:00  INFO 14896 --- [Carservice] [service-admin-0] o.a.kafka.common.utils.AppInfoParser     : App info kafka.admin.client for Carservice-admin-0 unregistered
2025-08-12T20:12:52.571+03:00  INFO 14896 --- [Carservice] [service-admin-0] o.apache.kafka.common.metrics.Metrics    : Metrics scheduler closed
2025-08-12T20:12:52.572+03:00  INFO 14896 --- [Carservice] [service-admin-0] o.apache.kafka.common.metrics.Metrics    : Closing reporter org.apache.kafka.common.metrics.JmxReporter
2025-08-12T20:12:52.572+03:00  INFO 14896 --- [Carservice] [service-admin-0] o.apache.kafka.common.metrics.Metrics    : Metrics reporters closed
2025-08-12T20:12:52.582+03:00  INFO 14896 --- [Carservice] [           main] o.s.b.w.embedded.tomcat.TomcatWebServer  : Tomcat started on port 8081 (http) with context path '/'
2025-08-12T20:12:52.588+03:00  INFO 14896 --- [Carservice] [           main] c.Car.Carservice.CarserviceApplication   : Started CarserviceApplication in 4.043 seconds (process running for 4.338)
2025-08-12T20:13:49.683+03:00  INFO 14896 --- [Carservice] [nio-8081-exec-1] o.a.c.c.C.[Tomcat].[localhost].[/]       : Initializing Spring DispatcherServlet 'dispatcherServlet'
2025-08-12T20:13:49.683+03:00  INFO 14896 --- [Carservice] [nio-8081-exec-1] o.s.web.servlet.DispatcherServlet        : Initializing Servlet 'dispatcherServlet'
2025-08-12T20:13:49.684+03:00  INFO 14896 --- [Carservice] [nio-8081-exec-1] o.s.web.servlet.DispatcherServlet        : Completed initialization in 1 ms
[INFO] ------------------------------------------------------------------------
[INFO] BUILD FAILURE
[INFO] ------------------------------------------------------------------------
[INFO] Total time:  11:21 min
[INFO] Finished at: 2025-08-12T20:24:05+03:00
[INFO] ------------------------------------------------------------------------
[ERROR] Failed to execute goal org.springframework.boot:spring-boot-maven-plugin:3.5.3:run (default-cli) on project Carservice: Process terminated with exit code: 1 -> [Help 1]
[ERROR] 
[ERROR] To see the full stack trace of the errors, re-run Maven with the -e switch.
[ERROR] Re-run Maven using the -X switch to enable full debug logging.
[ERROR] 
[ERROR] For more information about the errors and possible solutions, please read the following articles:
[ERROR] [Help 1] http://cwiki.apache.org/confluence/display/MAVEN/MojoExecutionException
[INFO] Scanning for projects...
[INFO] 
[INFO] -------------------------< com.Car:Carservice >-------------------------
[INFO] Building Carservice 0.0.1-SNAPSHOT
[INFO]   from pom.xml
[INFO] --------------------------------[ jar ]---------------------------------
[INFO] 
[INFO] >>> spring-boot:3.5.3:run (default-cli) > test-compile @ Carservice >>>
[INFO] 
[INFO] --- resources:3.3.1:resources (default-resources) @ Carservice ---
[INFO] Copying 1 resource from src\main\resources to target\classes
[INFO] Copying 0 resource from src\main\resources to target\classes
[INFO] 
[INFO] --- compiler:3.13.0:compile (default-compile) @ Carservice ---
[INFO] Recompiling the module because of changed source code.
[INFO] Compiling 18 source files with javac [debug parameters release 23] to target\classes
[INFO] /D:/2Kurs/MaksKiano/Carservice/src/main/java/com/Car/Carservice/Security/JwtRequestFilter.java: D:\2Kurs\MaksKiano\Carservice\src\main\java\com\Car\Carservice\Security\JwtRequestFilter.java uses or overrides a deprecated API.
[INFO] /D:/2Kurs/MaksKiano/Carservice/src/main/java/com/Car/Carservice/Security/JwtRequestFilter.java: Recompile with -Xlint:deprecation for details.
[INFO] 
[INFO] --- resources:3.3.1:testResources (default-testResources) @ Carservice ---
[INFO] skip non existing resourceDirectory D:\2Kurs\MaksKiano\Carservice\src\test\resources
[INFO] 
[INFO] --- compiler:3.13.0:testCompile (default-testCompile) @ Carservice ---
[INFO] Recompiling the module because of changed dependency.
[INFO] Compiling 1 source file with javac [debug parameters release 23] to target\test-classes
[INFO] 
[INFO] <<< spring-boot:3.5.3:run (default-cli) < test-compile @ Carservice <<<
[INFO] 
[INFO] 
[INFO] --- spring-boot:3.5.3:run (default-cli) @ Carservice ---
[INFO] Attaching agents: []

  .   ____          _            __ _ _
 /\\ / ___'_ __ _ _(_)_ __  __ _ \ \ \ \
( ( )\___ | '_ | '_| | '_ \/ _` | \ \ \ \
 \\/  ___)| |_)| | | | | || (_| |  ) ) ) )
  '  |____| .__|_| |_|_| |_\__, | / / / /
 =========|_|==============|___/=/_/_/_/

 :: Spring Boot ::                (v3.5.3)

2025-08-12T20:33:03.579+03:00  INFO 24568 --- [Carservice] [           main] c.Car.Carservice.CarserviceApplication   : Starting CarserviceApplication using Java 23 with PID 24568 (D:\2Kurs\MaksKiano\Carservice\target\classes started by semka in D:\2Kurs\MaksKiano\Carservice)
2025-08-12T20:33:03.581+03:00  INFO 24568 --- [Carservice] [           main] c.Car.Carservice.CarserviceApplication   : No active profile set, falling back to 1 default profile: "default"
2025-08-12T20:33:04.162+03:00  INFO 24568 --- [Carservice] [           main] .s.d.r.c.RepositoryConfigurationDelegate : Bootstrapping Spring Data JPA repositories in DEFAULT mode.
2025-08-12T20:33:04.212+03:00  INFO 24568 --- [Carservice] [           main] .s.d.r.c.RepositoryConfigurationDelegate : Finished Spring Data repository scanning in 43 ms. Found 3 JPA repository interfaces.
2025-08-12T20:33:04.785+03:00  INFO 24568 --- [Carservice] [           main] o.s.b.w.embedded.tomcat.TomcatWebServer  : Tomcat initialized with port 8081 (http)
2025-08-12T20:33:04.801+03:00  INFO 24568 --- [Carservice] [           main] o.apache.catalina.core.StandardService   : Starting service [Tomcat]
2025-08-12T20:33:04.801+03:00  INFO 24568 --- [Carservice] [           main] o.apache.catalina.core.StandardEngine    : Starting Servlet engine: [Apache Tomcat/10.1.42]
2025-08-12T20:33:04.859+03:00  INFO 24568 --- [Carservice] [           main] o.a.c.c.C.[Tomcat].[localhost].[/]       : Initializing Spring embedded WebApplicationContext
2025-08-12T20:33:04.860+03:00  INFO 24568 --- [Carservice] [           main] w.s.c.ServletWebServerApplicationContext : Root WebApplicationContext: initialization completed in 1235 ms
2025-08-12T20:33:04.961+03:00  INFO 24568 --- [Carservice] [           main] com.zaxxer.hikari.HikariDataSource       : HikariPool-1 - Starting...
2025-08-12T20:33:05.167+03:00  INFO 24568 --- [Carservice] [           main] com.zaxxer.hikari.pool.HikariPool        : HikariPool-1 - Added connection org.postgresql.jdbc.PgConnection@3c19592c
2025-08-12T20:33:05.169+03:00  INFO 24568 --- [Carservice] [           main] com.zaxxer.hikari.HikariDataSource       : HikariPool-1 - Start completed.
2025-08-12T20:33:05.203+03:00  INFO 24568 --- [Carservice] [           main] o.hibernate.jpa.internal.util.LogHelper  : HHH000204: Processing PersistenceUnitInfo [name: default]
2025-08-12T20:33:05.259+03:00  INFO 24568 --- [Carservice] [           main] org.hibernate.Version                    : HHH000412: Hibernate ORM core version 6.6.18.Final
2025-08-12T20:33:05.309+03:00  INFO 24568 --- [Carservice] [           main] o.h.c.internal.RegionFactoryInitiator    : HHH000026: Second-level cache disabled
2025-08-12T20:33:05.615+03:00  INFO 24568 --- [Carservice] [           main] o.s.o.j.p.SpringPersistenceUnitInfo      : No LoadTimeWeaver setup: ignoring JPA class transformer
2025-08-12T20:33:05.693+03:00  INFO 24568 --- [Carservice] [           main] org.hibernate.orm.connections.pooling    : HHH10001005: Database info:
	Database JDBC URL [Connecting through datasource 'HikariDataSource (HikariPool-1)']
	Database driver: undefined/unknown
	Database version: 17.0
	Autocommit mode: undefined/unknown
	Isolation level: undefined/unknown
	Minimum pool size: undefined/unknown
	Maximum pool size: undefined/unknown
2025-08-12T20:33:06.436+03:00  INFO 24568 --- [Carservice] [           main] o.h.e.t.j.p.i.JtaPlatformInitiator       : HHH000489: No JTA platform available (set 'hibernate.transaction.jta.platform' to enable JTA platform integration)
2025-08-12T20:33:06.438+03:00  INFO 24568 --- [Carservice] [           main] j.LocalContainerEntityManagerFactoryBean : Initialized JPA EntityManagerFactory for persistence unit 'default'
2025-08-12T20:33:06.809+03:00  WARN 24568 --- [Carservice] [           main] JpaBaseConfiguration$JpaWebConfiguration : spring.jpa.open-in-view is enabled by default. Therefore, database queries may be performed during view rendering. Explicitly configure spring.jpa.open-in-view to disable this warning
2025-08-12T20:33:06.944+03:00  INFO 24568 --- [Carservice] [           main] r$InitializeUserDetailsManagerConfigurer : Global AuthenticationManager configured with UserDetailsService bean with name userDetailsServiceImpl
2025-08-12T20:33:07.195+03:00  INFO 24568 --- [Carservice] [           main] o.a.k.clients.admin.AdminClientConfig    : AdminClientConfig values: 
	auto.include.jmx.reporter = true
	bootstrap.servers = [localhost:9092]
	client.dns.lookup = use_all_dns_ips
	client.id = Carservice-admin-0
	connections.max.idle.ms = 300000
	default.api.timeout.ms = 60000
	metadata.max.age.ms = 300000
	metric.reporters = []
	metrics.num.samples = 2
	metrics.recording.level = INFO
	metrics.sample.window.ms = 30000
	receive.buffer.bytes = 65536
	reconnect.backoff.max.ms = 1000
	reconnect.backoff.ms = 50
	request.timeout.ms = 30000
	retries = 2147483647
	retry.backoff.ms = 100
	sasl.client.callback.handler.class = null
	sasl.jaas.config = null
	sasl.kerberos.kinit.cmd = /usr/bin/kinit
	sasl.kerberos.min.time.before.relogin = 60000
	sasl.kerberos.service.name = null
	sasl.kerberos.ticket.renew.jitter = 0.05
	sasl.kerberos.ticket.renew.window.factor = 0.8
	sasl.login.callback.handler.class = null
	sasl.login.class = null
	sasl.login.connect.timeout.ms = null
	sasl.login.read.timeout.ms = null
	sasl.login.refresh.buffer.seconds = 300
	sasl.login.refresh.min.period.seconds = 60
	sasl.login.refresh.window.factor = 0.8
	sasl.login.refresh.window.jitter = 0.05
	sasl.login.retry.backoff.max.ms = 10000
	sasl.login.retry.backoff.ms = 100
	sasl.mechanism = GSSAPI
	sasl.oauthbearer.clock.skew.seconds = 30
	sasl.oauthbearer.expected.audience = null
	sasl.oauthbearer.expected.issuer = null
	sasl.oauthbearer.jwks.endpoint.refresh.ms = 3600000
	sasl.oauthbearer.jwks.endpoint.retry.backoff.max.ms = 10000
	sasl.oauthbearer.jwks.endpoint.retry.backoff.ms = 100
	sasl.oauthbearer.jwks.endpoint.url = null
	sasl.oauthbearer.scope.claim.name = scope
	sasl.oauthbearer.sub.claim.name = sub
	sasl.oauthbearer.token.endpoint.url = null
	security.protocol = PLAINTEXT
	security.providers = null
	send.buffer.bytes = 131072
	socket.connection.setup.timeout.max.ms = 30000
	socket.connection.setup.timeout.ms = 10000
	ssl.cipher.suites = null
	ssl.enabled.protocols = [TLSv1.2, TLSv1.3]
	ssl.endpoint.identification.algorithm = https
	ssl.engine.factory.class = null
	ssl.key.password = null
	ssl.keymanager.algorithm = SunX509
	ssl.keystore.certificate.chain = null
	ssl.keystore.key = null
	ssl.keystore.location = null
	ssl.keystore.password = null
	ssl.keystore.type = JKS
	ssl.protocol = TLSv1.3
	ssl.provider = null
	ssl.secure.random.implementation = null
	ssl.trustmanager.algorithm = PKIX
	ssl.truststore.certificates = null
	ssl.truststore.location = null
	ssl.truststore.password = null
	ssl.truststore.type = JKS

2025-08-12T20:33:07.311+03:00  INFO 24568 --- [Carservice] [           main] o.a.kafka.common.utils.AppInfoParser     : Kafka version: 3.4.1
2025-08-12T20:33:07.311+03:00  INFO 24568 --- [Carservice] [           main] o.a.kafka.common.utils.AppInfoParser     : Kafka commitId: 8a516edc2755df89
2025-08-12T20:33:07.311+03:00  INFO 24568 --- [Carservice] [           main] o.a.kafka.common.utils.AppInfoParser     : Kafka startTimeMs: 1755019987310
2025-08-12T20:33:07.573+03:00  INFO 24568 --- [Carservice] [service-admin-0] o.a.kafka.common.utils.AppInfoParser     : App info kafka.admin.client for Carservice-admin-0 unregistered
2025-08-12T20:33:07.576+03:00  INFO 24568 --- [Carservice] [service-admin-0] o.apache.kafka.common.metrics.Metrics    : Metrics scheduler closed
2025-08-12T20:33:07.576+03:00  INFO 24568 --- [Carservice] [service-admin-0] o.apache.kafka.common.metrics.Metrics    : Closing reporter org.apache.kafka.common.metrics.JmxReporter
2025-08-12T20:33:07.576+03:00  INFO 24568 --- [Carservice] [service-admin-0] o.apache.kafka.common.metrics.Metrics    : Metrics reporters closed
2025-08-12T20:33:07.587+03:00  INFO 24568 --- [Carservice] [           main] o.s.b.w.embedded.tomcat.TomcatWebServer  : Tomcat started on port 8081 (http) with context path '/'
2025-08-12T20:33:07.593+03:00  INFO 24568 --- [Carservice] [           main] c.Car.Carservice.CarserviceApplication   : Started CarserviceApplication in 4.388 seconds (process running for 4.694)
2025-08-12T20:38:53.293+03:00  INFO 24568 --- [Carservice] [nio-8081-exec-2] o.a.c.c.C.[Tomcat].[localhost].[/]       : Initializing Spring DispatcherServlet 'dispatcherServlet'
2025-08-12T20:38:53.296+03:00  INFO 24568 --- [Carservice] [nio-8081-exec-2] o.s.web.servlet.DispatcherServlet        : Initializing Servlet 'dispatcherServlet'
2025-08-12T20:38:53.308+03:00  INFO 24568 --- [Carservice] [nio-8081-exec-2] o.s.web.servlet.DispatcherServlet        : Completed initialization in 11 ms
[INFO] ------------------------------------------------------------------------
[INFO] BUILD FAILURE
[INFO] ------------------------------------------------------------------------
[INFO] Total time:  10:35 min
[INFO] Finished at: 2025-08-12T20:43:33+03:00
[INFO] ------------------------------------------------------------------------
[ERROR] Failed to execute goal org.springframework.boot:spring-boot-maven-plugin:3.5.3:run (default-cli) on project Carservice: Process terminated with exit code: 1 -> [Help 1]
[ERROR] 
[ERROR] To see the full stack trace of the errors, re-run Maven with the -e switch.
[ERROR] Re-run Maven using the -X switch to enable full debug logging.
[ERROR] 
[ERROR] For more information about the errors and possible solutions, please read the following articles:
[ERROR] [Help 1] http://cwiki.apache.org/confluence/display/MAVEN/MojoExecutionException
[INFO] Scanning for projects...
[INFO] 
[INFO] -------------------------< com.Car:Carservice >-------------------------
[INFO] Building Carservice 0.0.1-SNAPSHOT
[INFO]   from pom.xml
[INFO] --------------------------------[ jar ]---------------------------------
[INFO] 
[INFO] >>> spring-boot:3.5.3:run (default-cli) > test-compile @ Carservice >>>
[INFO] 
[INFO] --- resources:3.3.1:resources (default-resources) @ Carservice ---
[INFO] Copying 1 resource from src\main\resources to target\classes
[INFO] Copying 0 resource from src\main\resources to target\classes
[INFO] 
[INFO] --- compiler:3.13.0:compile (default-compile) @ Carservice ---
[INFO] Recompiling the module because of changed source code.
[INFO] Compiling 18 source files with javac [debug parameters release 23] to target\classes
[INFO] /D:/2Kurs/MaksKiano/Carservice/src/main/java/com/Car/Carservice/Security/JwtRequestFilter.java: D:\2Kurs\MaksKiano\Carservice\src\main\java\com\Car\Carservice\Security\JwtRequestFilter.java uses or overrides a deprecated API.
[INFO] /D:/2Kurs/MaksKiano/Carservice/src/main/java/com/Car/Carservice/Security/JwtRequestFilter.java: Recompile with -Xlint:deprecation for details.
[INFO] 
[INFO] --- resources:3.3.1:testResources (default-testResources) @ Carservice ---
[INFO] skip non existing resourceDirectory D:\2Kurs\MaksKiano\Carservice\src\test\resources
[INFO] 
[INFO] --- compiler:3.13.0:testCompile (default-testCompile) @ Carservice ---
[INFO] Recompiling the module because of changed dependency.
[INFO] Compiling 1 source file with javac [debug parameters release 23] to target\test-classes
[INFO] 
[INFO] <<< spring-boot:3.5.3:run (default-cli) < test-compile @ Carservice <<<
[INFO] 
[INFO] 
[INFO] --- spring-boot:3.5.3:run (default-cli) @ Carservice ---
[INFO] Attaching agents: []

  .   ____          _            __ _ _
 /\\ / ___'_ __ _ _(_)_ __  __ _ \ \ \ \
( ( )\___ | '_ | '_| | '_ \/ _` | \ \ \ \
 \\/  ___)| |_)| | | | | || (_| |  ) ) ) )
  '  |____| .__|_| |_|_| |_\__, | / / / /
 =========|_|==============|___/=/_/_/_/

 :: Spring Boot ::                (v3.5.3)

2025-08-12T20:51:03.326+03:00  INFO 2688 --- [Carservice] [           main] c.Car.Carservice.CarserviceApplication   : Starting CarserviceApplication using Java 23 with PID 2688 (D:\2Kurs\MaksKiano\Carservice\target\classes started by semka in D:\2Kurs\MaksKiano\Carservice)
2025-08-12T20:51:03.328+03:00  INFO 2688 --- [Carservice] [           main] c.Car.Carservice.CarserviceApplication   : No active profile set, falling back to 1 default profile: "default"
2025-08-12T20:51:03.918+03:00  INFO 2688 --- [Carservice] [           main] .s.d.r.c.RepositoryConfigurationDelegate : Bootstrapping Spring Data JPA repositories in DEFAULT mode.
2025-08-12T20:51:03.967+03:00  INFO 2688 --- [Carservice] [           main] .s.d.r.c.RepositoryConfigurationDelegate : Finished Spring Data repository scanning in 42 ms. Found 3 JPA repository interfaces.
2025-08-12T20:51:04.429+03:00  INFO 2688 --- [Carservice] [           main] o.s.b.w.embedded.tomcat.TomcatWebServer  : Tomcat initialized with port 8081 (http)
2025-08-12T20:51:04.442+03:00  INFO 2688 --- [Carservice] [           main] o.apache.catalina.core.StandardService   : Starting service [Tomcat]
2025-08-12T20:51:04.442+03:00  INFO 2688 --- [Carservice] [           main] o.apache.catalina.core.StandardEngine    : Starting Servlet engine: [Apache Tomcat/10.1.42]
2025-08-12T20:51:04.490+03:00  INFO 2688 --- [Carservice] [           main] o.a.c.c.C.[Tomcat].[localhost].[/]       : Initializing Spring embedded WebApplicationContext
2025-08-12T20:51:04.491+03:00  INFO 2688 --- [Carservice] [           main] w.s.c.ServletWebServerApplicationContext : Root WebApplicationContext: initialization completed in 1118 ms
2025-08-12T20:51:04.562+03:00  INFO 2688 --- [Carservice] [           main] com.zaxxer.hikari.HikariDataSource       : HikariPool-1 - Starting...
2025-08-12T20:51:04.820+03:00  INFO 2688 --- [Carservice] [           main] com.zaxxer.hikari.pool.HikariPool        : HikariPool-1 - Added connection org.postgresql.jdbc.PgConnection@172f4514
2025-08-12T20:51:04.821+03:00  INFO 2688 --- [Carservice] [           main] com.zaxxer.hikari.HikariDataSource       : HikariPool-1 - Start completed.
2025-08-12T20:51:04.853+03:00  INFO 2688 --- [Carservice] [           main] o.hibernate.jpa.internal.util.LogHelper  : HHH000204: Processing PersistenceUnitInfo [name: default]
2025-08-12T20:51:04.900+03:00  INFO 2688 --- [Carservice] [           main] org.hibernate.Version                    : HHH000412: Hibernate ORM core version 6.6.18.Final
2025-08-12T20:51:04.958+03:00  INFO 2688 --- [Carservice] [           main] o.h.c.internal.RegionFactoryInitiator    : HHH000026: Second-level cache disabled
2025-08-12T20:51:05.181+03:00  INFO 2688 --- [Carservice] [           main] o.s.o.j.p.SpringPersistenceUnitInfo      : No LoadTimeWeaver setup: ignoring JPA class transformer
2025-08-12T20:51:05.258+03:00  INFO 2688 --- [Carservice] [           main] org.hibernate.orm.connections.pooling    : HHH10001005: Database info:
	Database JDBC URL [Connecting through datasource 'HikariDataSource (HikariPool-1)']
	Database driver: undefined/unknown
	Database version: 17.0
	Autocommit mode: undefined/unknown
	Isolation level: undefined/unknown
	Minimum pool size: undefined/unknown
	Maximum pool size: undefined/unknown
2025-08-12T20:51:06.001+03:00  INFO 2688 --- [Carservice] [           main] o.h.e.t.j.p.i.JtaPlatformInitiator       : HHH000489: No JTA platform available (set 'hibernate.transaction.jta.platform' to enable JTA platform integration)
2025-08-12T20:51:06.004+03:00  INFO 2688 --- [Carservice] [           main] j.LocalContainerEntityManagerFactoryBean : Initialized JPA EntityManagerFactory for persistence unit 'default'
2025-08-12T20:51:06.373+03:00  WARN 2688 --- [Carservice] [           main] JpaBaseConfiguration$JpaWebConfiguration : spring.jpa.open-in-view is enabled by default. Therefore, database queries may be performed during view rendering. Explicitly configure spring.jpa.open-in-view to disable this warning
2025-08-12T20:51:06.512+03:00  INFO 2688 --- [Carservice] [           main] r$InitializeUserDetailsManagerConfigurer : Global AuthenticationManager configured with UserDetailsService bean with name userDetailsServiceImpl
2025-08-12T20:51:06.765+03:00  INFO 2688 --- [Carservice] [           main] o.a.k.clients.admin.AdminClientConfig    : AdminClientConfig values: 
	auto.include.jmx.reporter = true
	bootstrap.servers = [localhost:9092]
	client.dns.lookup = use_all_dns_ips
	client.id = Carservice-admin-0
	connections.max.idle.ms = 300000
	default.api.timeout.ms = 60000
	metadata.max.age.ms = 300000
	metric.reporters = []
	metrics.num.samples = 2
	metrics.recording.level = INFO
	metrics.sample.window.ms = 30000
	receive.buffer.bytes = 65536
	reconnect.backoff.max.ms = 1000
	reconnect.backoff.ms = 50
	request.timeout.ms = 30000
	retries = 2147483647
	retry.backoff.ms = 100
	sasl.client.callback.handler.class = null
	sasl.jaas.config = null
	sasl.kerberos.kinit.cmd = /usr/bin/kinit
	sasl.kerberos.min.time.before.relogin = 60000
	sasl.kerberos.service.name = null
	sasl.kerberos.ticket.renew.jitter = 0.05
	sasl.kerberos.ticket.renew.window.factor = 0.8
	sasl.login.callback.handler.class = null
	sasl.login.class = null
	sasl.login.connect.timeout.ms = null
	sasl.login.read.timeout.ms = null
	sasl.login.refresh.buffer.seconds = 300
	sasl.login.refresh.min.period.seconds = 60
	sasl.login.refresh.window.factor = 0.8
	sasl.login.refresh.window.jitter = 0.05
	sasl.login.retry.backoff.max.ms = 10000
	sasl.login.retry.backoff.ms = 100
	sasl.mechanism = GSSAPI
	sasl.oauthbearer.clock.skew.seconds = 30
	sasl.oauthbearer.expected.audience = null
	sasl.oauthbearer.expected.issuer = null
	sasl.oauthbearer.jwks.endpoint.refresh.ms = 3600000
	sasl.oauthbearer.jwks.endpoint.retry.backoff.max.ms = 10000
	sasl.oauthbearer.jwks.endpoint.retry.backoff.ms = 100
	sasl.oauthbearer.jwks.endpoint.url = null
	sasl.oauthbearer.scope.claim.name = scope
	sasl.oauthbearer.sub.claim.name = sub
	sasl.oauthbearer.token.endpoint.url = null
	security.protocol = PLAINTEXT
	security.providers = null
	send.buffer.bytes = 131072
	socket.connection.setup.timeout.max.ms = 30000
	socket.connection.setup.timeout.ms = 10000
	ssl.cipher.suites = null
	ssl.enabled.protocols = [TLSv1.2, TLSv1.3]
	ssl.endpoint.identification.algorithm = https
	ssl.engine.factory.class = null
	ssl.key.password = null
	ssl.keymanager.algorithm = SunX509
	ssl.keystore.certificate.chain = null
	ssl.keystore.key = null
	ssl.keystore.location = null
	ssl.keystore.password = null
	ssl.keystore.type = JKS
	ssl.protocol = TLSv1.3
	ssl.provider = null
	ssl.secure.random.implementation = null
	ssl.trustmanager.algorithm = PKIX
	ssl.truststore.certificates = null
	ssl.truststore.location = null
	ssl.truststore.password = null
	ssl.truststore.type = JKS

2025-08-12T20:51:06.881+03:00  INFO 2688 --- [Carservice] [           main] o.a.kafka.common.utils.AppInfoParser     : Kafka version: 3.4.1
2025-08-12T20:51:06.881+03:00  INFO 2688 --- [Carservice] [           main] o.a.kafka.common.utils.AppInfoParser     : Kafka commitId: 8a516edc2755df89
2025-08-12T20:51:06.881+03:00  INFO 2688 --- [Carservice] [           main] o.a.kafka.common.utils.AppInfoParser     : Kafka startTimeMs: 1755021066879
2025-08-12T20:51:07.139+03:00  INFO 2688 --- [Carservice] [service-admin-0] o.a.kafka.common.utils.AppInfoParser     : App info kafka.admin.client for Carservice-admin-0 unregistered
2025-08-12T20:51:07.142+03:00  INFO 2688 --- [Carservice] [service-admin-0] o.apache.kafka.common.metrics.Metrics    : Metrics scheduler closed
2025-08-12T20:51:07.142+03:00  INFO 2688 --- [Carservice] [service-admin-0] o.apache.kafka.common.metrics.Metrics    : Closing reporter org.apache.kafka.common.metrics.JmxReporter
2025-08-12T20:51:07.142+03:00  INFO 2688 --- [Carservice] [service-admin-0] o.apache.kafka.common.metrics.Metrics    : Metrics reporters closed
2025-08-12T20:51:07.152+03:00  INFO 2688 --- [Carservice] [           main] o.s.b.w.embedded.tomcat.TomcatWebServer  : Tomcat started on port 8081 (http) with context path '/'
2025-08-12T20:51:07.158+03:00  INFO 2688 --- [Carservice] [           main] c.Car.Carservice.CarserviceApplication   : Started CarserviceApplication in 4.172 seconds (process running for 4.476)
2025-08-12T20:51:54.150+03:00  INFO 2688 --- [Carservice] [nio-8081-exec-1] o.a.c.c.C.[Tomcat].[localhost].[/]       : Initializing Spring DispatcherServlet 'dispatcherServlet'
2025-08-12T20:51:54.150+03:00  INFO 2688 --- [Carservice] [nio-8081-exec-1] o.s.web.servlet.DispatcherServlet        : Initializing Servlet 'dispatcherServlet'
2025-08-12T20:51:54.151+03:00  INFO 2688 --- [Carservice] [nio-8081-exec-1] o.s.web.servlet.DispatcherServlet        : Completed initialization in 1 ms
[INFO] ------------------------------------------------------------------------
[INFO] BUILD FAILURE
[INFO] ------------------------------------------------------------------------
[INFO] Total time:  02:54 min
[INFO] Finished at: 2025-08-12T20:53:53+03:00
[INFO] ------------------------------------------------------------------------
[ERROR] Failed to execute goal org.springframework.boot:spring-boot-maven-plugin:3.5.3:run (default-cli) on project Carservice: Process terminated with exit code: 1 -> [Help 1]
[ERROR] 
[ERROR] To see the full stack trace of the errors, re-run Maven with the -e switch.
[ERROR] Re-run Maven using the -X switch to enable full debug logging.
[ERROR] 
[ERROR] For more information about the errors and possible solutions, please read the following articles:
[ERROR] [Help 1] http://cwiki.apache.org/confluence/display/MAVEN/MojoExecutionException
